date,openrecovered,closerecovered,outstandingshares
2004-08-06,10.55,12.35,25000000.0
2004-08-09,11.58,11.2,25000000.0
2004-08-10,11.05,11.38,25000000.0
2004-08-11,11.37,10.98,25000000.0
2004-08-12,10.83,10.91,25000000.0
2004-08-13,10.93,10.88,25000000.0
2004-08-16,10.78,9.79,25000000.0
2004-08-17,9.5,9.29,25000000.0
2004-08-18,9.23,8.89,25000000.0
2004-08-19,8.89,8.96,25000000.0
2004-08-20,8.96,9.02,25000000.0
2004-08-23,9.0,9.13,25000000.0
2004-08-24,9.2,9.4,25000000.0
2004-08-25,9.25,9.19,25000000.0
2004-08-26,9.2,9.02,25000000.0
2004-08-27,9.0,9.09,25000000.0
2004-08-30,8.95,9.3,25000000.0
2004-08-31,9.65,9.4,25000000.0
2004-09-01,9.3,9.09,25000000.0
2004-09-02,9.15,9.31,25000000.0
2004-09-03,9.2,9.1,25000000.0
2004-09-06,9.18,9.16,25000000.0
2004-09-07,9.16,9.23,25000000.0
2004-09-08,9.28,9.13,25000000.0
2004-09-09,9.12,9.02,25000000.0
2004-09-10,9.01,9.22,25000000.0
2004-09-13,9.2,8.78,25000000.0
2004-09-14,8.9,8.98,25000000.0
2004-09-15,8.97,9.6,25000000.0
2004-09-16,9.66,9.9,25000000.0
2004-09-17,9.93,10.21,25000000.0
2004-09-20,10.31,10.48,25000000.0
2004-09-21,10.48,10.85,25000000.0
2004-09-22,10.79,10.82,25000000.0
2004-09-23,10.7,10.78,25000000.0
2004-09-24,10.85,10.42,25000000.0
2004-09-27,10.8,10.79,25000000.0
2004-09-28,10.82,10.95,25000000.0
2004-09-29,10.95,10.95,25000000.0
2004-09-30,10.96,10.7,25000000.0
2004-10-08,10.7,11.35,25000000.0
2004-10-11,11.45,11.26,25000000.0
2004-10-12,11.15,11.3,25000000.0
2004-10-13,11.37,11.29,25000000.0
2004-10-14,11.2,10.16,25000000.0
2004-10-15,9.55,9.52,25000000.0
2004-10-18,9.5,9.7,25000000.0
2004-10-19,9.71,9.47,25000000.0
2004-10-20,9.46,9.53,25000000.0
2004-10-21,9.55,9.28,25000000.0
2004-10-22,9.24,9.59,25000000.0
2004-10-25,9.6,9.37,25000000.0
2004-10-26,9.15,9.5,25000000.0
2004-10-27,9.4,9.81,25000000.0
2004-10-28,9.82,9.61,25000000.0
2004-10-29,9.29,9.51,25000000.0
2004-11-01,9.32,9.37,25000000.0
2004-11-02,9.3,9.38,25000000.0
2004-11-03,9.5,9.73,25000000.0
2004-11-04,9.79,9.45,25000000.0
2004-11-05,9.5,9.44,25000000.0
2004-11-08,9.44,9.42,25000000.0
2004-11-09,9.42,9.62,25000000.0
2004-11-10,9.68,10.16,25000000.0
2004-11-11,10.2,9.92,25000000.0
2004-11-12,9.92,10.01,25000000.0
2004-11-15,10.0,10.25,25000000.0
2004-11-16,10.3,10.15,25000000.0
2004-11-17,10.1,10.0,25000000.0
2004-11-18,10.0,10.06,25000000.0
2004-11-19,10.1,10.05,25000000.0
2004-11-22,10.06,10.12,25000000.0
2004-11-23,10.1,9.92,25000000.0
2004-11-24,9.9,9.99,25000000.0
2004-11-25,9.93,9.86,25000000.0
2004-11-26,9.86,9.86,25000000.0
2004-11-29,9.8,9.46,25000000.0
2004-11-30,9.43,9.47,25000000.0
2004-12-01,9.5,9.38,25000000.0
2004-12-02,9.35,9.35,25000000.0
2004-12-03,9.36,9.54,25000000.0
2004-12-06,9.48,9.47,25000000.0
2004-12-07,9.47,9.35,25000000.0
2004-12-08,9.4,9.4,25000000.0
2004-12-09,9.42,9.54,25000000.0
2004-12-10,9.56,9.38,25000000.0
2004-12-13,9.41,9.3,25000000.0
2004-12-14,9.3,9.32,25000000.0
2004-12-15,9.32,9.35,25000000.0
2004-12-16,9.38,9.22,25000000.0
2004-12-17,9.2,9.01,25000000.0
2004-12-20,8.95,8.96,25000000.0
2004-12-21,9.05,9.1,25000000.0
2004-12-22,9.09,9.28,25000000.0
2004-12-23,9.38,9.03,25000000.0
2004-12-24,9.01,9.05,25000000.0
2004-12-27,9.0,9.13,25000000.0
2004-12-28,9.18,9.14,25000000.0
2004-12-29,9.22,9.0,25000000.0
2004-12-30,9.15,9.04,25000000.0
2004-12-31,9.05,9.2,25000000.0
2005-01-04,9.05,8.97,25000000.0
2005-01-05,8.91,9.08,25000000.0
2005-01-06,9.09,8.97,25000000.0
2005-01-07,8.97,8.92,25000000.0
2005-01-10,8.91,8.98,25000000.0
2005-01-11,8.95,8.98,25000000.0
2005-01-12,8.98,8.9,25000000.0
2005-01-13,8.86,8.84,25000000.0
2005-01-14,8.76,8.8,25000000.0
2005-01-17,8.53,8.4,25000000.0
2005-01-18,8.4,8.57,25000000.0
2005-01-19,8.45,8.5,25000000.0
2005-01-20,8.3,8.38,25000000.0
2005-01-21,8.17,8.57,25000000.0
2005-01-24,8.8,8.72,25000000.0
2005-01-25,8.39,8.39,25000000.0
2005-01-26,8.28,8.24,25000000.0
2005-01-27,8.39,8.18,25000000.0
2005-01-28,8.18,7.92,25000000.0
2005-01-31,7.8,7.58,25000000.0
2005-02-01,7.57,7.53,25000000.0
2005-02-02,7.53,7.98,25000000.0
2005-02-03,7.88,7.69,25000000.0
2005-02-04,7.7,7.9,25000000.0
2005-02-16,8.0,7.93,25000000.0
2005-02-17,7.97,7.93,25000000.0
2005-02-18,7.95,7.86,25000000.0
2005-02-21,7.85,8.0,25000000.0
2005-02-22,7.96,8.55,25000000.0
2005-02-23,8.47,8.58,25000000.0
2005-02-24,8.51,8.49,25000000.0
2005-02-25,8.42,8.46,25000000.0
2005-02-28,8.4,8.55,25000000.0
2005-03-01,8.5,8.44,25000000.0
2005-03-02,8.44,8.31,25000000.0
2005-03-03,8.41,8.4,25000000.0
2005-03-04,8.4,8.26,25000000.0
2005-03-07,8.34,8.22,25000000.0
2005-03-08,8.22,8.38,25000000.0
2005-03-09,8.41,8.6,25000000.0
2005-03-10,8.6,8.29,25000000.0
2005-03-11,8.29,8.31,25000000.0
2005-03-14,8.35,8.15,25000000.0
2005-03-15,8.14,7.88,25000000.0
2005-03-16,7.9,7.82,25000000.0
2005-03-17,7.8,7.71,25000000.0
2005-03-18,7.64,7.57,25000000.0
2005-03-21,7.53,7.9,25000000.0
2005-03-22,7.86,7.75,25000000.0
2005-03-23,7.76,8.0,25000000.0
2005-03-24,8.0,8.44,25000000.0
2005-03-25,8.43,8.32,25000000.0
2005-03-28,8.31,8.48,25000000.0
2005-03-29,8.47,8.2,25000000.0
2005-03-30,8.19,7.75,25000000.0
2005-03-31,7.7,7.85,25000000.0
2005-04-01,7.85,8.3,25000000.0
2005-04-04,8.28,8.59,25000000.0
2005-04-05,8.49,8.45,25000000.0
2005-04-06,8.41,8.87,25000000.0
2005-04-07,8.88,8.87,25000000.0
2005-04-08,8.85,8.93,25000000.0
2005-04-11,8.99,9.22,25000000.0
2005-04-12,9.18,9.15,25000000.0
2005-04-13,9.25,9.15,25000000.0
2005-04-14,9.15,9.4,25000000.0
2005-04-15,9.25,9.03,25000000.0
2005-04-18,8.99,8.95,25000000.0
2005-04-19,8.99,9.2,25000000.0
2005-04-20,9.18,9.14,25000000.0
2005-04-21,9.16,9.0,25000000.0
2005-04-22,8.85,8.58,25000000.0
2005-04-25,8.48,8.8,25000000.0
2005-04-26,8.8,8.88,25000000.0
2005-04-27,8.95,8.61,25000000.0
2005-04-28,8.48,8.82,25000000.0
2005-04-29,8.82,8.82,25000000.0
2005-05-09,9.01,8.71,25000000.0
2005-05-10,8.66,9.1,25000000.0
2005-05-11,8.99,8.94,25000000.0
2005-05-12,8.93,9.08,25000000.0
2005-05-13,9.0,9.03,25000000.0
2005-05-16,8.9,8.83,25000000.0
2005-05-17,8.81,8.82,25000000.0
2005-05-18,8.82,8.66,25000000.0
2005-05-19,8.8,8.84,25000000.0
2005-05-20,8.83,8.91,25000000.0
2005-05-23,8.7,8.15,25000000.0
2005-05-24,8.0,8.26,25000000.0
2005-05-25,8.29,8.08,25000000.0
2005-05-26,7.7753433,7.6693761,32500000.0
2005-05-27,7.550163,7.5236712,32500000.0
2005-05-30,7.2455073,7.6561302,32500000.0
2005-05-31,7.6561302,7.6163925,32500000.0
2005-06-01,7.5766548,7.6163925,32500000.0
2005-06-02,7.6031466,7.4971794,32500000.0
2005-06-03,7.4971794,7.6296384,32500000.0
2005-06-06,7.3912122,7.7885892,32500000.0
2005-06-07,7.815081,7.94754,32500000.0
2005-06-08,7.8945564,8.742294,32500000.0
2005-06-09,8.6628186,9.1131792,32500000.0
2005-06-10,9.0999333,9.1131792,32500000.0
2005-06-13,9.1131792,9.2191464,32500000.0
2005-06-14,9.2191464,8.9409825,32500000.0
2005-06-15,8.9277366,8.7025563,32500000.0
2005-06-16,8.6495727,9.2323923,32500000.0
2005-06-17,9.2059005,9.1926546,32500000.0
2005-06-20,9.1926546,9.1926546,32500000.0
2005-06-21,9.1926546,9.1926546,32500000.0
2005-06-22,9.1926546,9.1926546,32500000.0
2005-06-23,9.1926546,9.1926546,32500000.0
2005-06-24,9.1926546,9.1926546,32500000.0
2005-06-27,9.1926546,9.1926546,32500000.0
2005-06-28,9.1926546,9.1926546,32500000.0
2005-06-29,9.1926546,9.1926546,32500000.0
2005-06-30,10.1066217,9.5502939,32500000.0
2005-07-01,9.2323923,9.4575726,32500000.0
2005-07-04,9.4840644,9.6430152,32500000.0
2005-07-05,9.6430152,9.6827529,32500000.0
2005-07-06,9.6032775,9.4575726,32500000.0
2005-07-07,9.4708185,9.4708185,32500000.0
2005-07-08,9.4708185,9.4178349,32500000.0
2005-07-11,9.537048,9.27213,32500000.0
2005-07-12,9.1661628,9.6297693,32500000.0
2005-07-13,9.5635398,9.2588841,32500000.0
2005-07-14,9.27213,9.8549496,32500000.0
2005-07-15,9.8284578,9.6032775,32500000.0
2005-07-18,9.6032775,9.6032775,32500000.0
2005-07-19,9.6032775,9.6032775,32500000.0
2005-07-20,9.6032775,9.6032775,32500000.0
2005-07-21,9.6032775,9.6032775,32500000.0
2005-07-22,9.6032775,9.6032775,32500000.0
2005-07-25,9.6032775,9.6032775,32500000.0
2005-07-26,9.6032775,9.6032775,32500000.0
2005-07-27,9.6032775,9.6032775,32500000.0
2005-07-28,9.6032775,9.6032775,32500000.0
2005-07-29,9.6032775,9.6032775,32500000.0
2005-08-01,9.6032775,9.6032775,32500000.0
2005-08-02,9.6032775,9.6032775,32500000.0
2005-08-03,9.6032775,9.6032775,32500000.0
2005-08-04,9.6032775,9.6032775,32500000.0
2005-08-05,9.6032775,9.6032775,32500000.0
2005-08-08,9.6032775,9.6032775,32500000.0
2005-08-09,11.60605758,10.79673309,42246620.0
2005-08-10,10.72785441,11.8815723,42246620.0
2005-08-11,12.053769,12.01932966,42246620.0
2005-08-12,12.01932966,12.26040504,42246620.0
2005-08-15,12.13986735,12.50148042,42246620.0
2005-08-16,12.51870009,12.01932966,42246620.0
2005-08-17,11.8815723,11.84713296,42246620.0
2005-08-18,11.96767065,11.57161824,42246620.0
2005-08-19,11.34776253,11.17556583,42246620.0
2005-08-22,11.17556583,11.05502814,42246620.0
2005-08-23,11.03780847,11.38220187,42246620.0
2005-08-24,11.41664121,11.41664121,42246620.0
2005-08-25,11.41664121,11.1927855,42246620.0
2005-08-26,11.1927855,11.0205888,42246620.0
2005-08-29,10.8483921,10.98614946,42246620.0
2005-08-30,10.98614946,11.26166418,42246620.0
2005-08-31,11.22722484,11.38220187,42246620.0
2005-09-01,11.39942154,11.50273956,42246620.0
2005-09-02,11.62327725,11.41664121,42246620.0
2005-09-05,11.43386088,11.51995923,42246620.0
2005-09-06,11.60605758,11.12390682,42246620.0
2005-09-07,11.17556583,11.33054286,42246620.0
2005-09-08,11.38220187,11.48551989,42246620.0
2005-09-09,11.41664121,11.21000517,42246620.0
2005-09-12,11.1927855,11.21000517,42246620.0
2005-09-13,11.24444451,11.46830022,42246620.0
2005-09-14,11.48551989,11.45108055,42246620.0
2005-09-15,11.45108055,11.38220187,42246620.0
2005-09-16,11.43386088,11.31332319,42246620.0
2005-09-19,11.38220187,11.67493626,42246620.0
2005-09-20,11.76103461,11.98489032,42246620.0
2005-09-21,11.98489032,11.51995923,42246620.0
2005-09-22,11.46830022,11.00336913,42246620.0
2005-09-23,11.03780847,11.05502814,42246620.0
2005-09-26,11.08946748,11.22722484,42246620.0
2005-09-27,10.93449045,10.93449045,42246620.0
2005-09-28,10.95171012,10.93449045,42246620.0
2005-09-29,10.93449045,10.98614946,42246620.0
2005-09-30,10.98614946,11.05502814,42246620.0
2005-10-10,11.03780847,10.74507408,42246620.0
2005-10-11,10.69341507,10.91727078,42246620.0
2005-10-12,10.88283144,11.05502814,42246620.0
2005-10-13,11.05502814,10.91727078,42246620.0
2005-10-14,10.8483921,10.77951342,42246620.0
2005-10-17,10.83117243,10.31458233,42246620.0
2005-10-18,10.28014299,10.331802,42246620.0
2005-10-19,10.34902167,9.83243157,42246620.0
2005-10-20,9.79799223,10.1596053,42246620.0
2005-10-21,10.09072662,10.07350695,42246620.0
2005-10-24,9.78077256,9.90131025,42246620.0
2005-10-25,9.83243157,9.60857586,42246620.0
2005-10-26,9.60857586,9.43637916,42246620.0
2005-10-27,9.40193982,9.45359883,42246620.0
2005-10-28,9.43637916,9.2986218,42246620.0
2005-10-31,9.2986218,9.4708185,42246620.0
2005-11-01,9.48803817,9.55691685,42246620.0
2005-11-02,9.57413652,9.86687091,42246620.0
2005-11-03,9.86687091,9.67745454,42246620.0
2005-11-04,9.67745454,9.84965124,42246620.0
2005-11-07,9.90131025,9.86687091,42246620.0
2005-11-08,9.8152119,10.331802,42246620.0
2005-11-09,10.46955936,10.41790035,42246620.0
2005-11-10,10.36624134,10.1596053,42246620.0
2005-11-11,10.1596053,10.00462827,42246620.0
2005-11-14,9.86687091,10.03906761,42246620.0
2005-11-15,9.91852992,10.12516596,42246620.0
2005-11-16,9.95296926,10.1596053,42246620.0
2005-11-17,10.12516596,10.331802,42246620.0
2005-11-18,10.31458233,10.57287738,42246620.0
2005-11-21,10.62453639,10.5039987,42246620.0
2005-11-22,10.5039987,10.24570365,42246620.0
2005-11-23,10.1596053,10.38346101,42246620.0
2005-11-24,10.331802,10.45233969,42246620.0
2005-11-25,10.48677903,10.57287738,42246620.0
2005-11-28,10.46955936,10.36624134,42246620.0
2005-11-29,10.46955936,10.41790035,42246620.0
2005-11-30,10.36624134,10.83117243,42246620.0
2005-12-01,10.74507408,10.5039987,42246620.0
2005-12-02,10.46955936,10.57287738,42246620.0
2005-12-05,10.5039987,10.03906761,42246620.0
2005-12-06,9.9874086,10.03906761,42246620.0
2005-12-07,9.95296926,10.19404464,42246620.0
2005-12-08,10.09072662,10.19404464,42246620.0
2005-12-09,10.09072662,10.34902167,42246620.0
2005-12-12,10.29736266,10.26292332,42246620.0
2005-12-13,10.29736266,10.14238563,42246620.0
2005-12-14,10.28014299,10.36624134,42246620.0
2005-12-15,10.331802,10.26292332,42246620.0
2005-12-16,10.21126431,10.43512002,42246620.0
2005-12-19,10.43512002,10.45233969,42246620.0
2005-12-20,10.48677903,10.60731672,42246620.0
2005-12-21,10.64175606,10.45233969,42246620.0
2005-12-22,10.43512002,10.59009705,42246620.0
2005-12-23,10.62453639,10.72785441,42246620.0
2005-12-26,10.81395276,10.8483921,42246620.0
2005-12-27,10.8483921,10.79673309,42246620.0
2005-12-28,10.77951342,10.81395276,42246620.0
2005-12-29,10.76229375,10.59009705,42246620.0
2005-12-30,10.60731672,10.5039987,42246620.0
2006-01-04,10.64175606,10.5039987,42246620.0
2006-01-05,10.5039987,10.57287738,42246620.0
2006-01-06,10.59009705,10.59009705,42246620.0
2006-01-09,10.57287738,10.77951342,42246620.0
2006-01-10,10.81395276,10.64175606,42246620.0
2006-01-11,10.52121837,10.36624134,42246620.0
2006-01-12,10.38346101,10.5039987,42246620.0
2006-01-13,10.5039987,10.65897573,42246620.0
2006-01-16,10.62453639,10.69341507,42246620.0
2006-01-17,10.71063474,10.53843804,42246620.0
2006-01-18,10.57287738,10.65897573,42246620.0
2006-01-19,10.71063474,10.60731672,42246620.0
2006-01-20,10.60731672,10.41790035,42246620.0
2006-01-23,10.41790035,10.14238563,42246620.0
2006-01-24,10.09072662,10.09072662,42246620.0
2006-01-25,9.72911355,10.00462827,42246620.0
2006-02-06,9.88409058,10.5039987,42246620.0
2006-02-07,10.41790035,10.46955936,42246620.0
2006-02-08,10.46955936,10.57287738,42246620.0
2006-02-09,10.57287738,10.34902167,42246620.0
2006-02-10,10.331802,10.331802,42246620.0
2006-02-13,10.38346101,10.26292332,42246620.0
2006-02-14,10.28014299,10.60731672,42246620.0
2006-02-15,10.60731672,10.5039987,42246620.0
2006-02-16,10.5039987,10.21126431,42246620.0
2006-02-17,10.10794629,10.03906761,42246620.0
2006-02-20,10.03906761,9.71189388,42246620.0
2006-02-21,9.74633322,9.9874086,42246620.0
2006-02-22,9.9874086,9.95296926,42246620.0
2006-02-23,9.90131025,9.6430152,42246620.0
2006-02-24,9.72911355,9.90131025,42246620.0
2006-02-27,9.93574959,9.90131025,42246620.0
2006-02-28,9.86687091,9.86687091,42246620.0
2006-03-01,9.88409058,9.95296926,42246620.0
2006-03-02,9.88409058,9.71189388,42246620.0
2006-03-03,9.62579553,10.34902167,42246620.0
2006-03-06,11.00336913,10.6761954,42246620.0
2006-03-07,10.6761954,10.6761954,42246620.0
2006-03-08,10.6761954,10.86561177,42246620.0
2006-03-09,10.93449045,11.03780847,42246620.0
2006-03-10,11.00336913,10.95171012,42246620.0
2006-03-13,10.8483921,11.0205888,42246620.0
2006-03-14,11.0205888,11.58883791,42246620.0
2006-03-15,11.5371789,11.64049692,42246620.0
2006-03-16,11.5371789,11.79547395,42246620.0
2006-03-17,11.67493626,11.58883791,42246620.0
2006-03-20,11.65771659,11.60605758,42246620.0
2006-03-21,11.60605758,11.51995923,42246620.0
2006-03-22,11.45108055,11.79547395,42246620.0
2006-03-23,11.7093756,11.74381494,42246620.0
2006-03-24,11.69215593,12.29484438,42246620.0
2006-03-27,12.24318537,12.00210999,42246620.0
2006-03-28,11.98489032,12.053769,42246620.0
2006-03-29,12.17430669,12.08820834,42246620.0
2006-03-30,12.053769,11.7093756,42246620.0
2006-03-31,11.7093756,11.95045098,42246620.0
2006-04-03,12.01932966,12.32928372,42246620.0
2006-04-04,12.32928372,12.36372306,42246620.0
2006-04-05,12.36372306,12.55313943,42246620.0
2006-04-06,12.48426075,12.26040504,42246620.0
2006-04-07,12.2259657,12.46704108,42246620.0
2006-04-10,12.48426075,12.51870009,42246620.0
2006-04-11,12.55313943,12.84587382,42246620.0
2006-04-12,12.84587382,13.22470656,42246620.0
2006-04-13,13.19026722,12.75977547,42246620.0
2006-04-14,12.89753283,13.48300161,42246620.0
2006-04-17,13.4313426,13.50022128,42246620.0
2006-04-18,13.56909996,14.05125072,42246620.0
2006-04-19,14.06847039,13.86183435,42246620.0
2006-04-20,13.86183435,13.51744095,42246620.0
2006-04-21,13.4313426,13.46578194,42246620.0
2006-04-24,13.46578194,13.15582788,42246620.0
2006-04-25,13.12138854,13.29358524,42246620.0
2006-04-26,13.84461468,14.17178841,42246620.0
2006-04-27,14.18900808,13.93071303,42246620.0
2006-04-28,13.775736,15.3255063,42246620.0
2006-05-08,15.3255063,15.3255063,42246620.0
2006-05-09,16.11761112,15.75599805,42246620.0
2006-05-10,15.80765706,16.8752766,42246620.0
2006-05-11,16.22092914,15.75599805,42246620.0
2006-05-12,15.68711937,16.03151277,42246620.0
2006-05-15,16.03151277,16.59976188,42246620.0
2006-05-16,16.59976188,15.30828663,42246620.0
2006-05-17,15.29106696,16.16927013,42246620.0
2006-05-18,16.04873244,16.5308832,42246620.0
2006-05-19,16.5308832,18.18397152,42246620.0
2006-05-22,19.25159106,19.38934842,42246620.0
2006-05-23,20.06091555,18.78665997,42246620.0
2006-05-24,18.92441733,17.96011581,42246620.0
2006-05-25,18.06343383,17.92567647,42246620.0
2006-05-26,17.87401746,18.2528502,42246620.0
2006-05-29,18.49392558,18.75222063,42246620.0
2006-05-30,18.82109931,20.62916466,42246620.0
2006-05-31,20.87024004,19.54432545,42246620.0
2006-06-01,18.90719766,20.25033192,42246620.0
2006-06-02,20.1470139,19.73374182,42246620.0
2006-06-05,19.76818116,19.87149918,42246620.0
2006-06-06,19.71652215,18.85553865,42246620.0
2006-06-07,18.7694403,16.97859462,42246620.0
2006-06-08,16.61698155,16.99581429,42246620.0
2006-06-09,16.97859462,17.5640634,42246620.0
2006-06-12,17.99455515,18.16675185,42246620.0
2006-06-13,18.2528502,17.82235845,42246620.0
2006-06-14,17.82235845,18.2528502,42246620.0
2006-06-15,18.33894855,18.5972436,42246620.0
2006-06-16,18.90719766,19.30325007,42246620.0
2006-06-19,19.44100743,19.13105337,42246620.0
2006-06-20,18.941637,19.76818116,42246620.0
2006-06-21,19.6304238,19.19993205,42246620.0
2006-06-22,19.18271238,18.85553865,42246620.0
2006-06-23,18.70056162,18.75222063,42246620.0
2006-06-26,19.01051568,19.04495502,42246620.0
2006-06-27,19.1138337,20.35364994,42246620.0
2006-06-28,20.30199093,20.35364994,42246620.0
2006-06-29,20.3710218,20.4752214,42246620.0
2006-06-30,20.492588,20.2668222,42246620.0
2006-07-03,20.3015554,20.926753,42246620.0
2006-07-04,20.926753,20.3015554,42246620.0
2006-07-05,20.0063232,20.5273212,42246620.0
2006-07-06,20.579421,21.0483192,42246620.0
2006-07-07,20.7704536,20.83992,42246620.0
2006-07-10,20.8225534,20.492588,42246620.0
2006-07-11,20.492588,20.7009872,42246620.0
2006-07-12,20.6836206,21.360918,42246620.0
2006-07-13,21.187252,20.2147224,42246620.0
2006-07-14,19.797924,21.621417,42246620.0
2006-07-17,21.3261848,22.1250484,42246620.0
2006-07-18,22.0382154,22.0208488,42246620.0
2006-07-19,21.968749,21.8645494,42246620.0
2006-07-20,21.8645494,21.8124496,42246620.0
2006-07-21,21.9166492,21.70825,42246620.0
2006-07-24,21.360918,21.2046186,42246620.0
2006-07-25,21.187252,21.3088182,42246620.0
2006-07-26,21.5519506,21.0830524,42246620.0
2006-07-27,21.0309526,20.83992,42246620.0
2006-07-28,20.83992,20.318922,42246620.0
2006-07-31,20.318922,19.1379932,42246620.0
2006-08-01,19.10326,19.10326,42246620.0
2006-08-02,19.363759,18.582262,42246620.0
2006-08-03,18.582262,18.7906612,42246620.0
2006-08-04,18.2870298,18.6169952,42246620.0
2006-08-07,18.582262,17.713932,42246620.0
2006-08-08,17.6791988,18.2522966,42246620.0
2006-08-09,18.2522966,18.408596,42246620.0
2006-08-10,18.408596,18.6169952,42246620.0
2006-08-11,18.6343618,18.3738628,42246620.0
2006-08-14,18.3738628,17.6791988,42246620.0
2006-08-15,17.6791988,18.321763,42246620.0
2006-08-16,18.321763,18.669095,42246620.0
2006-08-17,18.4433292,18.2696632,42246620.0
2006-08-18,18.3391296,18.4606958,42246620.0
2006-08-21,18.061264,18.8080278,42246620.0
2006-08-22,18.755928,19.2074596,42246620.0
2006-08-23,19.2421928,19.0685268,42246620.0
2006-08-24,19.363759,19.10326,42246620.0
2006-08-25,19.2421928,19.5200584,42246620.0
2006-08-28,19.4332254,19.884757,42246620.0
2006-08-29,19.7631908,19.5721582,42246620.0
2006-08-30,19.4158588,19.450592,42246620.0
2006-08-31,19.4332254,19.1206266,42246620.0
2006-09-01,19.190093,18.669095,42246620.0
2006-09-04,18.582262,19.537425,42246620.0
2006-09-05,19.4679586,19.5895248,42246620.0
2006-09-06,19.6068914,19.6068914,42246620.0
2006-09-07,19.450592,19.0337936,42246620.0
2006-09-08,19.1206266,19.6416246,42246620.0
2006-09-11,19.6937244,19.7631908,42246620.0
2006-09-12,19.797924,20.83992,42246620.0
2006-09-13,20.83992,20.666254,42246620.0
2006-09-14,20.666254,20.145256,42246620.0
2006-09-15,20.1626226,20.1278894,42246620.0
2006-09-18,19.9889566,20.2841888,42246620.0
2006-09-19,20.318922,20.0757896,42246620.0
2006-09-20,20.058423,20.2668222,42246620.0
2006-09-21,20.405755,20.579421,42246620.0
2006-09-22,20.6315208,20.7357204,42246620.0
2006-09-25,20.666254,21.100419,42246620.0
2006-09-26,21.013586,21.274085,42246620.0
2006-09-27,21.360918,21.360918,42246620.0
2006-09-28,21.360918,21.360918,42246620.0
2006-09-29,21.534584,21.881916,42246620.0
2006-10-09,21.881916,23.531743,42246620.0
2006-10-10,23.618576,23.618576,42246620.0
2006-10-11,23.965908,24.7300384,42246620.0
2006-10-12,25.0600038,23.8096086,42246620.0
2006-10-13,23.5664762,24.2437736,42246620.0
2006-10-16,24.139574,24.3653398,42246620.0
2006-10-17,24.3653398,24.139574,42246620.0
2006-10-18,23.965908,24.573739,42246620.0
2006-10-19,24.4521728,24.5911056,42246620.0
2006-10-20,24.747405,24.3306066,42246620.0
2006-10-23,24.226407,23.44491,42246620.0
2006-10-24,23.097578,24.486906,42246620.0
2006-10-25,24.2437736,24.31324,42246620.0
2006-10-26,24.400073,24.052741,42246620.0
2006-10-27,24.052741,24.139574,42246620.0
2006-10-30,23.965908,25.1121036,42246620.0
2006-10-31,25.442069,25.268403,42246620.0
2006-11-01,25.355236,24.5216392,42246620.0
2006-11-02,24.3653398,24.486906,42246620.0
2006-11-03,24.3827064,24.1048408,42246620.0
2006-11-06,23.792242,23.4622766,42246620.0
2006-11-07,23.4970098,22.57658,42246620.0
2006-11-08,22.402914,22.750246,42246620.0
2006-11-09,22.9065454,22.57658,42246620.0
2006-11-10,22.57658,22.2466146,56709120.0
2006-11-13,22.055582,22.57658,56709120.0
2006-11-14,22.57658,22.923912,56709120.0
2006-11-15,22.6981462,23.618576,56709120.0
2006-11-16,23.618576,23.097578,56709120.0
2006-11-17,22.923912,23.618576,56709120.0
2006-11-20,23.965908,23.2538774,56709120.0
2006-11-21,22.6113132,23.0454782,56709120.0
2006-11-22,23.271244,22.923912,56709120.0
2006-11-23,22.923912,22.8718122,56709120.0
2006-11-24,22.6113132,22.6460464,56709120.0
2006-11-27,22.5418468,23.271244,56709120.0
2006-11-28,23.3407104,24.0180078,56709120.0
2006-11-29,23.9311748,25.1121036,56709120.0
2006-11-30,25.1468368,25.702568,56709120.0
2006-12-01,25.702568,25.528902,56709120.0
2006-12-04,25.528902,26.223566,56709120.0
2006-12-05,25.9109672,25.442069,56709120.0
2006-12-06,25.355236,25.8588674,56709120.0
2006-12-07,25.6504682,25.3378694,56709120.0
2006-12-08,24.8168714,24.5042726,56709120.0
2006-12-11,24.4521728,24.6779386,56709120.0
2006-12-12,24.6779386,24.31324,56709120.0
2006-12-13,24.31324,24.139574,56709120.0
2006-12-14,23.965908,25.094737,56709120.0
2006-12-15,25.1642034,25.3205028,56709120.0
2006-12-18,25.1989366,26.397232,56709120.0
2006-12-19,26.4145986,28.741723,56709120.0
2006-12-20,28.7938228,29.436387,56709120.0
2006-12-21,29.3842872,29.002222,56709120.0
2006-12-22,28.828556,28.5854236,56709120.0
2006-12-25,28.65489,28.6896232,56709120.0
2006-12-26,28.568057,30.39155,56709120.0
2006-12-27,30.652049,31.433546,56709120.0
2006-12-28,31.086214,32.736041,56709120.0
2006-12-29,32.9444402,34.385868,56709120.0
2007-01-04,34.7332,32.041377,56709120.0
2007-01-05,31.086214,29.696886,56709120.0
2007-01-08,30.044218,31.3988128,56709120.0
2007-01-09,31.346713,31.780878,56709120.0
2007-01-10,32.12821,32.6144748,56709120.0
2007-01-11,32.6318414,31.6593118,56709120.0
2007-01-12,31.5724788,30.304717,56709120.0
2007-01-15,30.304717,30.304717,56709120.0
2007-01-16,33.0660064,31.7982446,56709120.0
2007-01-17,32.649208,32.736041,56709120.0
2007-01-18,32.822874,35.427864,56709120.0
2007-01-19,35.775196,38.9706504,56709120.0
2007-01-22,39.0922166,39.94318,56709120.0
2007-01-23,40.030013,38.5885852,56709120.0
2007-01-24,39.07485,38.8317176,56709120.0
2007-01-25,38.814351,37.5465892,56709120.0
2007-01-26,36.46986,37.859188,56709120.0
2007-01-29,37.164524,38.4149192,56709120.0
2007-01-30,38.7622512,38.727518,56709120.0
2007-01-31,38.1717868,36.296194,56709120.0
2007-02-01,35.2889312,37.33819,56709120.0
2007-02-02,37.33819,36.904025,56709120.0
2007-02-05,36.46986,36.383027,56709120.0
2007-02-06,36.383027,36.5045932,56709120.0
2007-02-07,36.4872266,36.296194,56709120.0
2007-02-08,36.2614608,35.8793956,56709120.0
2007-02-09,35.8793956,35.254198,56709120.0
2007-02-12,35.60153,38.5191188,56709120.0
2007-02-13,38.5885852,38.5191188,56709120.0
2007-02-14,39.0574834,38.5191188,56709120.0
2007-02-15,39.07485,39.9605466,56709120.0
2007-02-16,40.290512,39.3527156,56709120.0
2007-02-26,39.856347,38.20652,56709120.0
2007-02-27,38.20652,34.646367,56709120.0
2007-02-28,34.385868,35.60153,56709120.0
2007-03-01,35.775196,33.778037,56709120.0
2007-03-02,34.3511348,34.3164016,56709120.0
2007-03-05,33.343872,37.7549884,56709120.0
2007-03-06,37.7549884,37.33819,56709120.0
2007-03-07,37.33819,37.598689,56709120.0
2007-03-08,37.598689,37.511856,56709120.0
2007-03-09,38.032854,37.859188,56709120.0
2007-03-12,38.2238866,39.6479478,56709120.0
2007-03-13,39.769514,39.6132146,56709120.0
2007-03-14,39.07485,41.3846078,56709120.0
2007-03-15,40.724677,41.4714408,56709120.0
2007-03-16,41.67984,41.9924388,56709120.0
2007-03-19,41.4714408,42.3571374,56709120.0
2007-03-20,42.9649684,42.4787036,56709120.0
2007-03-21,42.0098054,44.0937974,56709120.0
2007-03-22,44.9447608,45.326826,56709120.0
2007-03-23,45.847824,46.6987874,56709120.0
2007-03-26,46.6987874,46.6987874,56709120.0
2007-03-27,46.4382884,45.8130908,56709120.0
2007-03-28,45.8130908,44.8579278,56709120.0
2007-03-29,43.937498,43.4685998,56709120.0
2007-03-30,43.4338666,43.3991334,56709120.0
2007-04-02,43.4165,45.1705266,56709120.0
2007-04-03,44.6495286,44.718995,56709120.0
2007-04-04,44.632162,44.805828,56709120.0
2007-04-05,45.1357934,46.88982,56709120.0
2007-04-06,47.931816,47.5497508,56709120.0
2007-04-09,48.4180808,52.3081992,56709120.0
2007-04-10,52.447132,51.926134,56709120.0
2007-04-11,51.926134,49.49481,56709120.0
2007-04-12,49.5121766,51.23147,56709120.0
2007-04-13,51.1967368,50.710472,56709120.0
2007-04-16,51.23147,53.662794,56709120.0
2007-04-17,53.7669936,56.3198838,56709120.0
2007-04-18,56.8582484,54.096959,56709120.0
2007-04-19,53.662794,50.710472,56709120.0
2007-04-20,52.0650668,52.533965,56709120.0
2007-04-23,53.2980954,53.3501952,56709120.0
2007-04-24,53.83646,52.0998,56709120.0
2007-04-25,52.0824334,52.0998,56709120.0
2007-04-26,52.794464,52.0998,56709120.0
2007-04-27,52.3081992,50.6410056,56709120.0
2007-04-30,50.189474,50.3457734,56709120.0
2007-05-08,51.057804,52.0650668,56709120.0
2007-05-09,52.0998,52.6381646,56709120.0
2007-05-10,52.6381646,52.6381646,56709120.0
2007-05-11,53.489128,51.752468,56709120.0
2007-05-14,51.752468,50.5889058,56709120.0
2007-05-15,50.536806,53.489128,56709120.0
2007-05-16,56.2851506,53.8017268,56709120.0
2007-05-17,54.183792,54.357458,56709120.0
2007-05-18,55.052122,59.7932038,56709120.0
2007-05-21,56.1983176,62.8323588,56709120.0
2007-05-22,61.65143,65.5068152,56709120.0
2007-05-23,63.52174848,64.80158634,85063680.0
2007-05-24,64.80158634,61.9023618,85063680.0
2007-05-25,61.95460008,62.65981686,85063680.0
2007-05-28,62.9471274,63.18219966,85063680.0
2007-05-29,63.2083188,64.7754672,85063680.0
2007-05-30,62.685936,58.29792048,85063680.0
2007-05-31,56.156151,57.3315123,85063680.0
2007-06-01,59.9434263,59.36880522,85063680.0
2007-06-04,58.2456822,53.43976044,85063680.0
2007-06-05,49.626366,52.7606628,85063680.0
2007-06-06,53.2830456,54.5890026,85063680.0
2007-06-07,55.97331702,55.34645766,85063680.0
2007-06-08,56.156151,57.82777596,85063680.0
2007-06-11,59.0292564,58.45463532,85063680.0
2007-06-12,58.5068736,60.5964048,85063680.0
2007-06-13,61.1187876,62.45086374,85063680.0
2007-06-14,62.4247446,60.10014114,85063680.0
2007-06-15,60.074022,60.5964048,85063680.0
2007-06-18,61.6411704,61.56281298,85063680.0
2007-06-19,61.56281298,61.56281298,85063680.0
2007-06-20,61.379979,59.4210435,85063680.0
2007-06-21,58.92477984,59.78671146,85063680.0
2007-06-22,60.9881919,55.79048304,85063680.0
2007-06-25,55.79048304,54.0666198,85063680.0
2007-06-26,53.30916474,54.0666198,85063680.0
2007-06-27,54.82407486,54.5890026,85063680.0
2007-06-28,54.850194,50.95844214,85063680.0
2007-06-29,49.626366,47.45847738,85063680.0
2007-07-02,47.45847738,48.13757502,85063680.0
2007-07-03,49.44353202,52.94349678,85063680.0
2007-07-04,53.12633076,51.68977806,85063680.0
2007-07-05,50.932323,50.4099402,85063680.0
2007-07-06,49.4957703,52.4994714,85063680.0
2007-07-09,52.4994714,52.4994714,85063680.0
2007-07-10,53.544237,53.88378582,85063680.0
2007-07-11,53.544237,53.0218542,85063680.0
2007-07-12,52.26439914,52.23828,85063680.0
2007-07-13,52.23828,51.7158972,85063680.0
2007-07-16,51.4547058,50.6711316,85063680.0
2007-07-17,50.6711316,51.53306322,85063680.0
2007-07-18,51.53306322,50.25322536,85063680.0
2007-07-19,49.83531912,50.59277418,85063680.0
2007-07-20,52.05544602,52.44723312,85063680.0
2007-07-23,52.4994714,55.21586196,85063680.0
2007-07-24,56.86136778,54.64124088,85063680.0
2007-07-25,54.850194,57.51434628,85063680.0
2007-07-26,58.03672908,57.61882284,85063680.0
2007-07-27,57.67106112,57.2009166,85063680.0
2007-07-30,57.462108,58.3762779,85063680.0
2007-07-31,58.2456822,61.19714502,85063680.0
2007-08-01,61.2493833,56.96584434,85063680.0
2007-08-02,57.3315123,58.53299274,85063680.0
2007-08-03,58.53299274,59.44716264,85063680.0
2007-08-06,61.9023618,62.45086374,85063680.0
2007-08-07,62.0329575,61.92848094,85063680.0
2007-08-08,61.2493833,60.4658091,85063680.0
2007-08-09,60.074022,60.38745168,85063680.0
2007-08-10,61.58893212,58.95089898,101638680.0
2007-08-13,58.21956306,57.5927037,101638680.0
2007-08-14,57.5927037,58.55911188,101638680.0
2007-08-15,58.768065,59.8128306,101638680.0
2007-08-16,59.44716264,59.0292564,101638680.0
2007-08-17,59.0292564,58.68970758,101638680.0
2007-08-20,59.5516392,59.91730716,101638680.0
2007-08-21,60.074022,58.5068736,101638680.0
2007-08-22,57.2009166,58.6374693,101638680.0
2007-08-23,58.95089898,60.25685598,101638680.0
2007-08-24,60.90983448,60.8575962,101638680.0
2007-08-27,61.6411704,59.05537554,101638680.0
2007-08-28,58.5068736,61.1187876,101638680.0
2007-08-29,61.6411704,65.1672543,101638680.0
2007-08-30,65.29785,67.1261898,101638680.0
2007-08-31,67.7791683,66.603807,101638680.0
2007-09-03,66.9955941,68.14483626,101638680.0
2007-09-04,67.3873812,73.133592,101638680.0
2007-09-05,73.133592,74.1783576,101638680.0
2007-09-06,73.94328534,71.6970393,101638680.0
2007-09-07,71.25301392,68.32767024,101638680.0
2007-09-10,67.909764,68.4321468,101638680.0
2007-09-11,67.909764,64.98442032,101638680.0
2007-09-12,64.56651408,62.1635532,101638680.0
2007-09-13,63.41727192,67.5179769,101638680.0
2007-09-14,65.6896371,68.9545296,101638680.0
2007-09-17,69.05900616,68.6933382,101638680.0
2007-09-18,68.6933382,67.1261898,101638680.0
2007-09-19,67.6485726,67.46573862,101638680.0
2007-09-20,67.909764,68.90229132,101638680.0
2007-09-21,69.0851253,69.9992952,101638680.0
2007-09-24,69.9992952,70.2604866,101638680.0
2007-09-25,70.521678,68.09259798,101638680.0
2007-09-26,68.1709554,67.41350034,101638680.0
2007-09-27,68.3015511,66.62992614,101638680.0
2007-09-28,67.62245346,68.14483626,101638680.0
2007-10-08,68.9545296,69.215721,101638680.0
2007-10-09,71.01794166,71.54032446,101638680.0
2007-10-10,72.03658812,70.02541434,101638680.0
2007-10-11,70.02541434,70.02541434,124488680.0
2007-10-12,70.02541434,70.02541434,124488680.0
2007-10-15,70.02541434,70.02541434,124488680.0
2007-10-16,70.1298909,66.603807,124488680.0
2007-10-17,67.46573862,67.3873812,124488680.0
2007-10-18,66.8649984,65.19337344,124488680.0
2007-10-19,65.06277774,64.7754672,124488680.0
2007-10-22,65.50680312,65.8202328,124488680.0
2007-10-23,65.29785,64.14860784,124488680.0
2007-10-24,65.32396914,62.1635532,124488680.0
2007-10-25,61.61505126,57.7232994,124488680.0
2007-10-26,57.2009166,57.2009166,124488680.0
2007-10-29,57.7232994,57.93225252,124488680.0
2007-10-30,58.768065,59.89118802,124488680.0
2007-10-31,59.9434263,64.2530844,124488680.0
2007-11-01,64.2530844,64.2530844,124488680.0
2007-11-02,63.70458246,61.7717661,124488680.0
2007-11-05,60.8575962,59.4210435,124488680.0
2007-11-06,58.8986607,61.45833642,124488680.0
2007-11-07,62.65981686,62.24191062,124488680.0
2007-11-08,62.24191062,58.79418414,124488680.0
2007-11-09,58.79418414,57.462108,124488680.0
2007-11-12,56.4173424,56.49569982,124488680.0
2007-11-13,56.5479381,56.4173424,124488680.0
2007-11-14,57.27927402,58.3762779,124488680.0
2007-11-15,58.6374693,57.12255918,124488680.0
2007-11-16,57.12255918,56.26062756,124488680.0
2007-11-19,56.156151,57.2009166,124488680.0
2007-11-20,57.17479746,60.074022,124488680.0
2007-11-21,60.2046177,58.79418414,124488680.0
2007-11-22,58.768065,58.29792048,124488680.0
2007-11-23,57.9844908,57.462108,124488680.0
2007-11-26,58.6374693,57.14867832,124488680.0
2007-11-27,57.14867832,57.0703209,124488680.0
2007-11-28,57.0703209,57.0703209,124488680.0
2007-11-29,57.93225252,58.3762779,124488680.0
2007-11-30,58.6374693,57.9844908,124488680.0
2007-12-03,57.9844908,58.768065,124488680.0
2007-12-04,58.768065,59.57775834,124488680.0
2007-12-05,59.57775834,62.1635532,124488680.0
2007-12-06,62.1635532,62.39862546,124488680.0
2007-12-07,62.37250632,63.23443794,124488680.0
2007-12-10,62.18967234,64.80158634,124488680.0
2007-12-11,64.7754672,66.0814242,124488680.0
2007-12-12,66.603807,67.07395152,124488680.0
2007-12-13,66.81276012,63.991893,124488680.0
2007-12-14,64.2530844,67.30902378,124488680.0
2007-12-17,65.79411366,65.29785,124488680.0
2007-12-18,65.29785,63.7307016,124488680.0
2007-12-19,64.2530844,65.29785,124488680.0
2007-12-20,65.32396914,67.3873812,124488680.0
2007-12-21,67.3873812,67.6485726,124488680.0
2007-12-24,67.909764,68.74557648,124488680.0
2007-12-25,67.909764,68.6933382,124488680.0
2007-12-26,68.6933382,71.80151586,124488680.0
2007-12-27,71.77539672,71.07017994,124488680.0
2007-12-28,71.09629908,70.67839284,124488680.0
2008-01-02,70.67839284,72.66344748,124488680.0
2008-01-03,72.66344748,74.12611932,124488680.0
2008-01-04,74.1783576,78.30518172,124488680.0
2008-01-07,77.8350372,79.42830474,124488680.0
2008-01-08,78.27906258,76.45072278,124488680.0
2008-01-09,75.745506,78.35742,124488680.0
2008-01-10,79.32382818,77.5738458,124488680.0
2008-01-11,77.051463,75.71938686,124488680.0
2008-01-14,75.4843146,75.51043374,124488680.0
2008-01-15,77.051463,75.17088492,124488680.0
2008-01-16,75.17088492,73.68209394,124488680.0
2008-01-17,73.15971114,74.54402556,124488680.0
2008-01-18,74.98805094,76.81639074,124488680.0
2008-01-21,77.9656329,78.0962286,124488680.0
2008-01-22,76.21565052,71.827635,124488680.0
2008-01-23,72.82016232,77.10370128,124488680.0
2008-01-24,78.0962286,80.42083206,124488680.0
2008-01-25,80.969334,79.1409942,124488680.0
2008-01-28,78.35742,74.439549,124488680.0
2008-01-29,74.439549,74.439549,124488680.0
2008-01-30,74.07388104,71.9582307,124488680.0
2008-01-31,70.9134651,72.0888264,124488680.0
2008-02-01,72.0888264,69.32019756,124488680.0
2008-02-04,69.8686995,74.439549,124488680.0
2008-02-05,73.133592,72.29777952,124488680.0
2008-02-13,72.29777952,70.33884402,124488680.0
2008-02-14,70.6522737,70.99182252,124488680.0
2008-02-15,70.6522737,71.33137134,124488680.0
2008-02-18,72.32389866,73.18583028,124488680.0
2008-02-19,74.1783576,73.7865705,124488680.0
2008-02-20,73.9171662,72.71568576,124488680.0
2008-02-21,72.24554124,72.29777952,124488680.0
2008-02-22,71.0440608,71.827635,124488680.0
2008-02-25,71.3052522,69.00676788,124488680.0
2008-02-26,69.6075081,67.93588314,124488680.0
2008-02-27,68.37990852,68.6933382,124488680.0
2008-02-28,68.19707454,69.89481864,124488680.0
2008-02-29,69.89481864,69.9992952,124488680.0
2008-03-03,69.9992952,71.3052522,124488680.0
2008-03-04,72.32389866,71.1746565,124488680.0
2008-03-05,71.0440608,72.29777952,124488680.0
2008-03-06,72.8724006,71.38360962,124488680.0
2008-03-07,70.521678,70.521678,124488680.0
2008-03-10,70.521678,67.93588314,124488680.0
2008-03-11,66.68216442,67.88364486,124488680.0
2008-03-12,69.4769124,64.72322892,124488680.0
2008-03-13,63.18219966,64.2530844,124488680.0
2008-03-14,63.23443794,64.04413128,124488680.0
2008-03-17,63.83517816,60.02178372,124488680.0
2008-03-18,59.26432866,58.768065,124488680.0
2008-03-19,59.52552006,60.8575962,124488680.0
2008-03-20,60.8575962,63.2083188,124488680.0
2008-03-21,62.60757858,62.37250632,124488680.0
2008-03-24,62.24191062,62.0329575,124488680.0
2008-03-25,60.36133254,63.2083188,124488680.0
2008-03-26,63.2083188,66.4732113,124488680.0
2008-03-27,66.42097302,66.8649984,124488680.0
2008-03-28,65.29785,68.45826594,124488680.0
2008-03-31,68.37990852,67.2567855,124488680.0
2008-04-01,67.3873812,62.73817428,124488680.0
2008-04-02,62.9471274,61.6411704,124488680.0
2008-04-03,61.7717661,63.4695102,124488680.0
2008-04-07,63.78293988,64.7754672,124488680.0
2008-04-08,64.9060629,66.36873474,124488680.0
2008-04-09,66.2120199,63.4695102,124488680.0
2008-04-10,64.69710978,64.20084612,124488680.0
2008-04-11,65.27173086,64.5142758,124488680.0
2008-04-14,64.2530844,63.7307016,124488680.0
2008-04-15,63.7307016,62.685936,124488680.0
2008-04-16,62.685936,64.5142758,124488680.0
2008-04-17,63.991893,66.3426156,124488680.0
2008-04-18,66.3426156,66.3426156,124488680.0
2008-04-21,68.19707454,66.36873474,124488680.0
2008-04-22,66.02918592,64.93218204,124488680.0
2008-04-23,66.7344027,69.42467412,124488680.0
2008-04-24,75.19700406,75.43207632,124488680.0
2008-04-25,75.32759976,72.32389866,124488680.0
2008-04-28,70.9134651,75.82386342,124488680.0
2008-04-29,75.01417008,76.63355676,124488680.0
2008-04-30,76.63355676,78.35742,124488680.0
2008-05-05,78.56637312,78.38353914,124488680.0
2008-05-06,78.35742,78.6186114,124488680.0
2008-05-07,78.7492071,75.79774428,124488680.0
2008-05-08,75.7977426,82.10442816,186733020.0
2008-05-09,82.73117952,80.02831428,186733020.0
2008-05-12,78.30474804,80.18500212,186733020.0
2008-05-13,80.14583016,80.14583016,186733020.0
2008-05-14,80.22417408,81.43850484,186733020.0
2008-05-15,81.4776768,82.18277208,186733020.0
2008-05-16,81.90856836,79.20570312,186733020.0
2008-05-19,78.34392,78.69646764,186733020.0
2008-05-20,78.34392,71.60634288,186733020.0
2008-05-21,70.509528,75.13181928,186733020.0
2008-05-22,74.426724,72.89901756,186733020.0
2008-05-23,72.8598456,72.468126,186733020.0
2008-05-26,71.72385876,72.42895404,186733020.0
2008-05-27,72.468126,72.93818952,186733020.0
2008-05-28,72.93818952,74.66175576,186733020.0
2008-05-29,74.426724,72.468126,186733020.0
2008-05-30,72.50729796,73.6432848,186733020.0
2008-06-02,74.426724,74.07417636,186733020.0
2008-06-03,74.426724,75.13181928,186733020.0
2008-06-04,73.76080068,74.0350044,186733020.0
2008-06-05,74.8184436,73.0557054,186733020.0
2008-06-06,72.8598456,71.41048308,186733020.0
2008-06-10,69.7260888,66.3964722,186733020.0
2008-06-11,66.3964722,63.88946676,186733020.0
2008-06-12,64.39870224,64.4378742,186733020.0
2008-06-13,65.613033,63.96781068,186733020.0
2008-06-16,63.92863872,64.633734,186733020.0
2008-06-17,64.633734,60.5206782,186733020.0
2008-06-18,60.59902212,63.0668556,186733020.0
2008-06-19,62.2834164,61.8916968,186733020.0
2008-06-20,61.8916968,64.8295938,186733020.0
2008-06-23,62.8709958,62.2834164,186733020.0
2008-06-24,62.63596404,61.8916968,186733020.0
2008-06-25,62.20507248,64.94710968,186733020.0
2008-06-26,64.94710968,66.16144044,186733020.0
2008-06-27,61.695837,64.47704616,186733020.0
2008-06-30,63.73277892,64.20284244,186733020.0
2008-07-01,64.75124988,64.08532656,186733020.0
2008-07-02,64.20284244,64.20284244,186733020.0
2008-07-03,64.12449852,66.3964722,186733020.0
2008-07-04,65.613033,66.7881918,186733020.0
2008-07-07,67.3757712,70.7053878,186733020.0
2008-07-08,70.1178084,72.54646992,186733020.0
2008-07-09,72.54646992,71.64551484,186733020.0
2008-07-10,71.44965504,70.62704388,186733020.0
2008-07-11,70.15698036,68.98182156,186733020.0
2008-07-14,68.82513372,70.509528,186733020.0
2008-07-15,72.6639858,69.9219486,186733020.0
2008-07-16,68.1592104,69.7260888,186733020.0
2008-07-17,70.509528,69.21685332,186733020.0
2008-07-18,70.35284016,68.51175804,186733020.0
2008-07-21,68.12003844,69.7260888,186733020.0
2008-07-22,69.7260888,69.7260888,186733020.0
2008-07-23,70.43118408,69.3343692,186733020.0
2008-07-24,69.25602528,69.84360468,186733020.0
2008-07-25,69.64774488,70.82290368,186733020.0
2008-07-28,70.62704388,69.41271312,186733020.0
2008-07-29,69.41271312,69.21685332,186733020.0
2008-07-30,69.21685332,67.41494316,186733020.0
2008-07-31,67.41494316,65.4171732,186733020.0
2008-08-01,66.08309652,64.633734,186733020.0
2008-08-04,64.633734,64.633734,186733020.0
2008-08-05,64.16367048,65.0254536,186733020.0
2008-08-06,65.4171732,63.654435,186733020.0
2008-08-07,63.654435,63.8502948,186733020.0
2008-08-08,64.633734,62.675136,186733020.0
2008-08-11,63.38023128,59.9330988,186733020.0
2008-08-12,59.737239,65.73054888,186733020.0
2008-08-13,64.55539008,65.10379752,186733020.0
2008-08-14,63.4585752,66.3964722,186733020.0
2008-08-15,65.14296948,65.4171732,186733020.0
2008-08-18,65.4171732,63.0668556,186733020.0
2008-08-19,62.675136,65.4171732,186733020.0
2008-08-20,65.8088928,68.51175804,186733020.0
2008-08-21,68.3550702,64.633734,186733020.0
2008-08-22,62.79265188,62.12672856,186733020.0
2008-08-25,60.95156976,61.8916968,186733020.0
2008-08-26,61.8916968,61.8916968,186733020.0
2008-08-27,60.36399036,61.77418092,186733020.0
2008-08-28,60.716538,59.38469136,186733020.0
2008-08-29,60.63819408,58.20953256,186733020.0
2008-09-01,56.799342,56.91685788,186733020.0
2008-09-02,55.66335516,57.07354572,186733020.0
2008-09-03,57.07354572,51.7069872,186733020.0
2008-09-04,49.944249,54.840744,186733020.0
2008-09-05,53.6655852,56.2117626,282892395.0
2008-09-08,56.25093456,56.25093456,282892395.0
2008-09-09,55.4283234,54.52736832,282892395.0
2008-09-10,54.52736832,54.4490244,282892395.0
2008-09-11,54.4490244,54.0573048,282892395.0
2008-09-12,52.52959836,54.6448842,282892395.0
2008-09-16,53.58724128,55.820043,282892395.0
2008-09-17,54.87991596,55.54583928,282892395.0
2008-09-18,56.2117626,56.4076224,282892395.0
2008-09-19,61.4999772,62.04838464,282892395.0
2008-09-22,62.51844816,59.03214372,282892395.0
2008-09-23,57.1910616,53.11717776,282892395.0
2008-09-24,50.923548,50.57100036,282892395.0
2008-09-25,50.57100036,50.88437604,282892395.0
2008-09-26,50.88437604,48.41654256,282892395.0
2008-10-06,47.3980716,48.69074628,282892395.0
2008-10-07,47.2022118,48.96495,282892395.0
2008-10-08,47.75061924,48.25985472,282892395.0
2008-10-09,48.7690902,45.4394736,282892395.0
2008-10-10,44.068455,43.32418776,282892395.0
2008-10-13,43.6767354,45.2436138,282892395.0
2008-10-14,46.73214828,44.6560344,282892395.0
2008-10-15,44.2643148,43.8725952,282892395.0
2008-10-16,41.9139972,39.48533568,282892395.0
2008-10-17,40.30794684,38.15348904,282892395.0
2008-10-20,38.3885208,38.54520864,282892395.0
2008-10-21,38.9761002,39.17196,282892395.0
2008-10-22,39.60285156,39.17196,282892395.0
2008-10-23,38.66272452,39.83788332,282892395.0
2008-10-24,39.83788332,39.9553992,282892395.0
2008-10-27,39.60285156,38.31017688,282892395.0
2008-10-28,37.6050816,38.3885208,282892395.0
2008-10-29,38.9761002,36.07737516,282892395.0
2008-10-30,35.48979576,35.254764,282892395.0
2008-10-31,35.29393596,35.6464836,282892395.0
2008-11-03,35.6464836,36.15571908,282892395.0
2008-11-04,35.37227988,35.56813968,282892395.0
2008-11-05,35.56813968,36.6257826,282892395.0
2008-11-06,35.56813968,34.70635656,282892395.0
2008-11-07,33.6878856,34.15794912,282892395.0
2008-11-10,34.74552852,36.50826672,282892395.0
2008-11-11,35.92068732,35.254764,282892395.0
2008-11-12,34.8630444,35.254764,282892395.0
2008-11-13,35.21559204,36.93915828,282892395.0
2008-11-14,37.213362,38.7802404,282892395.0
2008-11-17,39.01527216,40.46463468,282892395.0
2008-11-18,40.46463468,37.05667416,282892395.0
2008-11-19,36.8216424,39.7595394,282892395.0
2008-11-20,41.05221408,38.3885208,282892395.0
2008-11-21,36.8216424,37.213362,282892395.0
2008-11-24,36.93915828,35.88151536,282892395.0
2008-11-25,36.74329848,36.39075084,282892395.0
2008-11-26,36.39075084,36.234063,282892395.0
2008-11-27,38.66272452,36.46909476,282892395.0
2008-11-28,35.72482752,35.92068732,282892395.0
2008-12-01,35.6464836,37.25253396,282892395.0
2008-12-02,36.0382032,39.9553992,282892395.0
2008-12-03,41.130558,41.67896544,282892395.0
2008-12-04,42.03151308,42.65826444,282892395.0
2008-12-05,42.65826444,43.4808756,282892395.0
2008-12-08,44.2643148,45.047754,282892395.0
2008-12-09,45.40030164,43.8725952,282892395.0
2008-12-10,43.089156,44.068455,282892395.0
2008-12-11,43.8725952,43.83342324,282892395.0
2008-12-12,43.79425128,40.97387016,282892395.0
2008-12-15,41.44393368,41.95316916,282892395.0
2008-12-16,41.16972996,42.77578032,282892395.0
2008-12-17,43.089156,43.20667188,282892395.0
2008-12-18,43.24584384,44.53851852,282892395.0
2008-12-19,44.49934656,46.37960064,282892395.0
2008-12-22,46.6146324,46.2229128,282892395.0
2008-12-23,46.2229128,46.2229128,282892395.0
2008-12-24,42.3057168,42.6974364,282892395.0
2008-12-25,41.95316916,41.83565328,282892395.0
2008-12-26,42.07068504,41.44393368,282892395.0
2008-12-29,41.05221408,41.99234112,282892395.0
2008-12-30,41.9139972,41.87482524,282892395.0
2008-12-31,41.56144956,41.20890192,282892395.0
2009-01-05,42.26654484,43.089156,282892395.0
2009-01-06,42.6974364,43.83342324,282892395.0
2009-01-07,43.4808756,43.2850158,282892395.0
2009-01-08,43.01081208,41.9139972,282892395.0
2009-01-09,42.5015766,44.10762696,282892395.0
2009-01-12,44.10762696,44.6560344,282892395.0
2009-01-13,44.2643148,43.089156,282892395.0
2009-01-14,42.61909248,44.068455,282892395.0
2009-01-15,43.44170364,42.81495228,282892395.0
2009-01-16,43.01081208,43.4808756,282892395.0
2009-01-19,43.91176716,41.95316916,282892395.0
2009-01-20,41.83565328,42.38406072,282892395.0
2009-01-21,41.9139972,41.63979348,282892395.0
2009-01-22,41.99234112,42.42323268,282892395.0
2009-01-23,42.46240464,43.01081208,282892395.0
2009-02-02,43.2850158,44.068455,282892395.0
2009-02-03,44.2643148,46.69297632,282892395.0
2009-02-04,47.006352,47.04552396,282892395.0
2009-02-05,47.24138376,46.92800808,282892395.0
2009-02-06,46.45794456,48.14233884,282892395.0
2009-02-09,48.49488648,48.84743412,282892395.0
2009-02-10,48.88660608,49.5525294,282892395.0
2009-02-11,48.80826216,48.5732304,282892395.0
2009-02-12,48.72991824,49.5525294,282892395.0
2009-02-13,49.3566696,50.68851624,282892395.0
2009-02-16,50.923548,50.923548,282892395.0
2009-02-17,50.7276882,48.53405844,282892395.0
2009-02-18,47.04552396,45.87036516,282892395.0
2009-02-19,45.90953712,46.84966416,282892395.0
2009-02-20,46.84966416,47.82896316,282892395.0
2009-02-23,47.2022118,49.23915372,282892395.0
2009-02-24,50.37514056,49.04329392,282892395.0
2009-02-25,49.39584156,47.82896316,282892395.0
2009-02-26,47.47641552,43.8725952,282892395.0
2009-02-27,42.73660836,43.71590736,282892395.0
2009-03-02,43.6767354,44.2643148,282892395.0
2009-03-03,43.40253168,43.71590736,282892395.0
2009-03-04,43.4808756,45.90953712,282892395.0
2009-03-05,46.10539692,45.59616144,282892395.0
2009-03-06,44.96941008,44.22514284,282892395.0
2009-03-09,44.22514284,42.6974364,282892395.0
2009-03-10,42.54074856,43.32418776,282892395.0
2009-03-11,44.068455,43.95093912,282892395.0
2009-03-12,43.4808756,44.2643148,282892395.0
2009-03-13,44.10762696,43.71590736,282892395.0
2009-03-16,43.6767354,44.4601746,282892395.0
2009-03-17,44.4601746,45.36112968,282892395.0
2009-03-18,45.6353334,47.2022118,282892395.0
2009-03-19,47.2022118,48.5732304,282892395.0
2009-03-20,48.3773706,46.96718004,282892395.0
2009-03-23,47.3980716,47.47641552,282892395.0
2009-03-24,47.7897912,47.006352,282892395.0
2009-03-25,46.96718004,45.8311932,282892395.0
2009-03-26,45.8311932,46.53628848,282892395.0
2009-03-27,46.53628848,46.26208476,282892395.0
2009-03-30,46.30125672,47.7897912,282892395.0
2009-03-31,46.8104922,47.47641552,282892395.0
2009-04-01,47.82896316,48.10316688,282892395.0
2009-04-02,48.1815108,48.14233884,282892395.0
2009-04-03,48.41654256,47.31972768,282892395.0
2009-04-07,47.2022118,47.90730708,282892395.0
2009-04-08,48.1815108,48.96495,282892395.0
2009-04-09,48.72991824,52.52959836,282892395.0
2009-04-10,52.84297404,52.99966188,282892395.0
2009-04-13,53.0780058,54.21399264,282892395.0
2009-04-14,53.6655852,53.11717776,282892395.0
2009-04-15,52.41208248,52.2945666,282892395.0
2009-04-16,52.13787876,52.33373856,282892395.0
2009-04-17,52.0987068,54.99743184,282892395.0
2009-04-20,54.37068048,56.13341868,282892395.0
2009-04-21,55.38915144,57.66112512,282892395.0
2009-04-22,57.66112512,53.2738656,282892395.0
2009-04-23,52.92131796,56.799342,282892395.0
2009-04-24,57.46526532,57.42609336,282892395.0
2009-04-27,57.5827812,55.11494772,282892395.0
2009-04-28,55.11494772,55.11494772,282892395.0
2009-04-29,55.31080752,57.3869214,282892395.0
2009-04-30,57.34774944,56.76017004,282892395.0
2009-05-04,56.52513828,59.5413792,282892395.0
2009-05-05,61.34328936,58.87545588,282892395.0
2009-05-06,58.87545588,58.67959608,282892395.0
2009-05-07,58.67959608,57.62195316,282892395.0
2009-05-08,57.54360924,58.75794,282892395.0
2009-05-11,59.07131568,55.2324636,282892395.0
2009-05-12,54.68405616,55.93755888,282892395.0
2009-05-13,55.89838692,55.58501124,282892395.0
2009-05-14,55.6241832,55.38915144,282892395.0
2009-05-15,55.66335516,56.799342,282892395.0
2009-05-18,56.76017004,56.95602984,282892395.0
2009-05-19,57.5827812,56.52513828,282892395.0
2009-05-20,56.6034822,55.07577576,282892395.0
2009-05-21,55.35194168,53.57657648,282892395.0
2009-05-22,53.22150344,52.98478808,282892395.0
2009-05-25,51.40668568,54.16836488,282892395.0
2009-05-26,54.0500072,54.4445328,282892395.0
2009-05-27,54.48398536,54.99686864,282892395.0
2009-06-01,55.11522632,56.219898,282892395.0
2009-06-02,56.37770824,55.98318264,282892395.0
2009-06-03,56.4171608,55.58865704,282892395.0
2009-06-04,55.47029936,54.68124816,282892395.0
2009-06-05,54.4445328,55.6281096,282892395.0
2009-06-08,55.86482496,56.4171608,282892395.0
2009-06-09,56.4171608,59.17884,282892395.0
2009-06-10,59.5733656,59.25774512,282892395.0
2009-06-11,59.02102976,58.9815772,282892395.0
2009-06-12,58.7843144,57.6007376,282892395.0
2009-06-15,57.0089492,57.9952632,282892395.0
2009-06-16,57.75854784,59.09993488,282892395.0
2009-06-17,59.53391304,61.7432564,282892395.0
2009-06-18,61.78270896,62.41394992,282892395.0
2009-06-19,62.3350448,62.21668712,282892395.0
2009-06-22,62.29559224,60.7569424,282892395.0
2009-06-23,59.9678912,60.44132192,282892395.0
2009-06-24,60.28351168,60.20460656,282892395.0
2009-06-25,60.48077448,61.7432564,282892395.0
2009-06-26,61.7432564,60.87530008,282892395.0
2009-06-29,60.59913216,61.3487308,282892395.0
2009-06-30,61.3487308,60.5596796,282892395.0
2009-07-01,60.5596796,61.46708848,282892395.0
2009-07-02,61.62489872,61.5459936,282892395.0
2009-07-03,61.11201544,60.44132192,282892395.0
2009-07-06,60.7569424,60.20460656,282892395.0
2009-07-07,60.20460656,60.52022704,282892395.0
2009-07-08,60.52022704,60.7569424,282892395.0
2009-07-09,61.07256288,64.11041,282892395.0
2009-07-10,63.7158844,63.9131472,282892395.0
2009-07-13,63.83424208,63.7158844,282892395.0
2009-07-14,63.47916904,65.33343936,282892395.0
2009-07-15,65.4912496,65.05727144,282892395.0
2009-07-16,65.05727144,65.33343936,282892395.0
2009-07-17,65.53070216,64.66274584,282892395.0
2009-07-20,64.7021984,64.5049356,282892395.0
2009-07-21,64.74165096,63.40026392,282892395.0
2009-07-22,62.9268332,63.36081136,282892395.0
2009-07-23,63.36081136,63.124096,282892395.0
2009-07-24,63.36081136,62.41394992,282892395.0
2009-07-27,62.7295704,63.9131472,282892395.0
2009-07-28,64.07095744,63.16354856,282892395.0
2009-07-29,63.20300112,58.9815772,282892395.0
2009-07-30,58.23197856,58.90267208,282892395.0
2009-07-31,59.7706284,61.7432564,282892395.0
2009-08-03,61.9405192,61.23037312,282892395.0
2009-08-04,60.67803728,62.29559224,282892395.0
2009-08-05,62.17723456,63.04519088,282892395.0
2009-08-06,63.124096,69.35760048,282892395.0
2009-08-07,70.30446192,67.77949808,282892395.0
2009-08-10,68.055666,68.17402368,282892395.0
2009-08-11,68.88416976,69.75212608,282892395.0
2009-08-12,70.46227216,64.82055608,282892395.0
2009-08-13,65.096724,65.33343936,282892395.0
2009-08-14,65.21508168,63.36081136,282892395.0
2009-08-17,63.124096,59.9678912,282892395.0
2009-08-18,59.9678912,61.07256288,282892395.0
2009-08-19,60.9542052,60.48077448,282892395.0
2009-08-20,60.3624168,64.03150488,282892395.0
2009-08-21,63.7158844,67.38497248,282892395.0
2009-08-24,67.069352,69.75212608,282892395.0
2009-08-25,68.72635952,69.19979024,282892395.0
2009-08-26,69.04198,69.90993632,282892395.0
2009-08-27,69.90993632,67.8584032,282892395.0
2009-08-28,67.81895064,69.04198,282892395.0
2009-08-31,67.069352,66.083038,282892395.0
2009-09-01,65.8857752,66.55646872,282892395.0
2009-09-02,66.2803008,66.83263664,282892395.0
2009-09-03,66.6748264,68.6474544,282892395.0
2009-09-04,67.93730832,70.2255568,282892395.0
2009-09-07,70.4228196,70.85679776,282892395.0
2009-09-08,70.2255568,70.93570288,282892395.0
2009-09-09,70.028294,71.88256432,282892395.0
2009-09-10,71.92201688,73.30285648,282892395.0
2009-09-11,73.7762872,72.5927104,282892395.0
2009-09-14,72.55325784,74.05245512,282892395.0
2009-09-15,74.60479096,73.30285648,282892395.0
2009-09-16,72.5927104,72.5927104,282892395.0
2009-09-17,73.1844988,73.42121416,282892395.0
2009-09-18,73.50011928,74.7626012,282892395.0
2009-09-21,73.85519232,77.64263808,282892395.0
2009-09-22,77.3270176,77.3270176,282892395.0
2009-09-23,77.83990088,74.5653384,282892395.0
2009-09-24,73.7762872,75.11767424,282892395.0
2009-09-25,75.07822168,71.8036592,282892395.0
2009-09-28,70.85679776,70.58062984,282892395.0
2009-09-29,70.18610424,70.8173452,282892395.0
2009-09-30,71.4091336,72.11927968,282892395.0
2009-10-09,72.90833088,74.959864,282892395.0
2009-10-12,74.959864,76.932492,282892395.0
2009-10-13,76.5379664,76.22234592,282892395.0
2009-10-14,76.22234592,76.5379664,282892395.0
2009-10-15,75.7489152,75.82782032,282892395.0
2009-10-16,75.67001008,74.40752816,282892395.0
2009-10-19,74.1708128,76.41960872,282892395.0
2009-10-20,76.5379664,78.27387904,282892395.0
2009-10-21,78.35278416,77.3270176,282892395.0
2009-10-22,77.16920736,76.57741896,282892395.0
2009-10-23,76.97194456,77.28756504,282892395.0
2009-10-26,77.7215432,76.3407036,282892395.0
2009-10-27,74.99931656,77.5242804,282892395.0
2009-10-28,76.18289336,81.0750108,282892395.0
2009-10-29,79.37855072,78.78676232,282892395.0
2009-10-30,79.14183536,81.15391592,282892395.0
2009-11-02,80.2859596,85.69096032,282892395.0
2009-11-03,86.28274872,85.69096032,282892395.0
2009-11-04,85.73041288,84.823004,282892395.0
2009-11-05,84.823004,87.9792088,282892395.0
2009-11-06,87.9792088,86.0065808,282892395.0
2009-11-09,85.92767568,89.12333304,282892395.0
2009-11-10,90.1490996,89.08388048,282892395.0
2009-11-11,89.08388048,89.04442792,282892395.0
2009-11-12,89.9518368,90.66198288,282892395.0
2009-11-13,89.5573112,89.9518368,282892395.0
2009-11-16,90.3463624,92.1217276,282892395.0
2009-11-17,92.00336992,92.47680064,282892395.0
2009-11-18,92.67406344,92.35844296,282892395.0
2009-11-19,92.3189904,92.79242112,282892395.0
2009-11-20,92.79242112,92.79242112,282892395.0
2009-11-23,93.69983,91.727202,282892395.0
2009-11-24,91.727202,88.76826,282892395.0
2009-11-25,88.5709972,89.47840608,282892395.0
2009-11-26,89.9518368,84.74409888,282892395.0
2009-11-27,83.6394272,85.0202668,282892395.0
2009-11-30,86.0065808,90.18855216,282892395.0
2009-12-01,90.3463624,91.45103408,282892395.0
2009-12-02,91.49048664,92.5162532,282892395.0
2009-12-03,92.24008528,91.56939176,282892395.0
2009-12-04,91.56939176,87.22961016,282892395.0
2009-12-07,87.26906272,88.13701904,282892395.0
2009-12-08,88.72880744,88.21592416,282892395.0
2009-12-09,87.3874204,86.67727432,282892395.0
2009-12-10,86.67727432,87.5846832,282892395.0
2009-12-11,87.5846832,85.809318,282892395.0
2009-12-14,84.823004,85.33588728,282892395.0
2009-12-15,85.4147924,86.4011064,282892395.0
2009-12-16,86.36165384,85.33588728,282892395.0
2009-12-17,84.823004,81.11446336,282892395.0
2009-12-18,80.877748,78.1160688,282892395.0
2009-12-21,78.07661624,81.6667992,282892395.0
2009-12-22,81.6667992,84.34957328,282892395.0
2009-12-23,84.0339528,87.1901576,282892395.0
2009-12-24,87.1901576,88.49209208,282892395.0
2009-12-25,88.49209208,89.08388048,282892395.0
2009-12-28,89.5573112,90.5436252,282892395.0
2009-12-29,91.1354136,91.17486616,282892395.0
2009-12-30,91.17486616,90.42526752,282892395.0
2009-12-31,89.24169072,91.56939176,282892395.0
2010-01-04,91.56939176,89.5573112,282892395.0
2010-01-05,88.84716512,92.3189904,282892395.0
2010-01-06,92.3189904,94.686144,282892395.0
2010-01-07,93.8970928,89.9518368,282892395.0
2010-01-08,89.08388048,90.42526752,282892395.0
2010-01-11,91.45103408,97.0532976,282892395.0
2010-01-12,96.57986688,102.26103552,282892395.0
2010-01-13,100.17004984,102.53720344,282892395.0
2010-01-14,104.43092632,103.32625464,282892395.0
2010-01-15,101.9848676,106.521912,282892395.0
2010-01-18,106.87698504,104.50983144,282892395.0
2010-01-19,104.549284,101.55088944,282892395.0
2010-01-20,101.590342,97.8423488,282892395.0
2010-01-21,96.73767712,104.43092632,282892395.0
2010-01-22,103.3657072,96.14588872,282892395.0
2010-01-25,96.2642464,94.72559656,282892395.0
2010-01-26,94.8834068,91.9244648,282892395.0
2010-01-27,92.24008528,94.686144,282892395.0
2010-01-28,93.1080416,93.97599792,282892395.0
2010-01-29,93.3053044,94.686144,282892395.0
2010-02-01,96.2642464,94.17326072,282892395.0
2010-02-02,94.21271328,97.645086,282892395.0
2010-02-03,98.39468464,97.8423488,282892395.0
2010-02-04,97.645086,98.6314,282892395.0
2010-02-05,96.81658224,96.0669836,282892395.0
2010-02-08,94.76504912,92.75296856,282892395.0
2010-02-09,92.713516,91.9244648,282892395.0
2010-02-10,91.84555968,94.13380816,282892395.0
2010-02-11,94.21271328,94.2916184,282892395.0
2010-02-12,95.4751952,98.6314,282892395.0
2010-02-22,98.55249488,100.4067652,282892395.0
2010-02-23,100.4067652,99.4204512,282892395.0
2010-02-24,99.69661912,101.3930792,282892395.0
2010-02-25,101.7876048,103.3657072,282892395.0
2010-02-26,102.61610856,103.40515976,282892395.0
2010-03-01,103.72078024,102.30048808,282892395.0
2010-03-02,101.7876048,103.87859048,282892395.0
2010-03-03,103.3657072,103.99694816,282892395.0
2010-03-04,103.87859048,99.93333448,282892395.0
2010-03-05,98.86811536,97.2505604,282892395.0
2010-03-08,97.29001296,97.4478232,282892395.0
2010-03-09,97.4478232,97.4478232,282892395.0
2010-03-10,98.59194744,100.05169216,282892395.0
2010-03-11,99.617714,97.0532976,282892395.0
2010-03-12,97.01384504,96.10643616,282892395.0
2010-03-15,96.0669836,101.1958164,282892395.0
2010-03-16,100.76183824,100.604028,282892395.0
2010-03-17,100.56457544,102.41884576,282892395.0
2010-03-18,103.60242256,101.82705736,282892395.0
2010-03-19,101.7876048,101.94541504,282892395.0
2010-03-22,102.02432016,101.3930792,282892395.0
2010-03-23,101.07745872,101.03800616,282892395.0
2010-03-24,101.55088944,100.0122396,282892395.0
2010-03-25,100.604028,101.3930792,282892395.0
2010-03-26,101.47198432,101.62979456,282892395.0
2010-03-29,101.590342,104.19421096,282892395.0
2010-03-30,104.23366352,103.52351744,282892395.0
2010-03-31,104.50983144,103.60242256,282892395.0
2010-04-01,103.60242256,107.7054888,282892395.0
2010-04-02,107.78439392,106.521912,282892395.0
2010-04-06,106.60081712,105.7328608,282892395.0
2010-04-07,105.65395568,104.7465468,282892395.0
2010-04-08,104.549284,105.41724032,282892395.0
2010-04-09,105.7328608,107.3109632,282892395.0
2010-04-12,107.98165672,113.2288472,282892395.0
2010-04-13,114.412424,110.70388336,282892395.0
2010-04-14,109.71756936,112.439796,282892395.0
2010-04-15,112.8343216,112.0452704,282892395.0
2010-04-16,109.75702192,112.6370588,282892395.0
2010-04-19,109.6781168,113.18939464,282892395.0
2010-04-20,112.439796,122.302936,282892395.0
2010-04-21,124.275564,122.85527184,282892395.0
2010-04-22,121.316622,130.193448,282892395.0
2010-04-23,127.234506,125.41968824,282892395.0
2010-04-26,124.70954216,122.6974616,282892395.0
2010-04-27,122.302936,123.84158584,282892395.0
2010-04-28,123.76268072,125.4591408,282892395.0
2010-04-29,125.4591408,117.92370184,282892395.0
2010-04-30,118.27877488,118.35768,282892395.0
2010-05-04,117.371366,124.51227936,282892395.0
2010-05-05,124.23611144,127.19505344,282892395.0
2010-05-06,127.234506,122.93417696,282892395.0
2010-05-07,120.330308,119.5412568,282892395.0
2010-05-10,119.46235168,118.35768,282892395.0
2010-05-11,118.35768,118.35768,282892395.0
2010-05-12,115.63545336,113.07103696,282892395.0
2010-05-13,113.07103696,115.91162128,282892395.0
2010-05-14,114.45187656,115.398738,282892395.0
2010-05-17,115.31983288,112.16362808,282892395.0
2010-05-18,109.99373728,114.13625608,282892395.0
2010-05-19,114.09680352,116.81903016,282892395.0
2010-05-20,115.2014752,116.46395712,282892395.0
2010-05-21,113.93899328,117.60808136,282892395.0
2010-05-24,118.7522056,123.60487048,282892395.0
2010-05-25,123.60487048,124.8673524,282892395.0
2010-05-26,124.8673524,125.69585616,282892395.0
2010-05-27,124.59118448,129.83837496,282892395.0
2010-05-28,130.23290056,129.04932376,282892395.0
2010-05-31,129.04932277,128.53328426,282892395.0
2010-06-01,128.53328426,122.93625119,282892395.0
2010-06-02,121.0705735,123.96832821,282892395.0
2010-06-03,123.65076605,123.49198497,282892395.0
2010-06-04,123.41259443,123.61107078,282892395.0
2010-06-07,122.49960322,124.44467145,282892395.0
2010-06-08,124.44467145,123.57137551,282892395.0
2010-06-09,124.20649983,124.60345253,282892395.0
2010-06-10,124.60345253,134.36848895,282892395.0
2010-06-11,135.63873759,131.66921059,282892395.0
2010-06-17,131.66921059,126.42943495,282892395.0
2010-06-18,126.54852076,120.91179242,282892395.0
2010-06-21,119.16520054,125.51644374,282892395.0
2010-06-22,125.35766266,124.60345253,282892395.0
2010-06-23,124.60345253,125.15918631,282892395.0
2010-06-24,125.11949104,129.60505655,282892395.0
2010-06-25,129.60505655,125.67522482,282892395.0
2010-06-28,124.44467145,124.32558564,282892395.0
2010-06-29,123.055337,119.08581,282892395.0
2010-06-30,117.18043704,119.08581,282892395.0
2010-07-01,118.88733365,117.53769447,282892395.0
2010-07-02,117.53769447,114.12390125,282892395.0
2010-07-05,113.09182423,114.3223776,282892395.0
2010-07-06,114.3223776,114.99719719,282892395.0
2010-07-07,114.99719719,117.33921812,282892395.0
2010-07-08,117.4979992,118.64916203,282892395.0
2010-07-09,118.64916203,118.64916203,282892395.0
2010-07-12,119.80032486,120.79270661,282892395.0
2010-07-13,120.11788702,119.08581,282892395.0
2010-07-14,119.95910594,119.12550527,282892395.0
2010-07-15,118.2919046,116.7040938,282892395.0
2010-07-16,117.93464717,115.116283,282892395.0
2010-07-19,115.83079786,115.5132357,282892395.0
2010-07-20,116.18805529,120.95148769,282892395.0
2010-07-21,120.95148769,124.36528091,282892395.0
2010-07-22,124.28589037,125.8340059,282892395.0
2010-07-23,126.6279113,124.84162415,282892395.0
2010-07-26,123.96832821,126.82638765,282892395.0
2010-07-27,127.73937886,130.2004856,282892395.0
2010-07-28,129.4065802,130.51804776,282892395.0
2010-07-29,130.31957141,127.89815994,282892395.0
2010-07-30,126.07217752,127.024864,282892395.0
2010-08-02,127.54090251,129.20810385,282892395.0
2010-08-03,128.09663629,130.63713357,282892395.0
2010-08-04,129.72414236,130.12109506,282892395.0
2010-08-05,130.08139979,136.19447137,282892395.0
2010-08-06,136.11508083,136.51203353,282892395.0
2010-08-09,135.3608707,139.56856932,282892395.0
2010-08-10,138.21893014,137.3456342,282892395.0
2010-08-11,136.1547761,138.933445,282892395.0
2010-08-12,137.3456342,133.97153625,282892395.0
2010-08-13,133.7730599,135.08300381,282892395.0
2010-08-16,135.00361327,137.38532947,282892395.0
2010-08-17,137.3456342,137.06776731,282892395.0
2010-08-18,137.30593893,135.7578234,282892395.0
2010-08-19,136.1547761,133.93184098,282892395.0
2010-08-20,133.85245044,128.69206534,282892395.0
2010-08-23,128.57297953,130.39896195,282892395.0
2010-08-24,130.43865722,132.9791545,282892395.0
2010-08-25,132.38372545,129.0096275,282892395.0
2010-08-26,130.16079033,128.41419845,282892395.0
2010-08-27,128.45389372,129.48597074,282892395.0
2010-08-30,130.79591465,134.76544165,282892395.0
2010-08-31,133.7730599,135.16239435,282892395.0
2010-09-01,134.36848895,130.5974383,282892395.0
2010-09-02,131.98677275,130.08139979,282892395.0
2010-09-03,130.2004856,127.06455927,282892395.0
2010-09-06,127.93785521,126.82638765,282892395.0
2010-09-07,126.82638765,125.19888158,282892395.0
2010-09-08,125.19888158,129.32718966,282892395.0
2010-09-09,130.00200925,126.42943495,282892395.0
2010-09-10,125.8340059,127.77907413,282892395.0
2010-09-13,127.93785521,140.16399837,282892395.0
2010-09-14,140.16399837,139.52887405,282892395.0
2010-09-15,138.933445,139.52887405,282892395.0
2010-09-16,139.60826459,135.95629975,282892395.0
2010-09-17,136.07538556,136.11508083,282892395.0
2010-09-20,135.7578234,133.45549774,282892395.0
2010-09-21,133.69366936,134.963918,282892395.0
2010-09-27,134.88452746,138.933445,282892395.0
2010-09-28,138.37771122,137.30593893,282892395.0
2010-09-29,137.30593893,131.19286735,282892395.0
2010-09-30,129.60505655,133.13793558,282892395.0
2010-10-08,134.88452746,134.36848895,282892395.0
2010-10-11,134.36848895,129.76383763,282892395.0
2010-10-12,128.01724575,128.09663629,282892395.0
2010-10-13,127.62029305,125.8340059,282892395.0
2010-10-14,125.95309171,124.88131942,282892395.0
2010-10-15,124.48436672,119.12550527,282892395.0
2010-10-18,119.52245797,120.31636337,282892395.0
2010-10-19,120.75301134,127.4218167,282892395.0
2010-10-20,127.024864,128.01724575,282892395.0
2010-10-21,128.01724575,125.07979577,282892395.0
2010-10-22,125.07979577,129.08901804,282892395.0
2010-10-25,130.12109506,132.1852491,282892395.0
2010-10-26,132.66159234,131.70890586,282892395.0
2010-10-27,131.90738221,134.36848895,282892395.0
2010-10-28,133.3761072,139.56856932,282892395.0
2010-10-29,138.25862541,141.7121139,282892395.0
2010-11-01,139.68765513,138.77466392,282892395.0
2010-11-02,138.21893014,133.7730599,282892395.0
2010-11-03,133.57458355,133.69366936,282892395.0
2010-11-04,133.69366936,133.41580247,282892395.0
2010-11-05,133.85245044,137.54411055,282892395.0
2010-11-08,137.58380582,135.55934705,282892395.0
2010-11-09,135.16239435,137.90136798,282892395.0
2010-11-10,137.70289163,141.63272336,282892395.0
2010-11-11,138.97314027,140.04491256,282892395.0
2010-11-12,138.933445,131.58982005,282892395.0
2010-11-15,131.58982005,143.26022943,282892395.0
2010-11-16,141.98998079,137.7425869,282892395.0
2010-11-17,138.49679703,135.00361327,282892395.0
2010-11-18,135.00361327,137.7425869,282892395.0
2010-11-19,137.54411055,142.22815241,282892395.0
2010-11-22,140.95790377,150.842026,282892395.0
2010-11-23,149.05573885,151.71532194,282892395.0
2010-11-24,150.0481206,151.35806451,282892395.0
2010-11-25,151.6359314,147.42823278,282892395.0
2010-11-26,146.63432738,146.4755463,282892395.0
2010-11-29,148.18244291,147.30914697,282892395.0
2010-11-30,145.2846882,142.82358146,282892395.0
2010-12-01,142.06937133,140.1243031,282892395.0
2010-12-02,142.06937133,144.8877355,282892395.0
2010-12-03,146.0785936,139.25100716,282892395.0
2010-12-06,139.52887405,138.69527338,282892395.0
2010-12-07,138.85405446,140.71973215,282892395.0
2010-12-08,140.1243031,138.65557811,282892395.0
2010-12-09,138.65557811,137.54411055,282892395.0
2010-12-10,138.77466392,139.21131189,282892395.0
2010-12-13,139.3303977,142.86327673,282892395.0
2010-12-14,142.66480038,142.14876187,282892395.0
2010-12-15,142.14876187,142.14876187,282892395.0
2010-12-16,142.14876187,138.933445,282892395.0
2010-12-17,139.25100716,141.03729431,282892395.0
2010-12-20,141.03729431,136.5517288,282892395.0
2010-12-21,138.06014906,134.92422273,282892395.0
2010-12-22,134.5669653,133.7730599,282892395.0
2010-12-23,133.7730599,135.04330854,282892395.0
2010-12-24,135.59904232,135.16239435,282892395.0
2010-12-27,135.00361327,135.55934705,282892395.0
2010-12-28,134.88452746,130.2004856,282892395.0
2010-12-29,129.0096275,130.994391,282892395.0
2010-12-30,130.27987614,128.05694102,282892395.0
2010-12-31,128.05694102,131.15317208,282892395.0
2011-01-04,130.994391,133.17763085,282892395.0
2011-01-05,132.62189707,134.48757476,282892395.0
2011-01-06,134.48757476,131.19286735,282892395.0
2011-01-07,130.994391,129.72414236,282892395.0
2011-01-10,129.84322817,127.14394981,282892395.0
2011-01-11,127.024864,123.055337,282892395.0
2011-01-12,123.8492424,125.0401005,282892395.0
2011-01-13,124.48436672,122.85686065,282892395.0
2011-01-14,122.81716538,125.75461536,282892395.0
2011-01-17,124.2461951,120.6736208,282892395.0
2011-01-18,119.91941067,121.74539309,282892395.0
2011-01-19,122.97594646,121.82478363,282892395.0
2011-01-20,121.90417417,117.81556136,282892395.0
2011-01-21,117.4979992,114.52085395,282892395.0
2011-01-24,114.52085395,113.17121477,282892395.0
2011-01-25,113.21091004,109.9558979,282892395.0
2011-01-26,109.87650736,114.99719719,282892395.0
2011-01-27,114.24298706,116.3071411,282892395.0
2011-01-28,116.22775056,117.81556136,282892395.0
2011-01-31,118.2919046,117.8949519,282892395.0
2011-02-01,119.08581,120.31636337,282892395.0
2011-02-09,119.8797154,119.20489581,282892395.0
2011-02-10,120.19727756,122.57899376,282892395.0
2011-02-11,122.6583843,123.055337,282892395.0
2011-02-14,122.61868903,122.81716538,282892395.0
2011-02-15,123.53168024,126.15156806,282892395.0
2011-02-16,124.6431478,127.89815994,282892395.0
2011-02-17,127.024864,126.35004441,282892395.0
2011-02-18,126.2309586,123.61107078,282892395.0
2011-02-21,121.30874512,124.56375726,282892395.0
2011-02-22,124.56375726,119.95910594,282892395.0
2011-02-23,119.95910594,119.08581,282892395.0
2011-02-24,119.08581,119.08581,282892395.0
2011-02-25,119.4827627,119.64154378,282892395.0
2011-02-28,119.68123905,123.53168024,282892395.0
2011-03-01,122.85686065,127.62029305,282892395.0
2011-03-02,126.35004441,129.36688493,282892395.0
2011-03-03,128.2157221,124.36528091,282892395.0
2011-03-04,124.04771875,123.92863294,282892395.0
2011-03-07,125.4370532,122.93625119,282892395.0
2011-03-08,121.70569782,120.59423026,282892395.0
2011-03-09,120.59423026,122.34082214,282892395.0
2011-03-10,122.45990795,123.80954713,282892395.0
2011-03-11,123.80954713,122.77747011,282892395.0
2011-03-14,122.45990795,125.07979577,282892395.0
2011-03-15,125.07979577,123.76985186,282892395.0
2011-03-16,123.29350862,124.68284307,282892395.0
2011-03-17,123.57137551,123.53168024,282892395.0
2011-03-18,125.0401005,124.16680456,282892395.0
2011-03-21,123.8492424,121.03087823,282892395.0
2011-03-22,120.79270661,119.08581,282892395.0
2011-03-23,118.72855257,122.6583843,282892395.0
2011-03-24,122.6583843,121.8644789,282892395.0
2011-03-25,122.06295525,121.26904985,282892395.0
2011-03-28,121.0705735,119.80032486,282892395.0
2011-03-29,119.24459108,116.62470326,282892395.0
2011-03-30,116.62470326,118.92702892,282892395.0
2011-03-31,116.3071411,119.32398162,282892395.0
2011-04-01,118.37129514,119.64154378,282892395.0
2011-04-06,119.52245797,118.6888573,282892395.0
2011-04-07,118.6888573,119.08581,282892395.0
2011-04-08,119.04611473,122.61868903,282892395.0
2011-04-11,121.90417417,128.01724575,282892395.0
2011-04-12,126.98516873,128.6126748,282892395.0
2011-04-13,128.6126748,132.30433491,282892395.0
2011-04-14,132.30433491,134.36848895,282892395.0
2011-04-15,134.1700126,134.36848895,282892395.0
2011-04-18,134.88452746,134.20970787,282892395.0
2011-04-19,133.57458355,134.48757476,282892395.0
2011-04-20,134.44787949,135.67843286,282892395.0
2011-04-21,135.47995651,132.5822018,282892395.0
2011-04-22,132.62189707,132.1852491,282892395.0
2011-04-25,134.5669653,134.28909841,282892395.0
2011-04-26,133.3761072,131.35164843,282892395.0
2011-04-27,128.05694102,133.33641193,282892395.0
2011-04-28,132.1852491,130.2004856,282892395.0
2011-04-29,130.2004856,130.2004856,282892395.0
2011-05-03,130.39896195,130.994391,282892395.0
2011-05-04,130.83560992,133.33641193,282892395.0
2011-05-05,133.33641193,133.33641193,282892395.0
2011-05-06,133.01884977,139.92582675,282892395.0
2011-05-09,139.96552202,138.81435919,282892395.0
2011-05-10,139.13192135,138.1395396,282892395.0
2011-05-11,136.71050988,137.46472001,282892395.0
2011-05-12,137.38532947,139.64795986,282892395.0
2011-05-13,138.933445,137.58380582,282892395.0
2011-05-16,138.06014906,136.59142407,282892395.0
2011-05-17,137.3456342,134.84483219,282892395.0
2011-05-18,134.1700126,136.35325245,282892395.0
2011-05-19,137.7425869,138.09984433,282892395.0
2011-05-20,137.7425869,135.83721394,282892395.0
2011-05-23,135.63873759,131.98677275,282892395.0
2011-05-24,130.79591465,131.58982005,282892395.0
2011-05-25,130.95469573,132.10585856,282892395.0
2011-05-26,131.62951532,129.04932277,282892395.0
2011-05-27,129.12871331,123.8492424,282892395.0
2011-05-30,121.4675262,124.2461951,282892395.0
2011-05-31,125.35766266,125.47674847,282892395.0
2011-06-01,126.11187279,126.82638765,282892395.0
2011-06-02,126.82638765,125.59583428,282892395.0
2011-06-03,123.87806578,127.832896,282892395.0
2011-06-07,127.87284378,131.34830064,282892395.0
2011-06-08,131.50809176,131.38824842,282892395.0
2011-06-09,129.830285,130.8289795,282892395.0
2011-06-10,130.2297628,127.4334182,282892395.0
2011-06-13,124.59712582,126.67441038,282892395.0
2011-06-14,125.4360292,124.71696916,282892395.0
2011-06-15,123.31879686,123.71827466,282892395.0
2011-06-16,122.28015458,122.0404679,282892395.0
2011-06-17,122.0404679,123.0391624,282892395.0
2011-06-20,123.0391624,119.2441233,282892395.0
2011-06-21,119.16422774,120.0430789,282892395.0
2011-06-22,121.0417734,120.0430789,282892395.0
2011-06-23,119.84334,121.76083344,282892395.0
2011-06-24,120.00313112,125.4360292,282892395.0
2011-06-27,125.4360292,126.2349848,282892395.0
2011-06-28,126.15508924,128.39216492,282892395.0
2011-06-29,127.19373152,127.0339404,282892395.0
2011-06-30,127.07388818,126.6344626,282892395.0
2011-07-01,127.75300044,125.2362903,282892395.0
2011-07-04,125.2362903,127.59320932,282892395.0
2011-07-05,128.79164272,129.55065054,282892395.0
2011-07-06,128.0326349,131.86762178,282892395.0
2011-07-07,131.86762178,137.4203632,282892395.0
2011-07-08,135.822452,134.58407082,282892395.0
2011-07-11,135.74255644,135.822452,282892395.0
2011-07-12,133.58537632,138.2193188,282892395.0
2011-07-13,138.4190577,139.49764776,282892395.0
2011-07-14,141.37519342,141.4151412,282892395.0
2011-07-15,143.4125302,141.69477566,282892395.0
2011-07-18,141.69477566,143.33263464,282892395.0
2011-07-19,143.812008,141.814619,282892395.0
2011-07-20,141.33524564,140.2167078,282892395.0
2011-07-21,138.2193188,139.81723,282892395.0
2011-07-22,140.69608116,141.25535008,282892395.0
2011-07-25,145.0104414,141.25535008,282892395.0
2011-07-26,141.09555896,140.53629004,282892395.0
2011-07-27,140.6161856,145.6096581,282892395.0
2011-07-28,145.6096581,146.56840482,282892395.0
2011-07-29,146.8080915,146.76814372,282892395.0
2011-08-01,145.36997142,145.4099192,282892395.0
2011-08-02,144.6109636,141.85456678,282892395.0
2011-08-03,141.53498454,142.6135746,282892395.0
2011-08-04,142.4138357,146.0091359,282892395.0
2011-08-05,146.0091359,146.0091359,282892395.0
2011-08-08,145.44986698,144.89059806,282892395.0
2011-08-09,143.29268686,144.13159024,282892395.0
2011-08-10,146.4086137,149.64438388,282892395.0
2011-08-11,150.48328726,152.84020628,282892395.0
2011-08-12,152.12114624,151.2023473,282892395.0
2011-08-15,152.68041516,154.35822192,282892395.0
2011-08-16,154.63785638,149.84412278,282892395.0
2011-08-17,150.04386168,151.6018251,282892395.0
2011-08-18,151.44203398,148.44595048,282892395.0
2011-08-19,147.32741264,149.0052194,282892395.0
2011-08-22,149.0052194,146.8080915,282892395.0
2011-08-23,147.04777818,147.48720376,282892395.0
2011-08-24,149.4046972,147.806786,282892395.0
2011-08-25,148.52584604,147.08772596,282892395.0
2011-08-26,146.76814372,147.36736042,282892395.0
2011-08-29,147.36736042,146.0091359,282892395.0
2011-08-30,145.96918812,147.2075693,282892395.0
2011-08-31,147.64699488,147.2075693,282892395.0
2011-09-01,147.4073082,148.28615936,282892395.0
2011-09-02,148.32610714,147.0078304,282892395.0
2011-09-05,145.44986698,142.69347016,282892395.0
2011-09-06,142.45378348,142.25404458,282892395.0
2011-09-07,143.17284352,143.77206022,282892395.0
2011-09-08,142.93315684,144.13159024,282892395.0
2011-09-09,144.49112026,142.29399236,282892395.0
2011-09-13,143.0130524,139.81723,282892395.0
2011-09-14,139.81723,141.4151412,282892395.0
2011-09-15,140.6161856,142.85326128,282892395.0
2011-09-16,143.6122691,142.57362682,282892395.0
2011-09-19,143.25273908,143.37258242,282892395.0
2011-09-20,142.6135746,143.09294796,282892395.0
2011-09-21,142.09425346,144.6109636,282892395.0
2011-09-22,143.53237354,143.65221688,282892395.0
2011-09-23,142.57362682,143.4125302,282892395.0
2011-09-26,141.89451456,142.4138357,282892395.0
2011-09-27,142.2140968,145.0104414,282892395.0
2011-09-28,143.812008,142.2140968,282892395.0
2011-09-29,140.65613338,139.81723,282892395.0
2011-09-30,138.0195799,140.17676002,282892395.0
2011-10-10,140.97571562,139.2180133,282892395.0
2011-10-11,139.81723,140.2167078,282892395.0
2011-10-12,126.19503702,146.6083526,282892395.0
2011-10-13,145.72950144,148.6057416,282892395.0
2011-10-14,146.8080915,151.4020862,282892395.0
2011-10-17,151.801564,155.796342,282892395.0
2011-10-18,155.67649866,151.801564,282892395.0
2011-10-19,151.0026084,148.24621158,282892395.0
2011-10-20,145.64960588,143.77206022,282892395.0
2011-10-21,142.29399236,145.76944922,282892395.0
2011-10-24,145.76944922,149.6044361,282892395.0
2011-10-25,147.84673378,153.5992141,282892395.0
2011-10-26,153.3994752,153.1997363,282892395.0
2011-10-27,152.6005196,156.63524538,282892395.0
2011-10-28,156.7950365,157.793731,282892395.0
2011-10-31,157.793731,156.5952976,282892395.0
2011-11-01,156.55534982,155.75639422,282892395.0
2011-11-02,154.63785638,163.34647242,282892395.0
2011-11-03,162.50756904,163.1866813,282892395.0
2011-11-04,162.90704684,162.5874646,282892395.0
2011-11-07,162.5874646,162.5874646,282892395.0
2011-11-08,159.79112,159.1919033,282892395.0
2011-11-09,157.03472318,157.71383544,282892395.0
2011-11-10,155.87623756,157.63393988,282892395.0
2011-11-11,157.43420098,157.793731,282892395.0
2011-11-14,157.83367878,159.75117222,282892395.0
2011-11-15,159.79112,157.793731,282892395.0
2011-11-16,155.87623756,161.10939674,282892395.0
2011-11-17,160.9895534,161.46892676,282892395.0
2011-11-18,161.14934452,163.14673352,282892395.0
2011-11-21,163.3864202,161.34908342,282892395.0
2011-11-22,160.31044114,159.9908589,282892395.0
2011-11-23,159.9908589,159.9908589,282892395.0
2011-11-24,156.23576758,159.79112,282892395.0
2011-11-25,158.9921644,154.5979086,282892395.0
2011-11-28,154.43811748,153.1997363,282892395.0
2011-11-29,153.75900522,151.801564,282892395.0
2011-11-30,151.6018251,151.801564,282892395.0
2011-12-01,153.1997363,151.801564,282892395.0
2011-12-02,151.04255618,151.801564,282892395.0
2011-12-05,150.6031306,147.806786,282892395.0
2011-12-06,146.64830038,147.806786,282892395.0
2011-12-07,146.2088748,152.6005196,282892395.0
2011-12-08,151.801564,152.9999974,282892395.0
2011-12-09,151.76161622,153.75900522,282892395.0
2011-12-12,152.6005196,149.0052194,282892395.0
2011-12-13,147.72689044,144.93054584,282892395.0
2011-12-14,143.17284352,144.65091138,282892395.0
2011-12-15,143.65221688,145.2101803,282892395.0
2011-12-16,143.812008,147.0078304,282892395.0
2011-12-19,146.2088748,144.6109636,282892395.0
2011-12-20,143.73211244,139.81723,282892395.0
2011-12-21,140.17676002,138.2193188,282892395.0
2011-12-22,137.85978878,141.33524564,282892395.0
2011-12-23,140.4164467,140.37649892,282892395.0
2011-12-26,140.13681224,139.0182744,282892395.0
2011-12-27,137.30051986,136.6214076,282892395.0
2011-12-28,135.4229742,137.0208854,282892395.0
2011-12-29,135.34307864,139.65743888,282892395.0
2011-12-30,139.09816996,141.0156634,282892395.0
2012-01-04,140.4164467,137.4203632,282892395.0
2012-01-05,133.10600296,127.832896,282892395.0
2012-01-06,126.95404484,137.819841,282892395.0
2012-01-09,137.819841,138.8185355,282892395.0
2012-01-10,138.25926658,142.2140968,282892395.0
2012-01-11,142.13420124,139.29790886,282892395.0
2012-01-12,139.0182744,138.6187966,282892395.0
2012-01-13,138.6187966,135.822452,282892395.0
2012-01-16,134.6240186,128.27232158,282892395.0
2012-01-17,127.91279156,131.38824842,282892395.0
2012-01-18,129.79033722,125.95535034,282892395.0
2012-01-19,124.6370736,127.47336598,282892395.0
2012-01-20,128.55195604,130.2297628,282892395.0
2012-01-30,132.38694292,132.0274129,282892395.0
2012-01-31,132.58668182,132.0274129,282892395.0
2012-02-01,130.18981502,131.98746512,282892395.0
2012-02-02,131.34830064,133.54542854,282892395.0
2012-02-03,133.74516744,135.74255644,282892395.0
2012-02-06,134.86370528,137.819841,282892395.0
2012-02-07,137.6201021,138.37910992,282892395.0
2012-02-08,138.37910992,139.81723,282892395.0
2012-02-09,139.73733444,142.0143579,282892395.0
2012-02-10,141.13550674,143.77206022,282892395.0
2012-02-13,142.45378348,144.8107025,282892395.0
2012-02-14,144.05169468,143.0130524,282892395.0
2012-02-15,142.05430568,143.0130524,282892395.0
2012-02-16,143.0130524,142.93315684,282892395.0
2012-02-17,142.97310462,141.0156634,282892395.0
2012-02-20,142.25404458,141.814619,282892395.0
2012-02-21,141.814619,144.2114858,282892395.0
2012-02-22,145.09033696,145.0104414,282892395.0
2012-02-23,145.56971032,148.6057416,282892395.0
2012-02-24,148.64568938,150.6031306,282892395.0
2012-02-27,151.76161622,148.44595048,282892395.0
2012-02-28,147.806786,147.806786,282892395.0
2012-02-29,147.04777818,146.64830038,282892395.0
2012-03-01,147.0078304,145.48981476,282892395.0
2012-03-02,146.8080915,147.4073082,282892395.0
2012-03-05,148.48589826,147.48720376,282892395.0
2012-03-06,147.0078304,142.8133135,282892395.0
2012-03-07,141.37519342,143.57232132,282892395.0
2012-03-08,143.4125302,147.4073082,282892395.0
2012-03-09,146.8080915,148.8054805,282892395.0
2012-03-12,149.24490608,150.2036528,282892395.0
2012-03-13,149.2049583,150.24360058,282892395.0
2012-03-14,149.48459276,146.88798706,282892395.0
2012-03-15,146.8080915,151.72166844,282892395.0
2012-03-16,151.28224286,153.43942298,282892395.0
2012-03-19,154.7976475,155.71644644,282892395.0
2012-03-20,155.71644644,153.23968408,282892395.0
2012-03-21,153.07989296,152.28093736,282892395.0
2012-03-22,151.2023473,150.08380946,282892395.0
2012-03-23,148.08642046,149.804175,282892395.0
2012-03-26,149.44464498,151.2023473,282892395.0
2012-03-27,151.32219064,152.96004962,282892395.0
2012-03-28,152.64046738,152.4007807,282892395.0
2012-03-29,151.32219064,151.801564,282892395.0
2012-03-30,149.0052194,147.68694266,282892395.0
2012-04-05,147.4073082,152.48067626,282892395.0
2012-04-06,152.48067626,149.0052194,282892395.0
2012-04-09,148.72558494,146.12897924,282892395.0
2012-04-10,145.72950144,146.12897924,282892395.0
2012-04-11,144.97049362,146.4086137,282892395.0
2012-04-12,147.806786,147.72689044,282892395.0
2012-04-13,148.72558494,149.16501052,282892395.0
2012-04-16,149.04516718,147.4073082,282892395.0
2012-04-17,147.08772596,145.25012808,282892395.0
2012-04-18,145.4099192,147.04777818,282892395.0
2012-04-19,147.56709932,145.13028474,282892395.0
2012-04-20,145.0104414,143.37258242,282892395.0
2012-04-23,145.05038918,149.804175,282892395.0
2012-04-24,149.804175,149.804175,282892395.0
2012-04-25,147.806786,152.92010184,282892395.0
2012-04-26,152.9999974,156.9947754,282892395.0
2012-04-27,156.9947754,154.5979086,282892395.0
2012-05-02,157.5939921,155.67649866,282892395.0
2012-05-03,155.796342,153.11984074,282892395.0
2012-05-04,153.11984074,154.3981697,282892395.0
2012-05-07,154.5979086,159.79112,282892395.0
2012-05-08,160.8150345,156.59891,424338593.0
2012-05-09,156.59891,158.4058205,424338593.0
2012-05-10,158.0444384,156.53867965,424338593.0
2012-05-11,154.6715388,151.6600213,424338593.0
2012-05-14,152.08163375,151.1781785,424338593.0
2012-05-15,149.9735715,150.4554143,424338593.0
2012-05-16,150.4554143,150.4554143,424338593.0
2012-05-17,151.1781785,150.63610535,424338593.0
2012-05-18,150.51564465,150.0940322,424338593.0
2012-05-21,149.371268,150.03380185,424338593.0
2012-05-22,152.08163375,151.47933025,424338593.0
2012-05-23,151.5395606,153.7078532,424338593.0
2012-05-24,153.76808355,153.28624075,424338593.0
2012-05-25,152.3827855,151.4190999,424338593.0
2012-05-28,151.11794815,149.371268,424338593.0
2012-05-29,150.39518395,150.4554143,424338593.0
2012-05-30,150.4554143,150.39518395,424338593.0
2012-05-31,149.9735715,153.28624075,424338593.0
2012-06-01,153.4669318,153.5873925,424338593.0
2012-06-04,150.575875,154.00900495,424338593.0
2012-06-05,152.92485865,152.08163375,424338593.0
2012-06-06,150.63610535,153.5873925,424338593.0
2012-06-07,154.189696,150.9372571,424338593.0
2012-06-08,152.08163375,150.9372571,424338593.0
2012-06-11,151.1781785,152.56347655,424338593.0
2012-06-12,152.8646283,163.7060913,424338593.0
2012-06-13,163.52540025,168.0426765,424338593.0
2012-06-14,168.5245193,172.6201831,424338593.0
2012-06-15,172.92133485,172.19857065,424338593.0
2012-06-18,172.19857065,171.71672785,424338593.0
2012-06-19,171.6564975,172.1383403,424338593.0
2012-06-20,173.40317765,171.054194,424338593.0
2012-06-21,169.90981735,167.86198545,424338593.0
2012-06-25,166.9585302,165.93461425,424338593.0
2012-06-26,165.031159,169.3677442,424338593.0
2012-06-27,168.64498,169.849587,424338593.0
2012-06-28,169.06659245,166.53691775,424338593.0
2012-06-29,164.73000725,167.440373,424338593.0
2012-07-02,166.77783915,169.2472835,424338593.0
2012-07-03,169.4882049,172.6201831,424338593.0
2012-07-04,172.258801,167.98244615,424338593.0
2012-07-05,167.38014265,165.031159,424338593.0
2012-07-06,165.33231075,168.2835979,424338593.0
2012-07-09,166.8380695,170.9337333,424338593.0
2012-07-10,169.3677442,167.74152475,424338593.0
2012-07-11,166.8380695,164.9106983,424338593.0
2012-07-12,165.1516197,162.80263605,424338593.0
2012-07-13,162.3810236,159.4899668,424338593.0
2012-07-16,159.4899668,154.7919995,424338593.0
2012-07-17,154.6715388,148.34735205,424338593.0
2012-07-18,148.34735205,148.8894252,424338593.0
2012-07-19,148.34735205,149.07011625,424338593.0
2012-07-20,149.07011625,151.59979095,424338593.0
2012-07-23,150.3349536,150.2144929,424338593.0
2012-07-24,147.62458785,151.4190999,424338593.0
2012-07-25,150.575875,152.80439795,424338593.0
2012-07-26,152.985089,150.27472325,424338593.0
2012-07-27,151.59979095,145.2756042,424338593.0
2012-07-30,144.49260965,142.92662055,424338593.0
2012-07-31,142.20385635,141.5413225,424338593.0
2012-08-01,141.7822439,144.9142221,424338593.0
2012-08-02,143.64938475,148.4075824,424338593.0
2012-08-03,148.10643065,147.14274505,424338593.0
2012-08-06,147.5643575,150.6963357,424338593.0
2012-08-07,150.575875,152.3827855,424338593.0
2012-08-08,152.44301585,152.3827855,424338593.0
2012-08-09,152.3827855,151.9009427,424338593.0
2012-08-10,153.7078532,155.45453335,424338593.0
2012-08-13,156.65914035,150.575875,424338593.0
2012-08-14,151.72025165,149.79288045,424338593.0
2012-08-15,149.79288045,150.575875,424338593.0
2012-08-16,150.27472325,150.99748745,424338593.0
2012-08-17,150.87702675,150.575875,424338593.0
2012-08-20,149.07011625,147.26320575,424338593.0
2012-08-21,147.5643575,150.0940322,424338593.0
2012-08-22,150.15426255,148.58827345,424338593.0
2012-08-23,147.9257396,148.94965555,424338593.0
2012-08-24,148.46781275,148.166661,425328593.0
2012-08-27,146.05859875,143.348233,425328593.0
2012-08-28,144.4323793,139.43326025,425328593.0
2012-08-29,139.734412,136.7228945,425328593.0
2012-08-30,136.8433552,133.04884315,425328593.0
2012-08-31,132.3863093,129.6157132,425328593.0
2012-09-03,129.0134097,131.36239335,425328593.0
2012-09-04,131.1817023,128.1701848,425328593.0
2012-09-05,126.6041957,129.07364005,425328593.0
2012-09-06,129.19410075,131.60331475,425328593.0
2012-09-07,132.2658486,137.14450695,425328593.0
2012-09-10,137.14450695,138.1684229,425328593.0
2012-09-11,138.10819255,134.49437155,425328593.0
2012-09-12,134.49437155,134.7955233,425328593.0
2012-09-13,134.73529295,134.7955233,425328593.0
2012-09-14,134.3136805,134.3136805,425328593.0
2012-09-17,133.1090735,130.097556,425328593.0
2012-09-18,129.79640425,129.43502215,425328593.0
2012-09-19,129.79640425,128.47133655,425328593.0
2012-09-20,128.47133655,124.13475135,425328593.0
2012-09-21,124.13475135,123.17106575,425328593.0
2012-09-24,123.29152645,123.3517568,425328593.0
2012-09-25,122.9903747,123.3517568,425328593.0
2012-09-26,122.9903747,122.32784085,425328593.0
2012-09-27,121.36415525,123.7131389,425328593.0
2012-09-28,123.89382995,125.279128,425328593.0
2012-10-08,125.279128,126.54396535,425328593.0
2012-10-09,126.78488675,132.0249272,425328593.0
2012-10-10,132.3863093,134.37391085,425328593.0
2012-10-11,134.13298945,131.6635451,425328593.0
2012-10-12,132.32607895,130.6998595,425328593.0
2012-10-15,129.79640425,129.9770953,425328593.0
2012-10-16,130.6998595,132.3863093,425328593.0
2012-10-17,132.56700035,130.6998595,425328593.0
2012-10-18,131.60331475,133.1090735,425328593.0
2012-10-19,132.9886128,130.6998595,425328593.0
2012-10-22,131.1817023,130.51916845,425328593.0
2012-10-23,130.6998595,125.45981905,425328593.0
2012-10-24,124.73705485,124.074521,425328593.0
2012-10-25,124.074521,122.1471498,425328593.0
2012-10-26,122.56876225,114.5581257,425328593.0
2012-10-29,114.437665,113.41374905,425328593.0
2012-10-30,113.7149008,110.1010798,425328593.0
2012-10-31,110.2215405,108.2941693,425328593.0
2012-11-01,108.2941693,112.93190625,425328593.0
2012-11-02,112.69098485,113.3535187,425328593.0
2012-11-05,113.29328835,112.8716759,425328593.0
2012-11-06,112.8716759,111.84775995,425328593.0
2012-11-07,111.5466082,108.95670315,425328593.0
2012-11-08,107.5714051,104.9212697,425328593.0
2012-11-09,104.9212697,105.70426425,425328593.0
2012-11-12,105.70426425,105.46334285,425328593.0
2012-11-13,106.90887125,106.06564635,425328593.0
2012-11-14,105.46334285,101.7892915,425328593.0
2012-11-15,101.24721835,97.39247595,425328593.0
2012-11-16,96.36856,98.2959312,425328593.0
2012-11-19,97.39247595,99.19938645,425328593.0
2012-11-20,98.8982347,99.2596168,425328593.0
2012-11-21,99.6209989,99.68122925,425328593.0
2012-11-22,99.3800775,97.15155455,425328593.0
2012-11-23,97.15155455,97.75385805,425328593.0
2012-11-26,97.75385805,97.39247595,425328593.0
2012-11-27,96.36856,94.5616495,425328593.0
2012-11-28,92.8751997,89.92391255,425328593.0
2012-11-29,89.92391255,89.140918,425328593.0
2012-11-30,89.140918,90.345525,425328593.0
2012-12-03,90.28529465,89.20114835,425328593.0
2012-12-04,89.20114835,91.550132,425328593.0
2012-12-05,91.550132,97.87431875,425328593.0
2012-12-06,97.573167,99.1391561,425328593.0
2012-12-07,97.9345491,100.9460666,425328593.0
2012-12-10,101.00629695,106.06564635,425328593.0
2012-12-11,106.06564635,105.1621911,425328593.0
2012-12-12,105.10196075,106.005416,425328593.0
2012-12-13,105.8849553,104.1985055,425328593.0
2012-12-14,103.596202,107.99301755,425328593.0
2012-12-17,107.99301755,108.2941693,425328593.0
2012-12-18,108.2941693,106.8486409,425328593.0
2012-12-19,106.8486409,107.27025335,425328593.0
2012-12-20,106.1258767,111.1852261,425328593.0
2012-12-21,110.7033833,109.55900665,425328593.0
2012-12-24,108.47486035,111.00453505,425328593.0
2012-12-25,111.12499575,114.3172043,425328593.0
2012-12-26,119.8583965,116.9673397,425328593.0
2012-12-27,116.6059576,115.34112025,425328593.0
2012-12-28,114.85927745,113.7149008,425328593.0
2012-12-31,113.233058,113.7149008,425328593.0
2013-01-04,115.4013506,110.52269225,425328593.0
2013-01-07,110.52269225,109.0169335,425328593.0
2013-01-08,109.0169335,113.8353615,425328593.0
2013-01-09,113.5944401,119.07540195,425328593.0
2013-01-10,119.07540195,118.6537895,425328593.0
2013-01-11,118.59355915,113.29328835,425328593.0
2013-01-14,112.93190625,115.46158095,425328593.0
2013-01-15,115.46158095,115.58204165,425328593.0
2013-01-16,115.34112025,114.85927745,425328593.0
2013-01-17,114.5581257,111.84775995,425328593.0
2013-01-18,112.3898331,112.2693724,425328593.0
2013-01-21,113.17282765,112.9921366,425328593.0
2013-01-22,112.45006345,110.2215405,425328593.0
2013-01-23,109.31808525,108.5350907,425328593.0
2013-01-24,108.11347825,104.0780448,425328593.0
2013-01-25,103.17458955,102.2711343,425328593.0
2013-01-28,102.45182535,102.8734378,425328593.0
2013-01-29,103.17458955,102.09044325,425328593.0
2013-01-30,103.596202,112.32960275,425328593.0
2013-01-31,113.05236695,111.36591715,425328593.0
2013-02-01,110.5829226,110.9443047,425328593.0
2013-02-04,111.5466082,109.1373942,425328593.0
2013-02-05,108.8964728,109.9806191,425328593.0
2013-02-06,110.1010798,112.5102938,425328593.0
2013-02-07,112.5102938,117.26849145,425328593.0
2013-02-08,117.62987355,119.55724475,425328593.0
2013-02-18,119.3765537,117.3287218,425328593.0
2013-02-19,116.78664865,112.8716759,425328593.0
2013-02-20,112.57052415,116.42526655,425328593.0
2013-02-21,116.2445755,115.5218113,425328593.0
2013-02-22,115.1604292,113.29328835,425328593.0
2013-02-25,113.41374905,114.49789535,425328593.0
2013-02-26,113.8353615,109.31808525,425328593.0
2013-02-27,109.619237,104.800809,425328593.0
2013-02-28,105.82472495,107.14979265,425328593.0
2013-03-01,107.63163545,108.2941693,425328593.0
2013-03-04,108.11347825,103.8371234,425328593.0
2013-03-05,103.8371234,106.90887125,425328593.0
2013-03-06,107.02933195,109.92038875,425328593.0
2013-03-07,109.92038875,114.25697395,425328593.0
2013-03-08,114.25697395,112.93190625,425328593.0
2013-03-11,112.93190625,110.76361365,425328593.0
2013-03-12,110.76361365,105.70426425,425328593.0
2013-03-13,105.7644946,100.5846845,425328593.0
2013-03-14,100.5846845,99.2596168,425328593.0
2013-03-15,99.92215065,97.03109385,425328593.0
2013-03-18,96.54925105,95.70602615,425328593.0
2013-03-19,95.82648685,97.3322456,425328593.0
2013-03-20,97.4527063,100.1028417,425328593.0
2013-03-21,100.28353275,99.6209989,425328593.0
2013-03-22,99.19938645,99.0186954,425328593.0
2013-03-25,100.64491485,97.87431875,425328593.0
2013-03-26,97.75385805,98.777774,425328593.0
2013-03-27,99.31984715,96.30832965,425328593.0
2013-03-28,95.10372265,91.61036235,425328593.0
2013-03-29,91.85128375,92.2728962,425328593.0
2013-04-01,92.33312655,95.7662565,425328593.0
2013-04-02,95.7662565,93.05589075,425328593.0
2013-04-03,94.5616495,84.32249,425328593.0
2013-04-08,83.17811335,81.73258495,425328593.0
2013-04-09,81.85304565,82.21442775,425328593.0
2013-04-10,82.21442775,83.65995615,425328593.0
2013-04-11,83.78041685,82.93719195,425328593.0
2013-04-12,82.69627055,81.49166355,425328593.0
2013-04-15,81.00982075,80.3472869,425328593.0
2013-04-16,79.504062,81.3109725,425328593.0
2013-04-17,81.61212425,82.45534915,425328593.0
2013-04-18,81.6723546,83.117883,425328593.0
2013-04-19,83.17811335,85.34640595,425328593.0
2013-04-22,85.10548455,82.81673125,425328593.0
2013-04-23,82.93719195,80.1063655,425328593.0
2013-04-24,78.60060675,82.5155795,425328593.0
2013-04-25,82.21442775,81.0700511,425328593.0
2013-04-26,80.9495904,79.3836013,425328593.0
2013-05-02,78.72106745,80.04613515,425328593.0
2013-05-03,80.40751725,81.49166355,425328593.0
2013-05-06,81.7928153,82.81673125,425328593.0
2013-05-07,82.7565009,83.8406472,425328593.0
2013-05-08,83.90087755,85.527097,425328593.0
2013-05-09,85.46686665,84.14179895,425328593.0
2013-05-10,84.02133825,86.731704,425328593.0
2013-05-13,87.0930861,89.44206975,425328593.0
2013-05-14,90.04437325,87.39423785,425328593.0
2013-05-15,87.936311,88.23746275,425328593.0
2013-05-16,88.7795359,88.8999966,425328593.0
2013-05-17,88.6590752,90.16483395,425328593.0
2013-05-20,90.88759815,90.76713745,425328593.0
2013-05-21,91.24898025,94.26049775,425328593.0
2013-05-22,95.2844137,95.10372265,425328593.0
2013-05-23,95.163953,92.69450865,425328593.0
2013-05-24,92.754739,92.69450865,425328593.0
2013-05-27,92.8751997,95.7662565,425328593.0
2013-05-28,96.1276386,95.4048744,425328593.0
2013-05-29,95.4048744,94.74234055,425328593.0
2013-05-30,94.50141915,93.7184246,425328593.0
2013-05-31,93.8388853,92.21266585,425328593.0
2013-06-03,93.3570425,92.21266585,425388593.0
2013-06-04,92.21266585,89.56253045,425388593.0
2013-06-05,89.3818394,90.28529465,425388593.0
2013-06-06,90.2250643,88.0567717,425388593.0
2013-06-07,88.6935465,84.23612724,638082890.0
2013-06-13,82.05290148,80.41548216,638082890.0
2013-06-14,80.77935312,81.870966,638082890.0
2013-06-17,82.3258047,83.96322402,638082890.0
2013-06-18,83.6903208,83.2354821,638082890.0
2013-06-19,82.7806434,83.59935306,638082890.0
2013-06-20,82.7806434,80.68838538,638082890.0
2013-06-21,79.32386928,78.05032092,638082890.0
2013-06-24,77.95935318,73.13806296,638082890.0
2013-06-25,72.41032104,70.13612754,638082890.0
2013-06-26,69.40838562,69.86322432,638082890.0
2013-06-27,70.31806302,67.49806308,755382890.0
2013-06-28,65.86064376,65.0419341,755382890.0
2013-07-01,65.31483732,64.5870954,755382890.0
2013-07-02,64.40515992,67.22515986,755382890.0
2013-07-03,66.67935342,65.58774054,755382890.0
2013-07-04,64.95096636,66.04257924,755382890.0
2013-07-05,66.22451472,66.4064502,755382890.0
2013-07-08,65.13290184,62.40386964,755382890.0
2013-07-09,62.03999868,62.49483738,755382890.0
2013-07-10,61.8580632,64.85999862,755382890.0
2013-07-11,65.0419341,68.04386952,755382890.0
2013-07-12,67.7709663,66.04257924,755382890.0
2013-07-15,65.9516115,67.40709534,755382890.0
2013-07-16,67.40709534,69.31741788,755382890.0
2013-07-17,69.40838562,68.40774048,755382890.0
2013-07-18,68.04386952,66.22451472,755382890.0
2013-07-19,66.04257924,64.04128896,755382890.0
2013-07-22,62.85870834,64.1322567,755382890.0
2013-07-23,64.1322567,66.49741794,755382890.0
2013-07-24,66.31548246,66.22451472,755382890.0
2013-07-25,66.49741794,66.13354698,755382890.0
2013-07-26,65.76967602,66.04257924,755382890.0
2013-07-29,65.31483732,64.1322567,755382890.0
2013-07-30,63.85935348,64.1322567,755382890.0
2013-07-31,64.22322444,63.677418,755382890.0
2013-08-01,63.85935348,64.67806314,755382890.0
2013-08-02,64.95096636,64.95096636,755382890.0
2013-08-05,65.0419341,67.58903082,755382890.0
2013-08-06,67.49806308,70.86386946,755382890.0
2013-08-07,70.68193398,72.41032104,755382890.0
2013-08-08,71.95548234,71.68257912,755382890.0
2013-08-09,71.50064364,72.86515974,755382890.0
2013-08-12,73.2290307,74.1387081,755382890.0
2013-08-13,74.50257906,73.77483714,755382890.0
2013-08-14,73.6838694,71.77354686,755382890.0
2013-08-15,71.50064364,70.9548372,755382890.0
2013-08-16,70.68193398,69.22645014,755382890.0
2013-08-19,68.86257918,70.68193398,755382890.0
2013-08-20,70.68193398,69.86322432,755382890.0
2013-08-21,69.5903211,72.13741782,755382890.0
2013-08-22,70.77290172,70.0451598,755382890.0
2013-08-23,70.4999985,70.77290172,755382890.0
2013-08-26,70.86386946,72.86515974,755382890.0
2013-08-27,72.95612748,73.31999844,755382890.0
2013-08-28,72.774192,71.31870816,755382890.0
2013-08-29,71.22774042,71.4096759,755382890.0
2013-08-30,71.13677268,71.50064364,755382890.0
2013-09-02,71.59161138,70.9548372,755382890.0
2013-09-03,70.9548372,72.3193533,755382890.0
2013-09-04,72.41032104,73.2290307,755382890.0
2013-09-05,72.95612748,72.50128878,755382890.0
2013-09-06,72.04645008,71.59161138,755382890.0
2013-09-09,71.31870816,72.41032104,755382890.0
2013-09-10,72.50128878,72.3193533,755382890.0
2013-09-11,72.50128878,75.59419194,755382890.0
2013-09-12,75.86709516,76.32193386,755382890.0
2013-09-13,76.59483708,79.32386928,755382890.0
2013-09-16,79.50580476,77.95935318,755382890.0
2013-09-17,78.05032092,75.32128872,755382890.0
2013-09-18,75.13935324,76.77677256,755382890.0
2013-09-23,76.8677403,80.32451442,755382890.0
2013-09-24,80.23354668,78.95999832,755382890.0
2013-09-25,78.95999832,85.87354656,755382890.0
2013-09-26,85.78257882,84.05419176,755382890.0
2013-09-27,83.78128854,83.6903208,755382890.0
2013-09-30,83.50838532,81.870966,755382890.0
2013-10-08,82.3258047,83.50838532,755382890.0
2013-10-09,83.05354662,80.87032086,755382890.0
2013-10-10,80.77935312,78.50515962,755382890.0
2013-10-11,78.6870951,79.77870798,755382890.0
2013-10-14,79.86967572,84.41806272,755382890.0
2013-10-15,84.23612724,84.78193368,755382890.0
2013-10-16,84.78193368,81.4161273,755382890.0
2013-10-17,81.77999826,83.59935306,755382890.0
2013-10-18,83.59935306,86.419353,755382890.0
2013-10-21,84.05419176,92.05935288,755382890.0
2013-10-22,91.05870774,95.516127,755382890.0
2013-10-23,94.51548186,91.33161096,755382890.0
2013-10-24,90.78580452,89.6032239,755382890.0
2013-10-25,89.87612712,87.69290136,755382890.0
2013-10-28,87.87483684,78.95999832,755382890.0
2013-10-29,77.41354674,74.77548228,755382890.0
2013-10-30,73.77483714,75.59419194,755382890.0
2013-10-31,74.95741776,72.86515974,755382890.0
2013-11-01,72.59225652,72.95612748,755382890.0
2013-11-04,72.774192,73.31999844,755382890.0
2013-11-05,73.31999844,75.32128872,755382890.0
2013-11-06,75.32128872,73.31999844,755382890.0
2013-11-07,73.13806296,72.04645008,755382890.0
2013-11-08,71.50064364,70.0451598,755382890.0
2013-11-11,70.13612754,70.4999985,755382890.0
2013-11-12,70.68193398,71.13677268,755382890.0
2013-11-13,70.9548372,69.22645014,755382890.0
2013-11-14,69.31741788,69.5903211,755382890.0
2013-11-15,69.77225658,71.4096759,755382890.0
2013-11-18,71.68257912,73.77483714,755382890.0
2013-11-19,73.86580488,73.86580488,755382890.0
2013-11-20,74.04774036,74.32064358,755382890.0
2013-11-21,74.1387081,73.50193392,755382890.0
2013-11-22,73.6838694,73.13806296,755382890.0
2013-11-25,72.86515974,72.68322426,755382890.0
2013-11-26,72.68322426,73.86580488,755382890.0
2013-11-27,73.86580488,74.50257906,755382890.0
2013-11-28,74.50257906,74.5935468,755382890.0
2013-11-29,74.86645002,75.5032242,755382890.0
2013-12-02,74.1387081,71.95548234,755382890.0
2013-12-03,71.8645146,73.41096618,755382890.0
2013-12-04,73.41096618,75.13935324,755382890.0
2013-12-05,75.0483855,75.86709516,755382890.0
2013-12-06,75.9580629,75.13935324,755382890.0
2013-12-09,75.23032098,76.50386934,755382890.0
2013-12-10,76.77677256,76.32193386,755382890.0
2013-12-11,76.32193386,74.41161132,755382890.0
2013-12-12,74.32064358,74.41161132,755382890.0
2013-12-13,74.22967584,73.6838694,755382890.0
2013-12-16,73.77483714,71.68257912,755382890.0
2013-12-17,71.77354686,70.77290172,755382890.0
2013-12-18,70.59096624,71.22774042,755382890.0
2013-12-19,71.50064364,70.86386946,755382890.0
2013-12-20,70.86386946,70.40903076,755382890.0
2013-12-23,70.22709528,70.4999985,755382890.0
2013-12-24,70.77290172,71.50064364,755382890.0
2013-12-25,71.59161138,71.77354686,755382890.0
2013-12-26,71.95548234,69.95419206,755382890.0
2013-12-27,69.95419206,70.4999985,755382890.0
2013-12-30,70.77290172,70.31806302,755382890.0
2013-12-31,70.13612754,70.59096624,755387167.0
2014-01-02,70.68193398,71.13677268,755387167.0
2014-01-03,70.86386946,70.0451598,755387167.0
2014-01-06,70.0451598,67.04322438,755387167.0
2014-01-07,66.95225664,67.40709534,755387167.0
2014-01-08,67.49806308,65.22386958,755387167.0
2014-01-09,65.0419341,63.2225793,755387167.0
2014-01-10,63.04064382,61.8580632,755387167.0
2014-01-13,61.76709546,61.13032128,755387167.0
2014-01-14,60.9483858,61.58515998,755387167.0
2014-01-15,61.4032245,62.49483738,755387167.0
2014-01-16,62.58580512,63.31354704,755387167.0
2014-01-17,63.2225793,61.4032245,755387167.0
2014-01-20,61.4032245,63.58645026,755387167.0
2014-01-21,63.49548252,63.677418,755387167.0
2014-01-22,63.677418,65.67870828,755387167.0
2014-01-23,65.76967602,64.40515992,755387167.0
2014-01-24,64.40515992,64.04128896,755387167.0
2014-01-27,62.85870834,63.04064382,755387167.0
2014-01-28,62.7677406,63.31354704,755387167.0
2014-01-29,63.04064382,62.67677286,755387167.0
2014-01-30,62.7677406,61.76709546,755387167.0
2014-02-07,61.4032245,62.22193416,755387167.0
2014-02-10,62.13096642,64.5870954,755387167.0
2014-02-11,64.5870954,64.95096636,755387167.0
2014-02-12,65.0419341,65.9516115,755387167.0
2014-02-13,65.86064376,64.85999862,755387167.0
2014-02-14,64.5870954,67.58903082,755387167.0
2014-02-17,68.13483726,68.225805,755387167.0
2014-02-18,67.95290178,70.9548372,755387167.0
2014-02-19,70.4999985,70.9548372,755387167.0
2014-02-20,70.77290172,68.95354692,755387167.0
2014-02-21,68.77161144,67.7709663,755387167.0
2014-02-24,67.3161276,68.40774048,755387167.0
2014-02-25,68.49870822,64.85999862,755387167.0
2014-02-26,64.5870954,64.22322444,755387167.0
2014-02-27,64.49612766,64.31419218,755387167.0
2014-02-28,64.1322567,65.13290184,755387167.0
2014-03-03,65.13290184,67.04322438,755387167.0
2014-03-04,65.76967602,67.86193404,755387167.0
2014-03-05,67.95290178,74.68451454,755387167.0
2014-03-06,75.77612742,76.23096612,755387167.0
2014-03-07,75.68515968,75.9580629,755387167.0
2014-03-10,74.77548228,71.4096759,755387167.0
2014-03-11,70.59096624,74.5935468,755387167.0
2014-03-12,74.5935468,75.68515968,755387167.0
2014-03-13,75.32128872,74.04774036,755387167.0
2014-03-14,73.31999844,75.0483855,755387167.0
2014-03-17,75.41225646,78.77806284,755387167.0
2014-03-18,78.77806284,77.68644996,755387167.0
2014-03-19,77.322579,75.59419194,755387167.0
2014-03-20,75.5032242,72.41032104,755387167.0
2014-03-21,71.8645146,73.59290166,755387167.0
2014-03-24,73.50193392,73.13806296,755387167.0
2014-03-25,72.95612748,73.41096618,755387167.0
2014-03-26,73.6838694,75.13935324,755387167.0
2014-03-27,75.0483855,73.2290307,755387167.0
2014-03-28,72.95612748,70.9548372,755387167.0
2014-03-31,70.9548372,70.13612754,755387167.0
2014-04-01,70.0451598,71.50064364,755387167.0
2014-04-02,71.59161138,70.31806302,755387167.0
2014-04-03,70.0451598,70.22709528,755387167.0
2014-04-04,70.4999985,72.41032104,755387167.0
2014-04-08,72.13741782,72.59225652,755387167.0
2014-04-09,72.59225652,74.1387081,755387167.0
2014-04-10,74.41161132,74.86645002,755387167.0
2014-04-11,74.68451454,74.41161132,755387167.0
2014-04-14,74.22967584,75.41225646,755387167.0
2014-04-15,75.41225646,74.04774036,755387167.0
2014-04-16,73.95677262,75.5032242,755387167.0
2014-04-17,75.5032242,74.95741776,755387167.0
2014-04-18,74.50257906,74.1387081,755387167.0
2014-04-21,73.86580488,74.41161132,755387167.0
2014-04-22,73.2290307,72.774192,755387167.0
2014-04-23,72.774192,72.95612748,755387167.0
2014-04-24,72.95612748,70.4999985,755387167.0
2014-04-25,70.40903076,68.225805,755387167.0
2014-04-28,68.13483726,66.04257924,755387167.0
2014-04-29,66.22451472,68.6806437,755387167.0
2014-04-30,67.95290178,70.86386946,755387167.0
2014-05-05,69.5903211,70.9548372,755387167.0
2014-05-06,70.77290172,69.77225658,755387167.0
2014-05-07,69.49935336,69.77225658,755387167.0
2014-05-08,68.49870822,69.86322432,755387167.0
2014-05-09,69.1354824,69.5903211,755387167.0
2014-05-12,69.5903211,73.04709522,755387167.0
2014-05-13,72.41032104,72.59225652,755387167.0
2014-05-14,72.22838556,72.41032104,755387167.0
2014-05-15,72.04645008,70.68193398,755387167.0
2014-05-16,70.40903076,70.68193398,755387167.0
2014-05-19,70.59096624,69.77225658,755387167.0
2014-05-20,70.0451598,70.31806302,755387167.0
2014-05-21,69.68128884,69.77225658,755387167.0
2014-05-22,69.40838562,69.86322432,755387167.0
2014-05-23,69.40838562,69.86322432,755387167.0
2014-05-26,69.77225658,69.77225658,755387167.0
2014-05-27,69.68128884,68.6806437,755387167.0
2014-05-28,68.58967596,68.86257918,755387167.0
2014-05-29,68.225805,67.7709663,755387167.0
2014-05-30,67.95290178,67.13419212,755387167.0
2014-06-03,67.22515986,67.13419212,755387167.0
2014-06-04,67.22515986,67.13419212,755387167.0
2014-06-05,66.95225664,68.6806437,755387167.0
2014-06-06,68.31677274,68.86257918,755387167.0
2014-06-09,69.1354824,68.31677274,755387167.0
2014-06-10,68.6806437,68.6806437,755387167.0
2014-06-11,68.6806437,68.225805,755387167.0
2014-06-12,68.13483726,67.95290178,755387167.0
2014-06-13,67.86193404,68.49870822,755387167.0
2014-06-16,68.58967596,68.86257918,755387167.0
2014-06-17,69.04451466,69.40838562,755387167.0
2014-06-18,69.40838562,70.4999985,755387167.0
2014-06-19,70.40903076,68.95354692,755387167.0
2014-06-20,69.50665306,69.04573361,755387167.0
2014-06-23,68.95354972,69.59883695,755387167.0
2014-06-24,69.50665306,69.96757251,755387167.0
2014-06-25,69.96757251,70.0597564,755387167.0
2014-06-26,69.96757251,71.81125031,755387167.0
2014-06-27,71.62688253,71.99561809,755387167.0
2014-06-30,72.08780198,74.48458312,755387167.0
2014-07-01,74.6689509,75.68297369,755387167.0
2014-07-02,76.23607703,76.05170925,755387167.0
2014-07-03,73.747112,75.12987035,755387167.0
2014-07-04,74.94550257,74.48458312,755387167.0
2014-07-07,74.39239923,74.6689509,755387167.0
2014-07-08,74.6689509,74.39239923,755387167.0
2014-07-09,74.94550257,74.20803145,755387167.0
2014-07-10,74.20803145,72.8252731,755387167.0
2014-07-11,72.8252731,74.85331868,755387167.0
2014-07-14,74.76113479,75.95952536,755387167.0
2014-07-15,75.95952536,77.52665149,755387167.0
2014-07-16,77.34228371,76.5126287,755387167.0
2014-07-17,76.32826092,76.5126287,755387167.0
2014-07-18,76.5126287,77.06573204,755387167.0
2014-07-21,77.06573204,78.26412261,755387167.0
2014-07-22,78.26412261,77.98757094,755387167.0
2014-07-23,77.80320316,77.06573204,755387167.0
2014-07-24,76.97354815,75.77515758,755387167.0
2014-07-25,75.77515758,75.95952536,755387167.0
2014-07-28,75.86734147,79.73906485,755387167.0
2014-07-29,79.64688096,79.83124874,755387167.0
2014-07-30,79.64688096,84.90136269,755387167.0
2014-07-31,84.34825935,85.91538548,755387167.0
2014-08-01,85.7310177,83.42642045,755387167.0
2014-08-04,83.8873399,86.19193715,755387167.0
2014-08-05,86.09975326,87.11377605,755387167.0
2014-08-06,86.46848882,87.20595994,755387167.0
2014-08-07,87.11377605,84.44044324,755387167.0
2014-08-08,84.44044324,84.71699491,755387167.0
2014-08-11,84.44044324,86.19193715,755387167.0
2014-08-12,85.7310177,85.7310177,755387167.0
2014-08-13,85.91538548,86.09975326,755387167.0
2014-08-14,86.09975326,86.6528566,755387167.0
2014-08-15,86.56067271,86.19193715,755387167.0
2014-08-18,86.09975326,84.8091788,755387167.0
2014-08-19,84.62481102,85.7310177,755387167.0
2014-08-20,85.54664992,86.6528566,755387167.0
2014-08-21,86.46848882,85.45446603,755387167.0
2014-08-22,84.99354658,85.54664992,755387167.0
2014-08-25,86.00756937,83.97952379,755387167.0
2014-08-26,83.97952379,83.33423656,755387167.0
2014-08-27,82.965501,81.1218232,755387167.0
2014-08-28,81.21400709,81.21400709,755387167.0
2014-08-29,81.21400709,82.22802988,755387167.0
2014-09-01,82.50458155,84.07170768,755387167.0
2014-09-02,84.25607546,86.00756937,755387167.0
2014-09-03,86.00756937,85.54664992,755387167.0
2014-09-04,85.7310177,85.54664992,755387167.0
2014-09-05,85.54664992,85.54664992,755387167.0
2014-09-09,85.91538548,88.95745385,755387167.0
2014-09-10,88.77308607,91.72297055,755387167.0
2014-09-11,91.72297055,90.89331554,755387167.0
2014-09-12,90.89331554,93.47446446,755387167.0
2014-09-15,92.73699334,94.21193558,755387167.0
2014-09-16,94.0275678,90.98549943,755387167.0
2014-09-17,92.09170611,93.19791279,755387167.0
2014-09-18,93.19791279,96.05561338,755387167.0
2014-09-19,95.13377448,95.8712456,755387167.0
2014-09-22,95.68687782,92.92136112,755387167.0
2014-09-23,92.18389,93.19791279,755387167.0
2014-09-24,93.29009668,92.82917723,755387167.0
2014-09-25,93.19791279,92.82917723,755387167.0
2014-09-26,92.73699334,93.29009668,755387167.0
2014-09-29,93.19791279,93.47446446,755387167.0
2014-09-30,93.75101613,99.83515287,755387167.0
2014-10-08,99.83515287,100.94135955,755387167.0
2014-10-09,100.94135955,100.94135955,755387167.0
2014-10-10,100.4804401,104.72089904,755387167.0
2014-10-13,104.44434737,106.38020906,755387167.0
2014-10-14,106.0114735,100.94135955,755387167.0
2014-10-15,100.75699177,99.65078509,755387167.0
2014-10-16,99.5586012,97.99147507,755387167.0
2014-10-17,97.99147507,96.60871672,755387167.0
2014-10-20,96.42434894,97.99147507,755387167.0
2014-10-21,97.89929118,98.08365896,755387167.0
2014-10-22,98.45239452,95.22595837,755387167.0
2014-10-23,93.84320002,92.09170611,755387167.0
2014-10-24,92.46044167,92.46044167,755387167.0
2014-10-27,91.99952222,90.89331554,755387167.0
2014-10-28,91.2620511,93.47446446,755387167.0
2014-10-29,94.11975169,96.51653283,755387167.0
2014-10-30,96.05561338,96.97745228,755387167.0
2014-10-31,97.89929118,98.45239452,755387167.0
2014-11-03,98.82113008,97.99147507,755387167.0
2014-11-04,98.08365896,95.96342949,755387167.0
2014-11-05,96.51653283,102.04756623,755387167.0
2014-11-06,101.95538234,103.2459568,755387167.0
2014-11-07,103.98342792,102.3241179,755387167.0
2014-11-10,103.2459568,104.53653126,755387167.0
2014-11-11,104.81308293,97.43837173,755387167.0
2014-11-12,97.43837173,97.7149234,755387167.0
2014-11-13,97.16182006,97.25400395,755387167.0
2014-11-14,96.23998116,95.59469393,755387167.0
2014-11-17,95.04159059,95.59469393,755387167.0
2014-11-18,95.50251004,94.0275678,755387167.0
2014-11-19,94.30411947,95.04159059,755387167.0
2014-11-20,95.50251004,97.43837173,755387167.0
2014-11-21,97.80710729,96.14779727,755387167.0
2014-11-24,96.60871672,96.88526839,755387167.0
2014-11-25,96.7930845,97.62273951,755387167.0
2014-11-26,97.80710729,96.7930845,755387167.0
2014-11-27,96.70090061,96.23998116,755387167.0
2014-11-28,96.23998116,98.82113008,755387167.0
2014-12-01,99.65078509,96.88526839,755387167.0
2014-12-02,96.97745228,96.7930845,755387167.0
2014-12-03,96.88526839,94.85722281,755387167.0
2014-12-04,94.76503892,95.13377448,755387167.0
2014-12-05,94.9494067,90.70894776,755387167.0
2014-12-08,90.3402122,89.32618941,755387167.0
2014-12-09,88.77308607,88.21998273,755387167.0
2014-12-10,88.21998273,90.52457998,755387167.0
2014-12-11,90.3402122,91.07768332,755387167.0
2014-12-12,91.35423499,90.3402122,755387167.0
2014-12-15,90.43239609,93.65883224,755387167.0
2014-12-16,93.29009668,92.27607389,755387167.0
2014-12-17,92.46044167,89.97147664,755387167.0
2014-12-18,90.06366053,89.69492497,755387167.0
2014-12-19,89.60274108,87.20595994,755387167.0
2014-12-22,86.92940827,82.32021377,755387167.0
2014-12-23,82.13584599,81.02963931,755387167.0
2014-12-24,82.0436621,83.33423656,755387167.0
2014-12-25,83.33423656,83.33423656,755387167.0
2014-12-26,83.61078823,83.70297212,755387167.0
2014-12-29,83.51860434,82.22802988,755387167.0
2014-12-30,82.0436621,81.67492654,755387167.0
2014-12-31,81.67492654,82.13584599,755387167.0
2015-01-05,82.22802988,85.08573047,755387167.0
2015-01-06,84.62481102,87.29814383,755387167.0
2015-01-07,87.11377605,87.02159216,755387167.0
2015-01-08,86.46848882,86.92940827,755387167.0
2015-01-09,86.74504049,85.7310177,755387167.0
2015-01-12,85.45446603,83.33423656,755387167.0
2015-01-13,83.42642045,84.44044324,755387167.0
2015-01-14,84.44044324,83.61078823,755387167.0
2015-01-15,83.70297212,84.34825935,755387167.0
2015-01-16,84.34825935,84.62481102,755387167.0
2015-01-19,83.33423656,82.0436621,755387167.0
2015-01-20,82.22802988,84.62481102,755387167.0
2015-01-21,84.8091788,87.11377605,755387167.0
2015-01-22,87.5746955,88.12779884,755387167.0
2015-01-23,88.12779884,86.92940827,755387167.0
2015-01-26,86.92940827,90.43239609,755387167.0
2015-01-27,90.98549943,91.72297055,755387167.0
2015-01-28,91.53860277,91.99952222,755387167.0
2015-01-29,91.2620511,92.18389,755387167.0
2015-01-30,92.18389,89.4183733,755387167.0
2015-02-02,88.95745385,89.23400552,755387167.0
2015-02-03,89.4183733,91.53860277,755387167.0
2015-02-04,91.53860277,91.53860277,755387167.0
2015-02-05,92.18389,90.70894776,755387167.0
2015-02-06,90.24802831,87.66687939,755387167.0
2015-02-09,87.75906328,89.51055719,755387167.0
2015-02-10,89.51055719,91.63078666,755387167.0
2015-02-11,91.72297055,95.13377448,755387167.0
2015-02-12,95.41032615,95.04159059,755387167.0
2015-02-13,98.6367623,101.86319845,755387167.0
2015-02-16,100.11170454,102.3241179,755387167.0
2015-02-17,102.3241179,100.75699177,755387167.0
2015-02-25,101.03354344,100.4804401,755387167.0
2015-02-26,100.94135955,99.28204953,755387167.0
2015-02-27,99.28204953,99.74296898,755387167.0
2015-03-02,100.11170454,102.96940513,755387167.0
2015-03-03,102.69285346,101.58664678,755387167.0
2015-03-04,101.58664678,103.61469236,755387167.0
2015-03-05,103.70687625,104.35216348,755387167.0
2015-03-06,104.99745071,102.87722124,755387167.0
2015-03-09,102.60066957,103.33814069,755387167.0
2015-03-10,103.06158902,108.22388686,755387167.0
2015-03-11,108.22388686,110.89721967,755387167.0
2015-03-12,110.620668,107.39423185,755387167.0
2015-03-13,107.39423185,108.22388686,755387167.0
2015-03-16,108.68480631,108.68480631,755387167.0
2015-03-17,107.94733519,108.03951908,755387167.0
2015-03-18,108.22388686,115.13767861,755387167.0
2015-03-19,114.21583971,116.33606918,755387167.0
2015-03-20,116.61262085,116.52043696,755387167.0
2015-03-23,116.33606918,118.17974698,755387167.0
2015-03-24,117.9953792,125.00135484,755387167.0
2015-03-25,125.18572262,123.24986093,755387167.0
2015-03-26,123.24986093,132.37606604,755387167.0
2015-03-27,131.36204325,132.7448016,755387167.0
2015-03-30,132.19169826,133.29790494,755387167.0
2015-03-31,132.7448016,130.16365268,755387167.0
2015-04-01,130.99330769,133.85100828,755387167.0
2015-04-02,132.74480160000002,140.58043225,755387168.0
2015-04-03,137.35399610000002,140.02732891,755387168.0
2015-04-07,140.02732891,140.67261614,755387168.0
2015-04-08,141.77882282000002,134.77284717999999,755387168.0
2015-04-09,134.5884794,130.71675602,755387168.0
2015-04-10,130.53238824000002,133.75882439,755387168.0
2015-04-13,134.5884794,143.34594895,755387168.0
2015-04-14,143.43813284,147.30985622,755387168.0
2015-04-15,147.40204011,144.35997174,755387168.0
2015-04-16,141.96319060000002,144.54433952,755387168.0
2015-04-17,144.35997174,140.39606447,755387168.0
2015-04-20,139.65859335000002,135.87905386,755387168.0
2015-04-21,137.16962832000002,145.00525897,755387168.0
2015-04-22,145.00525897,151.73468294,755387168.0
2015-04-23,150.2597407,147.40204011,755387168.0
2015-04-24,145.18962675,143.25376506,755387168.0
2015-04-27,146.94112066,143.71468451,755387168.0
2015-04-28,143.53031673,135.78686997,755387168.0
2015-04-29,132.74480160000002,139.10549001,755387168.0
2015-04-30,139.10549001,135.87905386,755387168.0
2015-05-04,135.87905386,134.77284717999999,755387168.0
2015-05-05,134.12755995,126.38411319000001,755387168.0
2015-05-06,125.27790651,121.31399924,755387168.0
2015-05-07,121.31399924,124.81698705999999,755387168.0
2015-05-08,126.93721653,130.44020435000002,755387168.0
2015-05-11,131.54641103,134.68066328999998,755387168.0
2015-05-12,134.5884794,133.75882439,755387168.0
2015-05-13,133.6666405,146.11146564999999,755387168.0
2015-05-14,144.7287073,142.60847783,755387168.0
2015-05-15,143.06939728,136.98526053999998,755387168.0
2015-05-18,138.275835,142.51629394,755387168.0
2015-05-19,142.05537449,149.3379018,755387168.0
2015-05-20,149.43008569,159.01721025,755387168.0
2015-05-21,159.38594580999998,174.96502322,755387168.0
2015-05-22,184.82869945000002,185.19743501,755387168.0
2015-05-25,184.82869945000002,190.17536507,755387168.0
2015-05-26,193.40180122,209.16524641,755387168.0
2015-05-27,211.83857922,221.33351989000002,755387168.0
2015-05-28,221.51788767000002,199.20938629,755387168.0
2015-05-29,194.50800790000002,214.69627981,755387168.0
2015-06-01,225.8505305,233.77834504,755387168.0
2015-06-02,240.5999529,257.1930531,755387168.0
2015-06-03,266.13489043000004,259.86638591,755387168.0
2015-06-04,257.28523699,252.39949081999998,755387168.0
2015-06-05,253.5056975,247.0528252,755387168.0
2015-06-08,247.14500909,234.42363227,755387168.0
2015-06-09,233.2252417,245.39351518,755387168.0
2015-06-10,245.2091474,248.98868689000003,755387168.0
2015-06-11,250.00270968,264.93649985999997,755387168.0
2015-06-12,265.02868375,287.6137368,755387168.0
2015-06-15,294.0666091,281.99051951,755387168.0
2015-06-16,282.0827034,279.31718670000004,755387168.0
2015-06-17,280.33120949,276.55167,755387168.0
2015-06-18,281.99051951,269.26914269,755387168.0
2015-06-19,261.34132815000004,251.56983581,755387168.0
2015-06-23,253.23525941,239.72691163,755387168.0
2015-06-24,247.22126895999997,242.22503074,755387168.0
2015-06-25,242.96521418,240.559618,755387168.0
2015-06-26,229.36434347,216.5036562,755387168.0
2015-06-29,220.20457340000002,194.85329058,755387168.0
2015-06-30,175.33095235,194.29815299999999,755387168.0
2015-07-01,192.44769440000002,174.86833769999998,755387168.0
2015-07-02,157.84411857999999,157.38150393,755387168.0
2015-07-03,141.65260583,141.65260583,755387168.0
2015-07-06,143.4105415,127.49659754,755387168.0
2015-07-07,114.7284332,114.7284332,755387168.0
2015-07-08,114.7284332,114.7284332,755387168.0
2015-07-09,114.7284332,114.7284332,755387168.0
2015-07-10,114.7284332,114.7284332,755387168.0
2015-07-13,114.7284332,114.7284332,755387168.0
2015-07-14,126.20127652000001,126.20127652000001,755387168.0
2015-07-15,138.784395,129.16201028,755387168.0
2015-07-16,121.01999244,131.10499181,755387168.0
2015-07-17,131.93769817999998,142.85540392,755387168.0
2015-07-20,142.94792685,146.74136697999998,755387168.0
2015-07-21,143.4105415,155.25347654,755387168.0
2015-07-22,154.97590775,151.08994468999998,755387168.0
2015-07-23,150.71985296999998,160.89737527,755387168.0
2015-07-24,161.45251285,155.16095361,755387168.0
2015-07-27,150.8123759,139.61710137,755387168.0
2015-07-28,126.84893703,128.32930391,755387168.0
2015-07-29,132.03022110999999,135.36104659,755387168.0
2015-07-30,133.2330192,130.36480837,755387168.0
2015-07-31,127.95921219,127.49659754,755387168.0
2015-08-03,123.88820327,121.76017588,755387168.0
2015-08-04,121.85269880999999,132.67788162,755387168.0
2015-08-05,131.84517525,128.79191856,755387168.0
2015-08-06,124.53586378,127.58912047,755387168.0
2015-08-07,129.532102,132.95545041,755387168.0
2015-08-10,135.73113831,143.04044978000002,755387168.0
2015-08-11,143.50306443,154.14320138,755387168.0
2015-08-12,154.42077017,147.94416507,755387168.0
2015-08-13,145.35352303000002,152.57031156999997,755387168.0
2015-08-14,152.57031156999997,151.36751347999999,755387168.0
2015-08-17,149.79462367000002,149.8871466,755387168.0
2015-08-18,151.27499055,134.89843194,755387168.0
2015-08-19,128.42182684,136.00870709999998,755387168.0
2015-08-20,133.69563384999998,139.80214723,755387168.0
2015-08-21,139.24700965,130.17976251,755387168.0
2015-08-24,124.16577206,117.13402938,755387168.0
2015-08-25,105.38361727,105.38361727,755387168.0
2015-08-26,101.68270007,94.83600325,755387168.0
2015-08-27,94.55843446,95.66870962,755387168.0
2015-08-28,97.14907649999999,103.53315866999999,755387168.0
2015-08-31,101.22008541999999,93.17059051,755387168.0
2015-09-01,91.5977007,84.01082044,755387168.0
2015-09-02,79.5697198,84.93604974,755387168.0
2015-09-07,86.32389369,89.09958159,755387168.0
2015-09-08,87.43416884999999,93.91077395,755387168.0
2015-09-09,94.09581981,97.51916822,755387168.0
2015-09-10,95.11357204,94.3733886,755387168.0
2015-09-11,94.74348032,95.76123254999999,755387168.0
2015-09-14,96.50141599,86.23137076,755387168.0
2015-09-15,81.42017840000001,77.62673827,755387168.0
2015-09-16,79.19962808,85.39866439000001,755387168.0
2015-09-17,86.9715542,84.65848095,755387168.0
2015-09-18,85.58371025,86.87903127,755387168.0
2015-09-21,86.0463249,90.6724714,755387168.0
2015-09-22,91.13508605,90.95004019,755387168.0
2015-09-23,88.91453573,87.80426057,755387168.0
2015-09-24,88.35939815,90.76499433000001,755387168.0
2015-09-25,89.93228796000001,85.95380196999999,755387168.0
2015-09-28,86.69398541,88.45192108,755387168.0
2015-09-29,86.50893955,89.65471916999999,755387168.0
2015-09-30,89.46967331,98.62944338,755387168.0
2015-10-08,103.25558988,101.68270007,755387168.0
2015-10-09,100.8499937,101.49765421000001,755387168.0
2015-10-12,101.96026886,105.66118605999999,755387168.0
2015-10-13,103.90325039,105.93875485,755387168.0
2015-10-14,105.01352555,102.05279178999999,755387168.0
2015-10-15,101.775223,108.99201154,755387168.0
2015-10-16,109.73219497999999,109.26958033,755387168.0
2015-10-19,109.63967205,108.99201154,755387168.0
2015-10-20,108.71444275,114.82095613,755387168.0
2015-10-21,113.71068096999998,103.34811281,755387168.0
2015-10-22,103.16306695,109.17705740000001,755387168.0
2015-10-23,109.08453447,113.24806632,755387168.0
2015-10-26,116.20880008,114.54338734000001,755387168.0
2015-10-27,113.15554339,113.89572683,755387168.0
2015-10-28,112.78545167,111.02751599999999,755387168.0
2015-10-29,111.95274529999999,110.74994721,755387168.0
2015-10-30,110.47237842,111.95274529999999,755387168.0
2015-11-02,108.62191982,106.4013695,755387168.0
2015-11-03,106.95650708000001,106.86398415000001,755387168.0
2015-11-04,107.88173638,115.6536625,755387168.0
2015-11-05,115.6536625,117.50412109999999,755387168.0
2015-11-06,117.31907523999999,119.72467141999999,755387168.0
2015-11-09,117.50412109999999,120.00224021000001,755387168.0
2015-11-10,119.90971728000001,124.62838671,755387168.0
2015-11-11,124.81343257,125.83118479999999,755387168.0
2015-11-12,126.10875359,122.50035932,755387168.0
2015-11-13,120.18728607,118.24430453999999,755387168.0
2015-11-16,115.09852491999999,120.92746951,755387168.0
2015-11-17,121.57513002,120.64990071999999,755387168.0
2015-11-18,121.48260709,118.4293504,755387168.0
2015-11-19,119.07701090999998,120.92746951,755387168.0
2015-11-20,120.83494658000001,122.96297397,755387168.0
2015-11-23,122.87045103999999,125.83118479999999,755387168.0
2015-11-24,125.83118479999999,124.99847842999999,755387168.0
2015-11-25,125.18352429,130.27228544,755387168.0
2015-11-26,129.34705614,128.14425805,755387168.0
2015-11-27,127.03398289,115.37609371,755387168.0
2015-11-30,114.08077269,113.52563511,755387168.0
2015-12-01,113.8032039,115.93123129,755387168.0
2015-12-02,114.82095613,115.09852491999999,755387168.0
2015-12-03,115.46861664000001,118.89196505,755387168.0
2015-12-04,117.13402938,116.20880008,755387168.0
2015-12-07,115.93123129,116.94898352,755387168.0
2015-12-08,116.02375421999999,111.49013065000001,755387168.0
2015-12-09,111.02751599999999,110.10228670000001,755387168.0
2015-12-10,110.37985549,110.37985549,755387168.0
2015-12-11,110.47237842,111.58265358,755387168.0
2015-12-14,109.63967205,114.91347906,755387168.0
2015-12-15,115.00600199,117.22655231,755387168.0
2015-12-16,117.22655231,116.67141473,755387168.0
2015-12-17,116.67141473,121.01999244,755387168.0
2015-12-18,120.92746951,119.07701090999998,755387168.0
2015-12-21,119.3545797,121.2050383,755387168.0
2015-12-22,121.29756123,122.03774467,755387168.0
2015-12-23,121.94522174,122.59288225,755387168.0
2015-12-24,122.1302676,120.92746951,755387168.0
2015-12-25,121.66765295,124.81343257,755387168.0
2015-12-28,125.36857015000001,120.74242365,755387168.0
2015-12-29,120.18728607,125.83118479999999,755387168.0
2015-12-30,124.44334085,125.83118479999999,755387168.0
2015-12-31,125.92370772999999,126.47884531,755387168.0
2016-01-04,125.73866187,113.8032039,755387168.0
2016-01-05,106.4013695,109.63967205,755387168.0
2016-01-06,109.91724084,112.78545167,755387168.0
2016-01-07,111.02751599999999,101.49765421000001,755387168.0
2016-01-08,103.25558988,102.05279178999999,755387168.0
2016-01-11,99.36962682000001,91.87526949,755387168.0
2016-01-12,92.24536121,92.52293,755387168.0
2016-01-13,93.54068222999999,87.8967835,755387168.0
2016-01-14,85.58371025,93.26311344,755387168.0
2016-01-15,91.5977007,87.15660006,755387168.0
2016-01-18,86.0463249,89.28462745,755387168.0
2016-01-19,88.8220128,93.54068222999999,755387168.0
2016-01-20,93.4481593,92.24536121,755387168.0
2016-01-21,90.76499433000001,87.8967835,755387168.0
2016-01-22,89.09958159,89.83976503000001,755387168.0
2016-01-25,90.76499433000001,90.57994846999999,755387168.0
2016-01-26,89.7472421,81.51270133,755387168.0
2016-01-27,82.06783890999999,80.40242617,755387168.0
2016-01-28,79.47719687,76.33141725,755387168.0
2016-01-29,76.79403190000001,79.29215101,755387168.0
2016-02-01,79.47719687,80.49494909999999,755387168.0
2016-02-02,80.77251789,82.80802234999999,755387168.0
2016-02-03,89.28462745,91.13508605,755387168.0
2016-02-04,94.83600325,92.61545293,755387168.0
2016-02-05,90.76499433000001,88.91453573,755387168.0
2016-02-15,85.21361853,87.06407713,755387168.0
2016-02-16,87.24912298999999,91.50517777,755387168.0
2016-02-17,91.13508605,91.78274655999999,755387168.0
2016-02-18,92.15283828000001,92.33788414,755387168.0
2016-02-19,92.43040707,91.69022363,755387168.0
2016-02-22,92.80049878999999,94.55843446,755387168.0
2016-02-23,94.74348032,93.54068222999999,755387168.0
2016-02-24,92.70797585999999,94.83600325,755387168.0
2016-02-25,94.83600325,94.83600325,755387168.0
2016-02-26,94.83600325,94.83600325,755387168.0
2016-02-29,94.83600325,94.83600325,755387168.0
2016-03-01,94.83600325,94.83600325,755387168.0
2016-03-02,94.83600325,94.83600325,755387168.0
2016-03-03,94.83600325,94.83600325,755387168.0
2016-03-04,94.83600325,94.83600325,755387168.0
2016-03-07,94.83600325,94.83600325,755387168.0
2016-03-08,94.83600325,94.83600325,755387168.0
2016-03-09,88.63696694,89.37715038,755387168.0
2016-03-10,89.09958159,89.7472421,755387168.0
2016-03-11,88.35939815,88.63696694,755387168.0
2016-03-14,89.56219623999999,92.80049878999999,755387168.0
2016-03-15,92.70797585999999,91.69022363,755387168.0
2016-03-16,92.24536121,89.37715038,755387168.0
2016-03-17,89.83976503000001,96.59393892,755387168.0
2016-03-18,96.13132427000001,97.51916822,755387168.0
2016-03-21,98.35187459000001,101.40513128,755387168.0
2016-03-22,99.46214975,98.81448924,755387168.0
2016-03-23,99.46214975,99.73971854,755387168.0
2016-03-24,98.81448924,99.64719561,755387168.0
2016-03-25,98.44439752000001,99.09205803,755387168.0
2016-03-28,100.38737904999999,99.09205803,754475693.0
2016-03-29,99.46214975,94.92852617999999,754475693.0
2016-03-30,96.22384720000001,97.79673701,754475693.0
2016-03-31,97.98178287,97.42664529,754475693.0
2016-04-01,96.50141599,95.76123254999999,754475693.0
2016-04-05,95.39114083,99.18458096,754475693.0
2016-04-06,98.90701216999999,100.75747077,754475693.0
2016-04-07,100.66494784000001,98.07430579999999,754475693.0
2016-04-08,97.14907649999999,96.68646184999999,754475693.0
2016-04-11,97.33412236,98.90701216999999,754475693.0
2016-04-12,98.99953509999999,98.62944338,754475693.0
2016-04-13,99.09205803,99.73971854,754475693.0
2016-04-14,100.38737904999999,100.75747077,754475693.0
2016-04-15,101.22008541999999,99.64719561,754475693.0
2016-04-18,99.36962682000001,97.42664529,754475693.0
2016-04-19,98.25935166,97.14907649999999,754475693.0
2016-04-20,97.33412236,91.32013190999999,754475693.0
2016-04-21,91.50517777,90.11733382,754475693.0
2016-04-22,89.19210452,91.22760898,754475693.0
2016-04-25,90.6724714,92.61545293,754475693.0
2016-04-26,92.06031535,92.70797585999999,754475693.0
2016-04-27,92.61545293,92.33788414,754475693.0
2016-04-28,92.52293,92.24536121,754475693.0
2016-04-29,91.87526949,92.06031535,754475693.0
2016-05-03,92.06031535,95.20609497,754475693.0
2016-05-04,94.55843446,95.29861790000001,754475693.0
2016-05-05,95.11357204,96.68646184999999,754475693.0
2016-05-06,96.77898478,92.80049878999999,754475693.0
2016-05-09,91.13508605,89.65471916999999,754475693.0
2016-05-10,89.46967331,89.56219623999999,754475693.0
2016-05-11,90.6724714,92.06031535,754475693.0
2016-05-12,90.95004019,91.69022363,754475693.0
2016-05-13,91.5977007,90.39490260999999,754475693.0
2016-05-16,90.30237968,91.04256312,754475693.0
2016-05-17,91.04256312,90.30237968,754475693.0
2016-05-18,90.39490260999999,87.8967835,754475693.0
2016-05-19,87.8967835,87.71173764000001,754475693.0
2016-05-20,86.50893955,87.52669178000001,754475693.0
2016-05-23,87.80426057,87.98930643,754475693.0
2016-05-24,87.80426057,86.9715542,754475693.0
2016-05-25,87.52669178000001,87.43416884999999,754475693.0
2016-05-26,87.24912298999999,87.24912298999999,754475693.0
2016-05-27,86.9715542,88.35939815,754475693.0
2016-05-30,87.61921471000001,87.61921471000001,754475693.0
2016-05-31,87.61921471000001,90.85751726,754475693.0
2016-06-01,90.85751726,90.85751726,754475693.0
2016-06-02,90.48742553999999,91.04256312,754475693.0
2016-06-03,91.13508605,91.41265484,754475693.0
2016-06-06,91.41265484,91.22760898,754475693.0
2016-06-07,91.41265484,90.85751726,754475693.0
2016-06-08,91.13508605,90.57994846999999,754475693.0
2016-06-13,89.46967331,87.06407713,754475693.0
2016-06-14,86.78650834000001,87.06407713,754475693.0
2016-06-15,86.69398541,89.65471916999999,754475693.0
2016-06-16,89.56219623999999,88.35939815,754475693.0
2016-06-17,88.63696694,88.45192108,754475693.0
2016-06-20,88.45192108,88.35939815,754475693.0
2016-06-21,88.63696694,87.71173764000001,754475693.0
2016-06-22,87.8987608,89.7689472,754475693.0
2016-06-23,89.58192856000001,90.04947516000001,754475693.0
2016-06-24,89.7689472,91.63913360000001,754475693.0
2016-06-27,90.2364938,92.38720816000001,754475693.0
2016-06-28,92.1066802,93.60282932,754475693.0
2016-06-29,93.60282932,93.22879204,754475693.0
2016-06-30,93.22879204,94.9119598,754475693.0
2016-07-01,94.81845048000001,93.0417734,754475693.0
2016-07-04,92.5742268,94.35090388,754475693.0
2016-07-05,94.4444132,94.72494116000001,754475693.0
2016-07-06,94.4444132,94.63143183999999,754475693.0
2016-07-07,94.63143183999999,94.63143183999999,754475693.0
2016-07-08,94.63143183999999,94.53792252,754475693.0
2016-07-11,94.4444132,94.53792252,754475693.0
2016-07-12,94.9119598,97.06267416000001,754475693.0
2016-07-13,97.34320212,97.43671144,754475693.0
2016-07-14,97.2496928,96.87565552,754475693.0
2016-07-15,96.50161824,96.12758096,754475693.0
2016-07-18,96.31459960000001,96.12758096,754475693.0
2016-07-19,96.12758096,96.31459960000001,754475693.0
2016-07-20,96.22109028,95.66003436000001,754475693.0
2016-07-21,96.22109028,96.03407164,754475693.0
2016-07-22,96.31459960000001,94.4444132,754475693.0
2016-07-25,94.4444132,94.72494116000001,754475693.0
2016-07-26,94.72494116000001,97.06267416000001,754475693.0
2016-07-27,97.06267416000001,92.94826408,754475693.0
2016-07-28,92.85475476,93.0417734,754475693.0
2016-07-29,93.32230136000001,93.41581068,754475693.0
2016-08-01,92.94826408,93.41581068,754475693.0
2016-08-02,93.32230136000001,92.66773612,754475693.0
2016-08-03,92.5742268,92.48071748000001,754475693.0
2016-08-04,92.5742268,92.5742268,754475693.0
2016-08-05,92.66773612,92.38720816000001,754475693.0
2016-08-08,92.38720816000001,94.16388524,754475693.0
2016-08-09,94.25739456000001,94.35090388,754475693.0
2016-08-10,94.16388524,94.4444132,754475693.0
2016-08-11,94.4444132,93.13528272,754475693.0
2016-08-12,93.41581068,94.53792252,754475693.0
2016-08-15,94.53792252,96.31459960000001,754475693.0
2016-08-16,96.68863688,96.50161824,754475693.0
2016-08-17,96.7821462,97.62373008,754475693.0
2016-08-18,97.90425804,96.7821462,754475693.0
2016-08-19,96.40810892,96.22109028,754475693.0
2016-08-22,96.22109028,105.85255024,754475693.0
2016-08-23,103.14077996,105.47851296,754475693.0
2016-08-24,103.7953452,104.2628918,754475693.0
2016-08-25,102.860252,101.08357492,754475693.0
2016-08-26,101.27059356000001,102.20568676,754475693.0
2016-08-29,101.64463083999999,103.04727064,754475693.0
2016-08-30,103.23428928,102.01866812,754475693.0
2016-08-31,101.83164948000001,101.17708424,754475693.0
2016-09-01,101.36410288,99.68093512,754475693.0
2016-09-02,99.21338852,99.96146308,754475693.0
2016-09-05,100.522519,101.17708424,754475693.0
2016-09-06,101.08357492,101.83164948000001,754475693.0
2016-09-07,101.4576122,101.64463083999999,754475693.0
2016-09-08,101.9251588,101.83164948000001,754475693.0
2016-09-09,101.73814016000001,99.02636988,754475693.0
2016-09-12,97.2496928,96.87565552,754475693.0
2016-09-13,97.81074872,97.53022076,754475693.0
2016-09-14,97.2496928,97.34320212,754475693.0
2016-09-19,97.53022076,97.81074872,754475693.0
2016-09-20,98.37180464,97.7172394,754475693.0
2016-09-21,98.184786,97.2496928,754475693.0
2016-09-22,97.81074872,98.37180464,754475693.0
2016-09-23,98.55882328,97.81074872,754475693.0
2016-09-26,97.7172394,94.9119598,754475693.0
2016-09-27,94.63143183999999,96.31459960000001,754475693.0
2016-09-28,96.87565552,95.3795064,754475693.0
2016-09-29,95.56652504,96.22109028,754475693.0
2016-09-30,95.847053,96.12758096,754475693.0
2016-10-10,97.06267416000001,98.184786,754475693.0
2016-10-11,98.184786,98.93286056000001,754475693.0
2016-10-12,98.65233260000001,98.83935124,754475693.0
2016-10-13,98.65233260000001,99.30689783999999,754475693.0
2016-10-14,98.65233260000001,99.5874258,754475693.0
2016-10-17,99.49391648000001,99.1198792,754475693.0
2016-10-18,98.65233260000001,100.80304696,754475693.0
2016-10-19,100.80304696,100.70953764,754475693.0
2016-10-20,100.80304696,101.55112152,754475693.0
2016-10-21,101.36410288,100.99006560000001,754475693.0
2016-10-24,101.17708424,102.01866812,754475693.0
2016-10-25,101.4576122,101.64463083999999,754475693.0
2016-10-26,101.9251588,100.99006560000001,754475693.0
2016-10-27,100.61602832,100.522519,754475693.0
2016-10-28,100.80304696,99.68093512,754475693.0
2016-10-31,99.77444444,99.40040716000001,754475693.0
2016-11-01,99.68093512,102.67323336000001,754475693.0
2016-11-02,102.20568676,100.522519,754475693.0
2016-11-03,99.5874258,100.70953764,754475693.0
2016-11-04,100.42900968000001,100.33550036000001,754475693.0
2016-11-07,100.33550036000001,100.99006560000001,754475693.0
2016-11-08,101.9251588,101.08357492,754475693.0
2016-11-09,101.17708424,100.522519,754475693.0
2016-11-10,100.99006560000001,102.3927054,754475693.0
2016-11-11,102.29919608,102.860252,754475693.0
2016-11-14,102.95376132,103.23428928,754475693.0
2016-11-15,103.32779860000001,103.60832656000001,754475693.0
2016-11-16,103.60832656000001,102.860252,754475693.0
2016-11-17,102.48621472,103.04727064,754475693.0
2016-11-18,102.860252,103.04727064,754475693.0
2016-11-21,102.860252,102.95376132,754475693.0
2016-11-22,103.23428928,104.44991044,754475693.0
2016-11-23,104.44991044,103.23428928,754475693.0
2016-11-24,103.32779860000001,104.63692908,754475693.0
2016-11-25,104.54341976,105.66553160000001,754475693.0
2016-11-28,105.47851296,104.91745704,754475693.0
2016-11-29,103.88885452,102.860252,754475693.0
2016-11-30,102.20568676,102.01866812,754475693.0
2016-12-01,102.11217744,102.29919608,754475693.0
2016-12-02,102.29919608,99.49391648000001,754475693.0
2016-12-05,98.27829532,98.83935124,754475693.0
2016-12-06,99.21338852,98.83935124,754475693.0
2016-12-07,99.49391648000001,100.24199104,754475693.0
2016-12-08,100.42900968000001,99.5874258,754475693.0
2016-12-09,99.5874258,99.68093512,754475693.0
2016-12-12,99.86795376,94.25739456000001,754475693.0
2016-12-13,93.78984796,95.3795064,754475693.0
2016-12-14,95.3795064,94.07037592,754475693.0
2016-12-15,93.60282932,95.847053,754475693.0
2016-12-16,95.847053,96.31459960000001,754475693.0
2016-12-19,95.94056232,96.31459960000001,754475693.0
2016-12-20,96.50161824,95.94056232,754475693.0
2016-12-21,96.12758096,96.59512756000001,754475693.0
2016-12-22,96.87565552,96.40810892,754475693.0
2016-12-23,96.22109028,94.81845048000001,754475693.0
2016-12-26,94.53792252,95.47301572,754475693.0
2016-12-27,95.3795064,95.56652504,754475693.0
2016-12-28,95.66003436000001,96.31459960000001,754475693.0
2016-12-29,95.94056232,95.28599708,754475693.0
2016-12-30,95.19248776,95.47301572,754475693.0
2017-01-03,95.56652504,96.7821462,754475693.0
2017-01-04,96.7821462,97.81074872,754475693.0
2017-01-05,97.81074872,97.62373008,754475693.0
2017-01-06,98.83935124,97.53022076,754475693.0
2017-01-09,97.43671144,97.06267416000001,754475693.0
2017-01-10,97.15618348000001,97.06267416000001,754475693.0
2017-01-11,97.7172394,96.40810892,754475693.0
2017-01-12,96.40810892,94.4444132,754475693.0
2017-01-13,94.35090388,93.32230136000001,754475693.0
2017-01-16,93.32230136000001,89.7689472,754475693.0
2017-01-17,89.30140060000001,90.33000312,754475693.0
2017-01-18,90.14298448000001,90.33000312,754475693.0
2017-01-19,90.33000312,90.98456836000001,754475693.0
2017-01-20,90.7040404,91.73264292,754475693.0
2017-01-23,91.63913360000001,92.20018952,754475693.0
2017-01-24,92.1066802,92.38720816000001,754475693.0
2017-01-25,92.20018952,92.66773612,754475693.0
2017-01-26,92.94826408,93.13528272,754475693.0
2017-02-03,93.60282932,92.85475476,754475693.0
2017-02-06,92.85475476,93.41581068,754475693.0
2017-02-07,93.13528272,93.50932,754475693.0
2017-02-08,93.50932,94.25739456000001,754475693.0
2017-02-09,93.97686660000001,94.16388524,754475693.0
2017-02-10,94.25739456000001,94.63143183999999,754475693.0
2017-02-13,94.53792252,95.09897844,754475693.0
2017-02-14,95.09897844,94.63143183999999,754475693.0
2017-02-15,94.53792252,93.60282932,754475693.0
2017-02-16,93.69633864,95.00546912,754475693.0
2017-02-17,95.00546912,93.78984796,754475693.0
2017-02-20,93.78984796,95.56652504,754475693.0
2017-02-21,95.3795064,96.12758096,754475693.0
2017-02-22,96.12758096,96.96916483999999,754475693.0
2017-02-23,96.87565552,96.50161824,754475693.0
2017-02-24,96.50161824,97.2496928,754824518.0
2017-02-27,96.87565552,96.40810892,754824518.0
2017-02-28,96.31459960000001,97.62373008,754824518.0
2017-03-01,97.62373008,98.184786,754824518.0
2017-03-02,98.27829532,97.06267416000001,754824518.0
2017-03-03,96.96916483999999,97.06267416000001,754824518.0
2017-03-06,97.06267416000001,98.184786,754824518.0
2017-03-07,98.37180464,97.7172394,754824518.0
2017-03-08,97.62373008,96.96916483999999,754824518.0
2017-03-09,97.06267416000001,95.66003436000001,754824518.0
2017-03-10,95.75354368,95.847053,754824518.0
2017-03-13,95.847053,96.40810892,754824518.0
2017-03-14,96.59512756000001,95.94056232,754824518.0
2017-03-15,96.03407164,95.47301572,754824518.0
2017-03-16,95.66003436000001,97.06267416000001,754824518.0
2017-03-17,96.7821462,96.12758096,754824518.0
2017-03-20,96.12758096,96.59512756000001,754824518.0
2017-03-21,96.68863688,98.93286056000001,754824518.0
2017-03-22,97.2496928,98.27829532,754824518.0
2017-03-23,97.53022076,98.83935124,754824518.0
2017-03-24,99.1198792,98.55882328,754824518.0
2017-03-27,98.65233260000001,97.81074872,754824518.0
2017-03-28,97.90425804,96.31459960000001,754824518.0
2017-03-29,96.40810892,95.75354368,754824518.0
2017-03-30,95.847053,94.4444132,754824518.0
2017-03-31,94.9119598,97.43671144,754824518.0
2017-04-05,96.96916483999999,97.7172394,754824518.0
2017-04-06,97.2496928,99.30689783999999,754824518.0
2017-04-07,99.49391648000001,99.30689783999999,754824518.0
2017-04-10,99.02636988,99.21338852,754824518.0
2017-04-11,98.93286056,99.1198792,754824518.0
2017-04-12,98.93286056,99.68093512,754824518.0
2017-04-13,99.77444444,99.68093512,754824518.0
2017-04-14,99.40040716,97.15618348,754824518.0
2017-04-17,97.81074872,96.68863688,754824518.0
2017-04-18,96.50161824,97.90425804,754824518.0
2017-04-19,96.96916484,95.00546912,754824518.0
2017-04-20,95.00546912,93.78984796,754824518.0
2017-04-21,93.69633864,94.35090388,754824518.0
2017-04-24,94.81845048,90.14298448,754824518.0
2017-04-25,90.61053108,91.91966156,754824518.0
2017-04-26,91.6391336,92.66773612,754824518.0
2017-04-27,92.85475476,93.22879204,754824518.0
2017-04-28,93.13528272,93.41581068,754824518.0
2017-05-02,93.32230136,92.85475476,754824518.0
2017-05-03,92.66773612,92.20018952,754824518.0
2017-05-04,92.29369884,92.48071748,754824518.0
2017-05-05,92.48071748,92.38720816,754824518.0
2017-05-08,92.29369884,91.26509632,754824518.0
2017-05-09,91.171587,92.94826408,754824518.0
2017-05-10,92.66773612,89.67543788,754824518.0
2017-05-11,89.48841924,87.8987608,754824518.0
2017-05-12,87.52472352,87.4312142,754824518.0
2017-05-15,87.52472352,87.8987608,754824518.0
2017-05-16,87.80525148,89.58192856,754824518.0
2017-05-17,89.67543788,89.7689472,754824518.0
2017-05-18,89.39490992,90.2364938,754824518.0
2017-05-19,90.2364938,91.171587,754824518.0
2017-05-22,91.171587,89.58192856,754824518.0
2017-05-23,89.67543788,88.55332604,754824518.0
2017-05-24,88.3663074,89.48841924,754824518.0
2017-05-25,89.3014006,91.26509632,754824518.0
2017-05-26,92.01317088,92.5742268,754824518.0
2017-05-31,93.32230136,92.48071748,754824518.0
2017-06-01,92.29369884,89.3014006,754824518.0
2017-06-02,89.67543788,90.51702176,754824518.0
2017-06-05,89.95596584,90.51702176,754824518.0
2017-06-06,90.33000312,90.2364938,754824518.0
2017-06-07,90.04947516,91.6391336,754824518.0
2017-06-08,91.45211496,90.89105904,754824518.0
2017-06-09,91.07807768,91.26509632,754824518.0
2017-06-12,90.79754972,90.14298448,754824518.0
2017-06-13,90.04947516,90.98456836,754824518.0
2017-06-14,91.1735281,90.41768538,754824518.0
2017-06-15,90.41768538,91.26800844,754824518.0
2017-06-16,91.55144946,90.7011264,754824518.0
2017-06-19,90.7011264,91.1735281,754824518.0
2017-06-20,91.26800844,91.36248878,754824518.0
2017-06-21,91.55144946,91.92937082,754824518.0
2017-06-22,91.92937082,91.1735281,754824518.0
2017-06-23,91.07904776,90.98456742,754824518.0
2017-06-26,90.89008708,91.45696912,754824518.0
2017-06-27,91.26800844,91.1735281,754824518.0
2017-06-28,90.89008708,90.32320504,754824518.0
2017-06-29,90.13424436,90.32320504,754824518.0
2017-06-30,89.94528368,90.41768538,754824518.0
2017-07-03,90.2287247,90.79560674,754824518.0
2017-07-04,90.7011264,90.51216572,754824518.0
2017-07-05,90.51216572,91.55144946,754824518.0
2017-07-06,91.36248878,91.55144946,754824518.0
2017-07-07,91.36248878,91.45696912,754824518.0
2017-07-10,91.45696912,91.55144946,754824518.0
2017-07-11,91.6459298,91.26800844,754824518.0
2017-07-12,91.26800844,90.32320504,754824518.0
2017-07-13,90.60664606,90.13424436,754824518.0
2017-07-14,90.2287247,89.00048028,754824518.0
2017-07-17,88.90599994,87.3943145,754824518.0
2017-07-18,86.73295212,87.67775552,754824518.0
2017-07-19,87.67775552,88.3391179,754824518.0
2017-07-20,88.3391179,88.52807858,754824518.0
2017-07-21,88.24463756,88.3391179,754824518.0
2017-07-24,88.15015722,88.3391179,754824518.0
2017-07-25,88.3391179,87.58327518,754824518.0
2017-07-26,87.67775552,87.58327518,754824518.0
2017-07-27,87.01639314,88.52807858,754824518.0
2017-07-28,88.52807858,88.3391179,754824518.0
2017-07-31,88.3391179,89.09496062,754824518.0
2017-08-01,89.18944096,89.00048028,754824518.0
2017-08-02,88.71703926,88.15015722,754824518.0
2017-08-03,88.05567688,88.52807858,754824518.0
2017-08-04,88.62255892,88.52807858,754824518.0
2017-08-07,88.71703926,89.37840164,754824518.0
2017-08-08,89.2839213,89.00048028,754824518.0
2017-08-09,88.90599994,89.37840164,754824518.0
2017-08-10,89.2839213,88.3391179,754824518.0
2017-08-11,88.24463756,88.15015722,754824518.0
2017-08-14,87.96119654,88.52807858,754824518.0
2017-08-15,88.3391179,88.3391179,754824518.0
2017-08-16,88.24463756,88.90599994,754824518.0
2017-08-17,88.71703926,89.2839213,754824518.0
2017-08-18,88.8115196,89.56736232,754824518.0
2017-08-21,89.756323,91.36248878,754824518.0
2017-08-22,90.89008708,89.66184266,754824518.0
2017-08-23,89.756323,89.47288198,754824518.0
2017-08-24,89.47288198,88.43359824,754824518.0
2017-08-25,88.43359824,89.756323,754824518.0
2017-08-28,89.66184266,90.89008708,754824518.0
2017-08-29,91.07904776,90.51216572,754824518.0
2017-08-30,90.7011264,90.51216572,754824518.0
2017-08-31,90.7011264,90.60664606,754824518.0
2017-09-01,90.7011264,91.1735281,754824518.0
2017-09-04,91.1735281,91.26800844,754824518.0
2017-09-05,91.26800844,91.1735281,754824518.0
2017-09-06,90.98456742,90.98456742,754824518.0
2017-09-07,90.98456742,90.89008708,754824518.0
2017-09-08,90.79560674,90.60664606,754824518.0
2017-09-11,90.7011264,91.07904776,754824518.0
2017-09-12,91.1735281,90.60664606,754824518.0
2017-09-13,90.60664606,91.83489048,754824518.0
2017-09-14,91.6459298,91.45696912,754824518.0
2017-09-15,91.36248878,91.6459298,754824518.0
2017-09-18,91.6459298,92.96865456,754824518.0
2017-09-19,92.77969388,92.30729218,754824518.0
2017-09-20,92.1183315,92.77969388,754824518.0
2017-09-21,93.0631349,92.68521354,754824518.0
2017-09-22,92.40177252,92.02385116,754824518.0
2017-09-25,91.74041014,90.79560674,754824518.0
2017-09-26,90.98456742,90.2287247,754824518.0
2017-09-27,90.03976402,90.41768538,754824518.0
2017-09-28,90.60664606,90.13424436,754824518.0
2017-09-29,89.85080334,90.32320504,754824518.0
2017-10-09,91.36248878,91.26800844,754824518.0
2017-10-10,91.07904776,92.02385116,754824518.0
2017-10-11,91.92937082,91.83489048,754824518.0
2017-10-12,91.6459298,91.45696912,754824518.0
2017-10-13,91.45696912,92.02385116,754824518.0
2017-10-16,92.02385116,90.89008708,754824518.0
2017-10-17,90.60664606,90.13424436,754824518.0
2017-10-18,90.32320504,90.32320504,754824518.0
2017-10-19,90.2287247,88.52807858,754824518.0
2017-10-20,88.8115196,88.90599994,754824518.0
2017-10-23,88.90599994,89.37840164,754824518.0
2017-10-24,89.47288198,89.18944096,754824518.0
2017-10-25,89.56736232,89.85080334,754824518.0
2017-10-26,89.94528368,89.94528368,754824518.0
2017-10-27,89.85080334,90.13424436,754824518.0
2017-10-30,90.13424436,89.00048027999999,754824518.0
2017-10-31,89.00048027999999,89.18944096,754824518.0
2017-11-01,89.18944096,89.18944096,754824518.0
2017-11-02,89.09496062,87.8667162,754824518.0
2017-11-03,88.05567688000001,87.20535382,754824518.0
2017-11-06,87.20535382,87.58327518,754824518.0
2017-11-07,87.48879484,87.8667162,754824518.0
2017-11-08,87.8667162,88.24463756,754824518.0
2017-11-09,88.15015722,88.33911789999999,754824518.0
2017-11-10,88.24463756,88.24463756,754824518.0
2017-11-13,90.2287247,89.56736232,754824518.0
2017-11-14,88.52807857999998,87.8667162,754824518.0
2017-11-15,87.67775551999999,87.11087348000001,754824518.0
2017-11-16,86.73295212,87.11087348000001,754824518.0
2017-11-17,87.11087348000001,85.59918804,754824518.0
2017-11-20,85.31574701999999,85.78814872,754824518.0
2017-11-21,85.78814872,84.27646328,754824518.0
2017-11-22,84.37094361999999,83.99302226,754824518.0
2017-11-23,83.89854192,83.80406158,754824518.0
2017-11-24,83.52062056,83.6151009,754824518.0
2017-11-27,82.95373851999999,82.85925818,754824518.0
2017-11-28,82.85925818,83.89854192,754824518.0
2017-11-29,84.08750260000001,84.27646328,754824518.0
2017-11-30,84.08750260000001,84.74886498000001,754824518.0
2017-12-01,84.65438464,84.55990429999999,754824518.0
2017-12-04,84.55990429999999,83.33165988,754824518.0
2017-12-05,82.6702975,82.57581716,754824518.0
2017-12-06,82.6702975,82.6702975,754824518.0
2017-12-07,82.6702975,81.15861206,754824518.0
2017-12-08,81.06413172,81.7254941,754824518.0
2017-12-11,81.7254941,82.29237614,754824518.0
2017-12-12,82.1978958,81.06413172,754824518.0
2017-12-13,81.2530924,81.63101376,754824518.0
2017-12-14,81.63101376,81.2530924,754824518.0
2017-12-15,81.34757273999999,80.68621035999999,754824518.0
2017-12-18,80.78069070000001,80.59173001999999,754824518.0
2017-12-19,80.49724968,80.78069070000001,754824518.0
2017-12-20,80.68621035999999,80.02484798,754824518.0
2017-12-21,79.74140695999999,78.70212322,754824518.0
2017-12-22,78.51316254,77.9462805,754824518.0
2017-12-25,77.85180016,77.9462805,754824518.0
2017-12-26,77.9462805,78.13524118,754824518.0
2017-12-27,77.85180016,77.19043778,754824518.0
2017-12-28,77.09595744,78.04076083999999,754824518.0
2017-12-29,78.04076083999999,78.04076083999999,754824518.0
2018-01-02,78.04076083999999,78.70212322,754824518.0
2018-01-03,78.79660356,79.08004457999999,754824518.0
2018-01-04,79.26900526,78.8910839,754824518.0
2018-01-05,78.8910839,79.8358873,754824518.0
2018-01-08,80.11932832000001,80.21380866,754824518.0
2018-01-09,79.8358873,79.55244628,754824518.0
2018-01-10,79.55244628,79.17452492000001,754824518.0
2018-01-11,79.17452492000001,79.17452492000001,754824518.0
2018-01-12,79.08004457999999,78.51316254,754824518.0
2018-01-15,78.4186822,77.4738788,754824518.0
2018-01-16,77.28491812,78.22972152,754824518.0
2018-01-17,78.22972152,79.26900526,754824518.0
2018-01-18,79.55244628,79.08004457999999,754824518.0
2018-01-19,79.08004457999999,80.49724968,754824518.0
2018-01-22,80.11932832000001,80.59173001999999,754824518.0
2018-01-23,80.308289,80.02484798,754824518.0
2018-01-24,79.74140695999999,80.59173001999999,754824518.0
2018-01-25,80.49724968,80.21380866,754824518.0
2018-01-26,80.308289,80.78069070000001,754824518.0
2018-01-29,80.87517104,80.40276933999999,754824518.0
2018-01-30,80.02484798,83.33165988,754824518.0
2018-01-31,83.6151009,83.80406158,754824518.0
2018-02-01,82.6702975,79.26900526,754824518.0
2018-02-02,79.17452492000001,80.68621035999999,754824518.0
2018-02-05,80.68621035999999,83.99302226,754824518.0
2018-02-06,81.81997444,80.02484798,754824518.0
2018-02-07,81.06413172,80.308289,754824518.0
2018-02-08,80.308289,82.95373851999999,754824518.0
2018-02-09,80.87517104,80.87517104,754824518.0
2018-02-12,81.2530924,82.1978958,754824518.0
2018-02-13,82.10341546,81.63101376,754824518.0
2018-02-14,81.63101376,80.308289,754824518.0
2018-02-22,80.40276933999999,80.87517104,754824518.0
2018-02-23,80.49724968,80.02484798,754824518.0
2018-02-26,80.49724968,85.032306,754824518.0
2018-02-27,85.22126668,86.16607008,754824518.0
2018-02-28,85.59918804,86.63847178,754824518.0
2018-03-01,85.78814872,87.58327518,754824518.0
2018-03-02,86.92191279999999,85.50470770000001,754824518.0
2018-03-05,86.07158974,87.3943145,754824518.0
2018-03-06,87.58327518,87.3943145,754824518.0
2018-03-07,87.11087348000001,85.69366838,754824518.0
2018-03-08,85.50470770000001,85.50470770000001,754824518.0
2018-03-09,85.50470770000001,87.3943145,754824518.0
2018-03-12,87.8667162,88.33911789999999,754824518.0
2018-03-13,87.96119654,87.3943145,754824518.0
2018-03-14,87.3943145,86.4495111,754824518.0
2018-03-15,86.07158974,87.96119654,754824518.0
2018-03-16,88.71703926,90.2287247,754824518.0
2018-03-19,89.28392129999999,89.00048027999999,754824518.0
2018-03-20,88.05567688000001,88.71703926,754824518.0
2018-03-21,88.90599994,87.20535382,754824518.0
2018-03-22,86.82743246,86.63847178,754824518.0
2018-03-23,84.46542396,83.33165988,754824518.0
2018-03-26,82.1978958,84.27646328,754824518.0
2018-03-27,85.12678634,85.22126668,754824518.0
2018-03-28,84.55990429999999,84.55990429999999,754824518.0
2018-03-29,84.65438464,85.032306,754824518.0
2018-03-30,85.50470770000001,85.12678634,754824518.0
2018-04-02,85.59918804,83.52062056,754824518.0
2018-04-03,82.29237614,82.57581716,754824518.0
2018-04-04,83.52062056,83.89854192,754824518.0
2018-04-09,84.08750260000001,84.74886498000001,754824518.0
2018-04-10,85.12678634,84.18198294,754824518.0
2018-04-11,84.37094361999999,87.11087348000001,754824518.0
2018-04-12,86.73295212,86.35503076,754824518.0
2018-04-13,86.16607008,85.97710939999999,754824518.0
2018-04-16,85.50470770000001,86.26055042,754824518.0
2018-04-17,85.88262906,82.6702975,754824518.0
2018-04-18,82.85925818,83.6151009,754824518.0
2018-04-19,83.04821885999999,83.42614022,754824518.0
2018-04-20,83.52062056,82.38685648,754824518.0
2018-04-23,82.48133682,83.89854192,754824518.0
2018-04-24,83.80406158,84.74886498000001,754824518.0
2018-04-25,84.55990429999999,83.33165988,754824518.0
2018-04-26,83.33165988,81.2530924,754824518.0
2018-04-27,81.15861206,81.81997444,754824518.0
2018-05-02,81.7254941,82.1978958,754824518.0
2018-05-03,82.00893511999999,82.38685648,754824518.0
2018-05-04,82.48133682,82.48133682,754824518.0
2018-05-07,82.48133682,83.33165988,754824518.0
2018-05-08,83.52062056,83.89854192,754824518.0
2018-05-09,84.08750260000001,84.37094361999999,754824518.0
2018-05-10,84.18198294,83.89854192,754824518.0
2018-05-11,83.89854192,83.52062056,754824518.0
2018-05-14,83.6151009,83.33165988,754824518.0
2018-05-15,83.42614022,83.80406158,754824518.0
2018-05-16,83.70958123999999,85.78814872,754824518.0
2018-05-17,85.59918804,87.29983416,754824518.0
2018-05-18,87.20535382,86.92191279999999,754824518.0
2018-05-21,87.11087348000001,87.67775551999999,754824518.0
2018-05-22,87.77223586,87.20535382,754824518.0
2018-05-23,86.63847178,86.4495111,754824518.0
2018-05-24,86.63847178,85.97710939999999,754824518.0
2018-05-25,85.50470770000001,85.59918804,754824518.0
2018-05-28,86.07158974,86.82743246,754824518.0
2018-05-29,86.73295212,86.26055042,754824518.0
2018-05-30,85.032306,85.97710939999999,754824518.0
2018-05-31,86.07158974,90.70112639999999,754824518.0
2018-06-01,90.51216572,88.71703926,754824518.0
2018-06-04,89.28392129999999,88.8115196,754824518.0
2018-06-05,88.8115196,89.28392129999999,754824518.0
2018-06-06,88.62255892,90.03976401999999,754824518.0
2018-06-07,90.70112639999999,88.05567688000001,754824518.0
2018-06-08,88.15015722,85.97710939999999,754824518.0
2018-06-11,85.88262906,84.93782566,754824518.0
2018-06-12,85.31999723,86.27542833,754824518.0
2018-06-13,85.988799,84.26902302,754824518.0
2018-06-14,84.0779368,83.40913503,754824518.0
2018-06-15,83.60022125,81.97598838,754824518.0
2018-06-19,81.11610039,78.44089331,754824518.0
2018-06-20,77.86763465,79.20523818999999,754824518.0
2018-06-21,79.10969508,77.10328977,754824518.0
2018-06-22,76.434488,77.3899191,754824518.0
2018-06-25,77.67654843000001,77.19883288,754824518.0
2018-06-26,76.53003111,76.24340178,754824518.0
2018-06-27,76.33894489000001,76.24340178,754824518.0
2018-06-28,76.05231556,75.09688446,754824518.0
2018-06-29,75.09688446,76.33894489000001,754824518.0
2018-07-02,76.434488,73.95036714,754824518.0
2018-07-03,74.42808269,72.89939293,754824518.0
2018-07-04,72.32613427000001,73.5681947,754824518.0
2018-07-05,72.89939293,70.89298762,754824518.0
2018-07-06,70.89298762,70.22418585,754824518.0
2018-07-09,69.93755652,71.17961695000001,754824518.0
2018-07-10,71.37070317,71.6573325,754824518.0
2018-07-11,70.60635829,70.60635829,754824518.0
2018-07-12,70.70190140000001,71.84841872,754824518.0
2018-07-13,71.56178939,72.13504805,754824518.0
2018-07-16,72.03950494,73.18602226,754824518.0
2018-07-17,73.47265159000001,73.18602226,754824518.0
2018-07-18,73.5681947,72.80384982,754824518.0
2018-07-19,72.70830671,72.03950494,754824518.0
2018-07-20,72.13504805,72.99493604,754824518.0
2018-07-23,72.80384982,72.89939293,754824518.0
2018-07-24,72.89939293,74.14145336,754824518.0
2018-07-25,73.95036714,73.75928092,754824518.0
2018-07-26,73.75928092,73.75928092,754824518.0
2018-07-27,73.37710848,72.99493604,754824518.0
2018-07-30,73.09047915000001,71.56178939,754824518.0
2018-07-31,71.75287561,72.03950494,754824518.0
2018-08-01,72.13504805,71.37070317,754824518.0
2018-08-02,70.89298762,69.45984097,754824518.0
2018-08-03,69.45984097,69.07766853000001,754824518.0
2018-08-06,69.17321164,67.93115121000001,754824518.0
2018-08-07,67.64452188,68.59995298,754824518.0
2018-08-08,68.59995298,66.59354766999999,754824518.0
2018-08-09,66.59354766999999,67.35789255,754824518.0
2018-08-10,67.26234944000001,67.35789255,754824518.0
2018-08-13,66.68909078,66.97572011,754824518.0
2018-08-14,66.880177,67.54897877,754824518.0
2018-08-15,67.8356081,65.73365968,754824518.0
2018-08-16,65.35148724,64.9693148,754824518.0
2018-08-17,65.25594413,63.63171126,754824518.0
2018-08-20,63.727254370000004,62.67628016,754824518.0
2018-08-21,62.96290949,63.727254370000004,755522168.0
2018-08-22,63.63171126,63.53616815,755522168.0
2018-08-23,63.34508193,62.86736638,755522168.0
2018-08-24,62.580737049999996,62.67628016,755522168.0
2018-08-27,62.67628016,63.727254370000004,755522168.0
2018-08-28,63.727254370000004,63.63171126,755522168.0
2018-08-29,63.63171126,62.96290949,755522168.0
2018-08-30,62.96290949,61.33867662,755522168.0
2018-08-31,61.24313351,61.147590400000006,755522168.0
2018-09-03,61.05204729,64.01388370000001,755522168.0
2018-09-04,64.01388370000001,64.9693148,755522168.0
2018-09-05,64.68268547,64.87377169,755522168.0
2018-09-06,64.58714236,63.91834059000001,755522168.0
2018-09-07,64.01388370000001,64.30051303,755522168.0
2018-09-10,64.30051303,62.86736638,755522168.0
2018-09-11,62.771823270000006,63.91834059000001,755522168.0
2018-09-12,63.63171126,65.06485791,755522168.0
2018-09-13,65.54257346,65.63811657000001,755522168.0
2018-09-14,65.63811657000001,64.68268547,755522168.0
2018-09-17,64.49159925000001,64.01388370000001,755522168.0
2018-09-18,63.727254370000004,65.16040102000001,755522168.0
2018-09-19,65.06485791,65.35148724,755522168.0
2018-09-20,64.49159925000001,65.82920279,755522168.0
2018-09-21,65.73365968,66.78463389000001,755522168.0
2018-09-25,66.30691834000001,66.11583212000001,755522168.0
2018-09-26,66.11583212000001,66.02028901,755522168.0
2018-09-27,65.82920279,64.30051303,755522168.0
2018-09-28,64.68268547,66.30691834000001,755522168.0
2018-10-08,65.06485791,63.91834059000001,755522168.0
2018-10-09,63.82279748,64.49159925000001,755522168.0
2018-10-10,64.68268547,63.34508193,755522168.0
2018-10-11,61.81639217,58.66346954,755522168.0
2018-10-12,58.18575399,57.80358155,755522168.0
2018-10-15,58.09021088,56.56152112,755522168.0
2018-10-16,56.46597801,54.93728825,755522168.0
2018-10-17,55.79717624,55.31946069,755522168.0
2018-10-18,54.746202030000006,54.26848648,755522168.0
2018-10-19,53.69522782,55.98826246,755522168.0
2018-10-22,56.27489179,59.42781442,755522168.0
2018-10-23,59.33227131,58.18575399,755522168.0
2018-10-24,58.09021088,58.472383320000006,755522168.0
2018-10-25,57.13477978,57.99466777000001,755522168.0
2018-10-26,58.09021088,58.75901265,755522168.0
2018-10-29,58.56792643,57.89912466,755522168.0
2018-10-30,58.18575399,58.56792643,755522168.0
2018-10-31,58.66346954,59.61890064000001,755522168.0
2018-11-01,60.001073080000005,59.523357530000006,755522168.0
2018-11-02,60.09661619,61.147590400000006,755522168.0
2018-11-05,60.66987485,60.57433174,755522168.0
2018-11-06,60.57433174,60.287702409999994,755522168.0
2018-11-07,60.57433174,60.66987485,755522168.0
2018-11-08,61.24313351,60.1921593,755522168.0
2018-11-09,60.001073080000005,60.478788630000004,755522168.0
2018-11-12,60.57433174,62.771823270000006,755522168.0
2018-11-13,61.81639217,64.10942681,755522168.0
2018-11-14,64.20496992,63.82279748,755522168.0
2018-11-15,64.39605614,65.06485791,755522168.0
2018-11-16,66.21137523,70.51081518,755522168.0
2018-11-19,69.36429786,66.880177,755522168.0
2018-11-20,66.02028901,64.20496992,755522168.0
2018-11-21,63.153995710000004,64.58714236,755522168.0
2018-11-22,64.20496992,64.68268547,755522168.0
2018-11-23,64.77822858,61.147590400000006,755522168.0
2018-11-26,61.05204729,61.529762840000004,755522168.0
2018-11-27,62.00747839,62.580737049999996,755522168.0
2018-11-28,62.48519394,63.82279748,755522168.0
2018-11-29,64.10942681,61.81639217,755522168.0
2018-11-30,61.434219729999995,62.38965083,755522168.0
2018-12-03,63.53616815,65.06485791,755522168.0
2018-12-04,64.77822858,65.06485791,755522168.0
2018-12-05,63.91834059000001,64.58714236,755522168.0
2018-12-06,64.30051303,63.153995710000004,755522168.0
2018-12-07,63.34508193,63.249538820000005,755522168.0
2018-12-10,63.153995710000004,62.103021500000004,755522168.0
2018-12-11,62.67628016,62.580737049999996,755522168.0
2018-12-12,62.67628016,63.44062504,755522168.0
2018-12-13,63.153995710000004,63.63171126,755522168.0
2018-12-14,63.727254370000004,62.19856461,755522168.0
2018-12-17,61.91193528000001,61.529762840000004,755522168.0
2018-12-18,61.434219729999995,61.147590400000006,755522168.0
2018-12-19,60.86096107,60.478788630000004,755522168.0
2018-12-20,60.287702409999994,60.287702409999994,755522168.0
2018-12-21,60.09661619,60.38324552,755522168.0
2018-12-24,60.001073080000005,60.57433174,755522168.0
2018-12-25,60.001073080000005,60.66987485,755522168.0
2018-12-26,60.287702409999994,60.001073080000005,755522168.0
2018-12-27,60.86096107,58.56792643,755522168.0
2018-12-28,58.854555760000004,59.2367282,755522168.0
2019-01-02,59.80998686,58.854555760000004,755522168.0
2019-01-03,58.95009887,58.95009887,755522168.0
2019-01-04,58.472383320000006,60.38324552,755522168.0
2019-01-07,60.66987485,61.91193528000001,755522168.0
2019-01-08,61.72084906,61.625305950000005,755522168.0
2019-01-09,61.625305950000005,61.72084906,755522168.0
2019-01-10,61.72084906,61.72084906,755522168.0
2019-01-11,61.625305950000005,61.625305950000005,755522168.0
2019-01-14,61.529762840000004,61.05204729,755522168.0
2019-01-15,60.66987485,62.00747839,755522168.0
2019-01-16,62.103021500000004,61.72084906,755522168.0
2019-01-17,62.103021500000004,60.95650418,755522168.0
2019-01-18,61.24313351,61.33867662,755522168.0
2019-01-21,61.529762840000004,61.33867662,755522168.0
2019-01-22,61.05204729,60.001073080000005,755522168.0
2019-01-23,60.001073080000005,59.905529969999996,755522168.0
2019-01-24,59.905529969999996,60.09661619,755522168.0
2019-01-25,60.57433174,61.529762840000004,755522168.0
2019-01-28,61.81639217,60.57433174,755522168.0
2019-01-29,60.001073080000005,59.71444375,755522168.0
2019-01-30,59.523357530000006,59.61890064000001,755522168.0
2019-01-31,59.905529969999996,58.95009887,755522168.0
2019-02-01,59.2367282,60.1921593,755522168.0
2019-02-11,60.1921593,61.81639217,755522168.0
2019-02-12,61.625305950000005,62.19856461,755522168.0
2019-02-13,62.580737049999996,63.44062504,755522168.0
2019-02-14,63.34508193,62.771823270000006,755522168.0
2019-02-15,62.86736638,62.67628016,755522168.0
2019-02-18,63.058452599999995,64.39605614,755522168.0
2019-02-19,64.39605614,63.53616815,755522168.0
2019-02-20,63.249538820000005,63.153995710000004,755522168.0
2019-02-21,62.96290949,62.580737049999996,755522168.0
2019-02-22,62.48519394,63.727254370000004,755522168.0
2019-02-25,64.01388370000001,66.97572011,755522168.0
2019-02-26,66.880177,66.49800456,755522168.0
2019-02-27,66.880177,66.30691834000001,755522168.0
2019-02-28,66.78463389000001,67.45343566,755522168.0
2019-03-01,67.45343566,67.26234944000001,755522168.0
2019-03-04,67.64452188,68.31332365,755522168.0
2019-03-05,67.8356081,69.26875475,755522168.0
2019-03-06,69.26875475,70.51081518,755522168.0
2019-03-07,70.51081518,71.46624628000001,755522168.0
2019-03-08,70.22418585,67.35789255,755522168.0
2019-03-11,67.16680633,71.56178939,755522168.0
2019-03-12,72.03950494,71.6573325,755522168.0
2019-03-13,71.56178939,70.41527207,755522168.0
2019-03-14,69.65092719,68.59995298,755522168.0
2019-03-15,68.98212542,69.84201340999999,755522168.0
2019-03-18,70.41527207,71.84841872,755522168.0
2019-03-19,71.84841872,71.6573325,755522168.0
2019-03-20,71.84841872,71.27516006,755522168.0
2019-03-21,71.56178939,72.42167738,755522168.0
2019-03-22,72.42167738,74.5236258,755522168.0
2019-03-25,72.99493604,72.6127636,755522168.0
2019-03-26,72.89939293,70.98853073,755522168.0
2019-03-27,71.46624628000001,71.27516006,755522168.0
2019-03-28,71.08407384,69.93755652,755522168.0
2019-03-29,70.12864274,71.46624628000001,755522168.0
2019-04-01,71.46624628000001,73.66373781,755522168.0
2019-04-02,73.95036714,73.5681947,755522168.0
2019-04-03,73.47265159000001,74.61916891,755522168.0
2019-04-04,74.90579824,74.61916891,744272168.0
2019-04-08,74.90579824,74.23699647,744272168.0
2019-04-09,74.04591025,75.19242757,744272168.0
2019-04-10,74.81025513,74.61916891,744272168.0
2019-04-11,74.61916891,73.09047915000001,744272168.0
2019-04-12,73.09047915000001,72.51722049,744272168.0
2019-04-15,73.28156537,72.23059116,744272168.0
2019-04-16,72.32613427000001,73.47265159000001,744272168.0
2019-04-17,73.09047915000001,74.14145336,744272168.0
2019-04-18,73.85482403,73.95036714,744272168.0
2019-04-19,74.33253958,73.47265159000001,744272168.0
2019-04-22,73.66373781,71.56178939,744272168.0
2019-04-23,71.6573325,70.98853073,744272168.0
2019-04-24,71.17961695000001,71.17961695000001,744272168.0
2019-04-25,71.27516006,69.17321164,744272168.0
2019-04-26,69.17321164,68.50440987,744272168.0
2019-04-29,68.7910392,66.97572011,744272168.0
2019-04-30,67.16680633,67.54897877,744272168.0
2019-05-06,66.49800456,62.29410772,744272168.0
2019-05-07,63.53616815,63.727254370000004,744272168.0
2019-05-08,62.771823270000006,63.153995710000004,744272168.0
2019-05-09,62.771823270000006,62.96290949,744272168.0
2019-05-10,63.44062504,64.49159925000001,744272168.0
2019-05-13,63.727254370000004,64.01388370000001,744272168.0
2019-05-14,63.34508193,63.727254370000004,744272168.0
2019-05-15,64.01388370000001,64.39605614,744272168.0
2019-05-16,64.20496992,64.58714236,744272168.0
2019-05-17,64.68268547,62.580737049999996,744272168.0
2019-05-20,62.48519394,62.103021500000004,744272168.0
2019-05-21,61.72084906,62.771823270000006,744272168.0
2019-05-22,63.058452599999995,62.771823270000006,744272168.0
2019-05-23,62.580737049999996,61.529762840000004,744272168.0
2019-05-24,61.72084906,60.86096107,744272168.0
2019-05-27,61.147590400000006,62.38965083,744272168.0
2019-05-28,62.29410772,62.67628016,744272168.0
2019-05-29,62.48519394,62.19856461,744272168.0
2019-05-30,62.29410772,62.00747839,744272168.0
2019-05-31,62.103021500000004,61.81639217,744272168.0
2019-06-03,61.91193528000001,61.147590400000006,744272168.0
2019-06-04,61.147590400000006,61.33867662,744272168.0
2019-06-05,61.72084906,61.33867662,744272168.0
2019-06-06,61.24313351,60.478788630000004,744272168.0
2019-06-10,60.66987485,61.05204729,744272168.0
2019-06-11,61.33867662,62.771823270000006,744272168.0
2019-06-12,62.580737049999996,62.29410772,744272168.0
2019-06-13,62.103021500000004,62.67628016,744272168.0
2019-06-14,62.771823270000006,61.72084906,744272168.0
2019-06-17,61.625305950000005,61.72084906,744272168.0
2019-06-18,61.434219729999995,61.434219729999995,744272168.0
2019-06-19,62.29410772,62.103021500000004,744272168.0
2019-06-20,62.00747839,63.153995710000004,744272168.0
2019-06-21,63.249538820000005,63.53616815,744272168.0
2019-06-24,63.53616815,63.44062504,744272168.0
2019-06-25,63.34508193,62.771823270000006,744272168.0
2019-06-26,62.86736638,62.86736638,744272168.0
2019-06-27,62.96438346,63.25543607999999,744272168.0
2019-06-28,63.15841853999999,62.67333084,744272168.0
2019-07-01,63.54648869999999,63.74052378,744272168.0
2019-07-02,63.74052378,63.643506239999994,744272168.0
2019-07-03,63.54648869999999,63.061401,744272168.0
2019-07-04,62.96438346,63.15841853999999,744272168.0
2019-07-05,63.061401,63.35245362,744272168.0
2019-07-08,63.35245362,61.50912036,744272168.0
2019-07-09,61.412102819999994,61.31508528,744272168.0
2019-07-10,61.412102819999994,63.449471159999995,744272168.0
2019-07-11,63.15841853999999,61.897190519999995,744272168.0
2019-07-12,61.897190519999995,62.0912256,744272168.0
2019-07-15,61.99420805999999,62.18824314,744272168.0
2019-07-16,62.18824314,61.99420805999999,744272168.0
2019-07-17,61.703155439999996,61.80017298,744272168.0
2019-07-18,61.60613789999999,61.412102819999994,744272168.0
2019-07-19,61.412102819999994,61.50912036,744272168.0
2019-07-22,61.60613789999999,60.344909879999996,744272168.0
2019-07-23,60.44192742,60.732980039999994,744272168.0
2019-07-24,60.82999757999999,61.12105019999999,744272168.0
2019-07-25,61.218067739999995,61.024032659999996,744272168.0
2019-07-26,61.024032659999996,61.12105019999999,744272168.0
2019-07-29,61.12105019999999,61.12105019999999,744272168.0
2019-07-30,61.31508528,61.31508528,744272168.0
2019-07-31,61.218067739999995,61.412102819999994,744272168.0
2019-08-01,61.024032659999996,61.412102819999994,744272168.0
2019-08-02,60.732980039999994,60.732980039999994,744272168.0
2019-08-05,60.6359625,60.05385726,744272168.0
2019-08-06,59.374734479999994,58.88964678,744272168.0
2019-08-07,59.08368185999999,58.307541539999995,744272168.0
2019-08-08,58.59859416,58.40455907999999,744272168.0
2019-08-09,58.79262923999999,58.307541539999995,744272168.0
2019-08-12,58.113506459999996,58.69561169999999,744272168.0
2019-08-13,58.50157662,58.21052399999999,744272168.0
2019-08-14,58.69561169999999,58.40455907999999,744272168.0
2019-08-15,57.143331059999994,58.113506459999996,744272168.0
2019-08-16,58.01648892,57.7254363,744272168.0
2019-08-19,58.21052399999999,58.59859416,744272168.0
2019-08-20,58.59859416,58.88964678,744272168.0
2019-08-21,58.79262923999999,58.69561169999999,744272168.0
2019-08-22,58.59859416,58.79262923999999,744272168.0
2019-08-23,58.40455907999999,57.822453839999994,744272168.0
2019-08-26,56.46420828,56.85227844,744272168.0
2019-08-27,56.949295979999995,57.822453839999994,744272168.0
2019-08-28,57.7254363,57.53140121999999,744272168.0
2019-08-29,57.53140121999999,57.143331059999994,744272168.0
2019-08-30,57.62841876,56.755260899999996,744272168.0
2019-09-02,56.949295979999995,57.62841876,744272168.0
2019-09-03,57.7254363,57.53140121999999,744272168.0
2019-09-04,57.434383679999996,57.91947137999999,744272168.0
2019-09-05,57.91947137999999,58.307541539999995,744272168.0
2019-09-06,58.50157662,58.307541539999995,744272168.0
2019-09-09,58.69561169999999,58.986664319999996,744272168.0
2019-09-10,58.986664319999996,58.986664319999996,744272168.0
2019-09-11,59.180699399999995,58.69561169999999,744272168.0
2019-09-12,58.79262923999999,58.986664319999996,744272168.0
2019-09-16,59.08368185999999,59.08368185999999,744272168.0
2019-09-17,59.08368185999999,58.01648892,744272168.0
2019-09-18,58.01648892,57.822453839999994,744272168.0
2019-09-19,57.91947137999999,58.01648892,744272168.0
2019-09-20,58.01648892,58.01648892,744272168.0
2019-09-23,57.822453839999994,57.2403486,744272168.0
2019-09-24,57.143331059999994,57.33736614,744272168.0
2019-09-25,57.2403486,56.36719073999999,744272168.0
2019-09-26,56.56122582,55.2999978,744272168.0
2019-09-27,55.2999978,55.397015339999996,744272168.0
2019-09-30,55.59105042,54.8149101,744272168.0
2019-10-08,55.00894518,55.00894518,744272168.0
2019-10-09,55.00894518,55.49403287999999,744272168.0
2019-10-10,55.2999978,55.785085499999994,744272168.0
2019-10-11,55.88210304,55.97912057999999,744272168.0
2019-10-14,56.755260899999996,56.65824335999999,744272168.0
2019-10-15,56.56122582,56.65824335999999,744272168.0
2019-10-16,56.85227844,56.56122582,744272168.0
2019-10-17,56.56122582,55.97912057999999,744272168.0
2019-10-18,56.076138119999996,55.785085499999994,744272168.0
2019-10-21,55.68806796,55.59105042,744272168.0
2019-10-22,55.59105042,55.88210304,744272168.0
2019-10-23,55.97912057999999,56.076138119999996,744272168.0
2019-10-24,56.17315566,55.785085499999994,744272168.0
2019-10-25,55.785085499999994,56.17315566,744272168.0
2019-10-28,57.33736614,57.33736614,744272168.0
2019-10-29,56.85227844,56.755260899999996,744272168.0
2019-10-30,56.36719073999999,55.88210304,744272168.0
2019-10-31,55.785085499999994,54.911927639999995,744272168.0
2019-11-01,55.105962719999994,55.397015339999996,744272168.0
2019-11-04,55.397015339999996,55.00894518,744272168.0
2019-11-05,55.00894518,55.397015339999996,744272168.0
2019-11-06,55.20298026,55.105962719999994,744272168.0
2019-11-07,55.00894518,55.20298026,744272168.0
2019-11-08,55.59105042,55.2999978,744272168.0
2019-11-11,55.20298026,54.13578732,744272168.0
2019-11-12,54.32982239999999,54.42683994,744272168.0
2019-11-13,54.42683994,54.232804859999995,744272168.0
2019-11-14,54.232804859999995,53.94175223999999,744272168.0
2019-11-15,54.038769779999996,53.359646999999995,744272168.0
2019-11-18,53.359646999999995,53.65069962,744272168.0
2019-11-19,53.65069962,54.13578732,744272168.0
2019-11-20,53.94175223999999,53.65069962,744272168.0
2019-11-21,53.553682079999994,53.553682079999994,744272168.0
2019-11-22,53.553682079999994,53.74771715999999,744272168.0
2019-11-25,53.8447347,54.717892559999996,744272168.0
2019-11-26,54.717892559999996,54.52385748,744272168.0
2019-11-27,54.717892559999996,54.13578732,744272168.0
2019-11-28,54.13578732,53.65069962,744272168.0
2019-11-29,53.65069962,53.65069962,744272168.0
2019-12-02,53.74771715999999,53.8447347,744272168.0
2019-12-03,53.553682079999994,53.74771715999999,744272168.0
2019-12-04,53.65069962,53.74771715999999,744272168.0
2019-12-05,54.32982239999999,54.232804859999995,744272168.0
2019-12-06,54.038769779999996,54.32982239999999,744272168.0
2019-12-09,54.32982239999999,54.717892559999996,744272168.0
2019-12-10,54.62087501999999,54.62087501999999,744272168.0
2019-12-11,54.62087501999999,54.42683994,744272168.0
2019-12-12,54.42683994,54.13578732,744272168.0
2019-12-13,54.32982239999999,54.717892559999996,744272168.0
2019-12-16,54.8149101,55.105962719999994,744272168.0
2019-12-17,55.105962719999994,55.68806796,744272168.0
2019-12-18,55.785085499999994,55.68806796,744272168.0
2019-12-19,55.68806796,56.36719073999999,744272168.0
2019-12-20,56.36719073999999,55.785085499999994,744272168.0
2019-12-23,55.785085499999994,55.00894518,744272168.0
2019-12-24,55.00894518,56.270173199999995,744272168.0
2019-12-25,56.270173199999995,55.88210304,744272168.0
2019-12-26,55.88210304,55.785085499999994,744272168.0
2019-12-27,55.88210304,55.97912057999999,744272168.0
2019-12-30,55.68806796,57.2403486,744272168.0
2019-12-31,56.949295979999995,56.755260899999996,744272168.0
2020-01-02,57.04631352,58.01648892,744272168.0
2020-01-03,58.01648892,58.59859416,744272168.0
2020-01-06,58.01648892,57.822453839999994,744272168.0
2020-01-07,57.822453839999994,58.21052399999999,744272168.0
2020-01-08,57.822453839999994,56.85227844,744272168.0
2020-01-09,57.434383679999996,58.21052399999999,744272168.0
2020-01-10,58.50157662,59.27771694,744272168.0
2020-01-13,58.986664319999996,59.08368185999999,744272168.0
2020-01-14,59.08368185999999,58.50157662,744272168.0
2020-01-15,58.50157662,58.307541539999995,744272168.0
2020-01-16,58.50157662,58.113506459999996,744272168.0
2020-01-17,58.307541539999995,58.01648892,744272168.0
2020-01-20,58.113506459999996,57.822453839999994,744272168.0
2020-01-21,57.7254363,56.85227844,744272168.0
2020-01-22,56.85227844,56.65824335999999,744272168.0
2020-01-23,56.36719073999999,54.717892559999996,744272168.0
2020-02-03,49.38192786,49.284910319999994,744272168.0
2020-02-04,48.605787539999994,49.284910319999994,744272168.0
2020-02-05,49.38192786,50.06105064,744272168.0
2020-02-06,50.25508572,51.22526112,744272168.0
2020-02-07,51.322278659999995,52.680524219999995,744272168.0
2020-02-10,52.195436519999994,52.3894716,744272168.0
2020-02-11,52.195436519999994,51.61333128,744272168.0
2020-02-12,51.61333128,51.90438389999999,744272168.0
2020-02-13,52.00140144,51.516313739999994,744272168.0
2020-02-14,51.516313739999994,51.4192962,744272168.0
2020-02-17,51.516313739999994,52.97157684,744272168.0
2020-02-18,52.680524219999995,53.06859437999999,744272168.0
2020-02-19,52.8745593,52.97157684,744272168.0
2020-02-20,53.06859437999999,53.65069962,744272168.0
2020-02-21,53.359646999999995,53.359646999999995,744272168.0
2020-02-24,53.06859437999999,53.26262946,744272168.0
2020-02-25,52.58350667999999,52.3894716,744272168.0
2020-02-26,52.00140144,52.680524219999995,744272168.0
2020-02-27,52.97157684,52.77754176,744272168.0
2020-02-28,52.00140144,51.22526112,744272168.0
2020-03-02,51.516313739999994,53.74771715999999,744272168.0
2020-03-03,53.74771715999999,53.45666453999999,744272168.0
2020-03-04,53.06859437999999,54.62087501999999,744272168.0
2020-03-05,55.105962719999994,55.785085499999994,744272168.0
2020-03-06,55.2999978,57.53140121999999,744272168.0
2020-03-09,57.04631352,56.36719073999999,744272168.0
2020-03-10,55.2999978,55.49403287999999,744272168.0
2020-03-11,55.49403287999999,54.62087501999999,744272168.0
2020-03-12,54.32982239999999,53.553682079999994,744272168.0
2020-03-13,52.29245405999999,52.58350667999999,744272168.0
2020-03-16,52.97157684,51.322278659999995,744272168.0
2020-03-17,51.61333128,51.12824357999999,744272168.0
2020-03-18,51.12824357999999,50.35210326,744272168.0
2020-03-19,50.449120799999996,50.643155879999995,744272168.0
2020-03-20,50.83719096,51.12824357999999,744272168.0
2020-03-23,50.35210326,49.18789278,744272168.0
2020-03-24,49.769998019999996,50.158068179999994,744272168.0
2020-03-25,50.83719096,51.12824357999999,744272168.0
2020-03-26,50.83719096,50.54613834,744272168.0
2020-03-27,51.12824357999999,51.90438389999999,744272168.0
2020-03-30,51.22526112,50.74017342,744272168.0
2020-03-31,51.22526112,50.35210326,744272168.0
2020-04-01,50.158068179999994,50.25508572,744272168.0
2020-04-02,50.35210326,50.9342085,744272168.0
2020-04-03,50.83719096,50.25508572,744272168.0
2020-04-07,51.03122603999999,51.22526112,744272168.0
2020-04-08,51.03122603999999,51.61333128,744272168.0
2020-04-09,51.90438389999999,51.807366359999996,744272168.0
2020-04-10,52.00140144,51.03122603999999,744272168.0
2020-04-13,50.74017342,50.83719096,744272168.0
2020-04-14,50.9342085,51.516313739999994,744272168.0
2020-04-15,51.03122603999999,50.74017342,744272168.0
2020-04-16,50.54613834,50.25508572,744272168.0
2020-04-17,50.449120799999996,50.25508572,744272168.0
2020-04-20,50.25508572,50.25508572,734952668.0
2020-04-21,50.06105064,49.86701555999999,734952668.0
2020-04-22,49.57596294,49.9640331,734952668.0
2020-04-23,49.9640331,49.769998019999996,734952668.0
2020-04-24,49.67298048,49.284910319999994,734952668.0
2020-04-27,49.284910319999994,49.18789278,734952668.0
2020-04-28,49.18789278,47.63561214,734952668.0
2020-04-29,47.63561214,47.82964721999999,734952668.0
2020-04-30,48.0236823,48.31473492,734952668.0
2020-05-06,48.0236823,48.50877,734952668.0
2020-05-07,48.50877,48.217717379999996,734952668.0
2020-05-08,48.411752459999995,48.411752459999995,734952668.0
2020-05-11,48.50877,48.411752459999995,734952668.0
2020-05-12,48.50877,48.411752459999995,734952668.0
2020-05-13,48.12069983999999,48.99385769999999,734952668.0
2020-05-14,48.50877,48.12069983999999,734952668.0
2020-05-15,48.31473492,48.50877,734952668.0
2020-05-18,48.605787539999994,48.217717379999996,734952668.0
2020-05-19,48.31473492,48.411752459999995,734952668.0
2020-05-20,48.411752459999995,48.31473492,734952668.0
2020-05-21,48.411752459999995,48.0236823,734952668.0
2020-05-22,48.0236823,47.053506899999995,734952668.0
2020-05-25,46.95648935999999,46.47140166,734952668.0
2020-05-26,46.66543673999999,46.95648935999999,734952668.0
2020-05-27,46.95648935999999,47.732629679999995,734952668.0
2020-05-28,47.732629679999995,47.24754198,734952668.0
2020-05-29,47.24754198,47.63561214,734952668.0
2020-06-01,47.82964721999999,48.217717379999996,734952668.0
2020-06-02,48.411752459999995,48.70280507999999,734952668.0
2020-06-03,48.70280507999999,48.50877,734952668.0
2020-06-04,48.70280507999999,50.158068179999994,734952668.0
2020-06-05,49.67298048,49.47894539999999,734952668.0
2020-06-08,49.67298048,48.896840159999996,734952668.0
2020-06-09,49.090875239999995,48.896840159999996,734952668.0
2020-06-10,48.896840159999996,50.158068179999994,734952668.0
2020-06-11,50.06105064,49.38192786,734952668.0
2020-06-12,48.605787539999994,50.9342085,734952668.0
2020-06-15,50.54613834,50.74017342,734952668.0
2020-06-16,50.643155879999995,50.83719096,734952668.0
2020-06-17,50.54613834,50.25508572,734952668.0
2020-06-18,50.158068179999994,50.25508572,734952668.0
2020-06-19,50.25508572,50.158068179999994,734952668.0
2020-06-22,50.158068179999994,50.06105064,734952668.0
2020-06-23,50.06105064,50.35210326,734952668.0
2020-06-24,50.449120799999996,49.769998019999996,734952668.0
2020-06-29,49.67298048,49.090875239999995,734952668.0
2020-06-30,49.38192786,49.090875239999995,734952668.0
2020-07-01,49.18789278,49.47894539999999,734952668.0
2020-07-02,49.57596294,50.06105064,734952668.0
2020-07-03,49.9640331,50.83719096,734952668.0
2020-07-06,51.03122603999999,52.8745593,734952668.0
2020-07-07,53.26988205,52.7757273,734952668.0
2020-07-08,52.67689635000001,54.752346300000006,734952668.0
2020-07-09,54.752346300000006,55.048839150000006,734952668.0
2020-07-10,54.653515350000006,54.06052965,734952668.0
2020-07-13,54.5546844,55.542993900000006,734952668.0
2020-07-14,55.345332,54.851177250000006,734952668.0
2020-07-15,57.42078195,55.641824850000006,734952668.0
2020-07-16,55.147670100000006,54.06052965,734952668.0
2020-07-17,54.25819155000001,54.15936060000001,734952668.0
2020-07-20,54.752346300000006,55.345332,734952668.0
2020-07-21,60.879865200000005,60.879865200000005,734952668.0
2020-07-22,59.002077150000005,58.804415250000005,734952668.0
2020-07-23,57.914936700000005,58.409091450000005,734952668.0
2020-07-24,58.507922400000005,56.234810550000006,734952668.0
2020-07-27,56.827796250000006,56.037148650000006,734952668.0
2020-07-28,56.037148650000006,56.037148650000006,734952668.0
2020-07-29,55.938317700000006,56.531303400000006,734952668.0
2020-07-30,56.531303400000006,56.037148650000006,734952668.0
2020-07-31,55.938317700000006,56.333641500000006,734952668.0
2020-08-03,56.432472450000006,57.223120050000006,734952668.0
2020-08-04,57.223120050000006,56.728965300000006,734952668.0
2020-08-05,56.827796250000006,56.531303400000006,734952668.0
2020-08-06,56.630134350000006,55.938317700000006,734952668.0
2020-08-07,55.839486750000006,55.246501050000006,734952668.0
2020-08-10,55.246501050000006,55.839486750000006,734952668.0
2020-08-11,55.7406558,54.851177250000006,734952668.0
2020-08-12,54.653515350000006,54.851177250000006,734952668.0
2020-08-13,55.048839150000006,55.444162950000006,734952668.0
2020-08-14,55.345332,55.7406558,734952668.0
2020-08-17,55.839486750000006,56.432472450000006,734952668.0
2020-08-18,56.531303400000006,56.531303400000006,734952668.0
2020-08-19,56.432472450000006,55.839486750000006,734952668.0
2020-08-20,55.542993900000006,54.851177250000006,734952668.0
2020-08-21,54.851177250000006,54.851177250000006,734952668.0
2020-08-24,54.9500082,54.752346300000006,734952668.0
2020-08-25,54.851177250000006,54.35702250000001,734952668.0
2020-08-26,54.35702250000001,54.851177250000006,734952668.0
2020-08-27,54.653515350000006,54.851177250000006,734952668.0
2020-08-28,54.851177250000006,55.444162950000006,734952668.0
2020-08-31,55.7406558,56.1359796,734952668.0
2020-09-01,56.1359796,56.728965300000006,734952668.0
2020-09-02,56.728965300000006,56.1359796,734952668.0
2020-09-03,56.234810550000006,56.1359796,734952668.0
2020-09-04,55.641824850000006,56.234810550000006,734952668.0
2020-09-07,56.1359796,56.827796250000006,734952668.0
2020-09-08,56.926627200000006,57.717274800000006,734952668.0
2020-09-09,57.42078195,57.914936700000005,734952668.0
2020-09-10,57.914936700000005,57.124289100000006,734952668.0
2020-09-11,56.432472450000006,56.333641500000006,734952668.0
2020-09-14,56.333641500000006,57.519612900000006,734952668.0
2020-09-15,57.223120050000006,58.211429550000005,734952668.0
2020-09-16,58.211429550000005,58.013767650000005,734952668.0
2020-09-17,58.310260500000005,58.013767650000005,734952668.0
2020-09-18,58.409091450000005,58.409091450000005,734952668.0
2020-09-21,58.409091450000005,58.013767650000005,734952668.0
2020-09-22,57.81610575,56.827796250000006,734952668.0
2020-09-23,56.926627200000006,57.02545815,734952668.0
2020-09-24,56.630134350000006,55.147670100000006,734952668.0
2020-09-25,55.444162950000006,54.45585345,734952668.0
2020-09-28,54.45585345,53.46754395000001,734952668.0
2020-09-29,53.46754395000001,53.46754395000001,734952668.0
2020-09-30,53.66520585,53.17105110000001,734952668.0
2020-10-09,53.76403680000001,54.45585345,734952668.0
2020-10-12,54.5546844,55.444162950000006,734952668.0
2020-10-13,55.345332,55.147670100000006,734952668.0
2020-10-14,55.246501050000006,55.641824850000006,734952668.0
2020-10-15,55.048839150000006,56.333641500000006,734952668.0
2020-10-16,56.333641500000006,56.333641500000006,734952668.0
2020-10-19,56.531303400000006,56.827796250000006,734952668.0
2020-10-20,56.630134350000006,56.926627200000006,734952668.0
2020-10-21,57.124289100000006,56.432472450000006,734952668.0
2020-10-22,56.333641500000006,56.333641500000006,734952668.0
2020-10-23,56.234810550000006,55.048839150000006,734952668.0
2020-10-26,55.048839150000006,54.25819155000001,734952668.0
2020-10-27,54.06052965,54.15936060000001,734952668.0
2020-10-28,54.45585345,53.86286775000001,734952668.0
2020-10-29,53.17105110000001,53.26988205,734952668.0
2020-10-30,53.36871300000001,52.08391065,734952668.0
2020-11-02,52.08391065,51.78741780000001,734952668.0
2020-11-03,51.78741780000001,52.87455825,734952668.0
2020-11-04,52.87455825,52.3804035,734952668.0
2020-11-05,52.67689635000001,53.36871300000001,734952668.0
2020-11-06,53.46754395000001,52.7757273,734952668.0
2020-11-09,52.7757273,53.46754395000001,734952668.0
2020-11-10,53.46754395000001,53.26988205,734952668.0
2020-11-11,53.36871300000001,53.17105110000001,734952668.0
2020-11-12,53.56637490000001,53.07222015000001,734952668.0
2020-11-13,52.97338920000001,52.67689635000001,734952668.0
2020-11-16,52.87455825,53.56637490000001,734952668.0
2020-11-17,53.56637490000001,53.56637490000001,734952668.0
2020-11-18,53.66520585,53.76403680000001,734952668.0
2020-11-19,53.76403680000001,53.96169870000001,734952668.0
2020-11-20,53.76403680000001,53.76403680000001,734952668.0
2020-11-23,53.76403680000001,54.25819155000001,734952668.0
2020-11-24,54.35702250000001,53.86286775000001,734952668.0
2020-11-25,54.06052965,53.46754395000001,734952668.0
2020-11-26,53.26988205,53.46754395000001,734952668.0
2020-11-27,53.26988205,53.56637490000001,734952668.0
2020-11-30,53.66520585,53.76403680000001,734952668.0
2020-12-01,53.56637490000001,53.96169870000001,734952668.0
2020-12-02,54.06052965,54.06052965,734952668.0
2020-12-03,54.15936060000001,54.15936060000001,734952668.0
2020-12-04,54.06052965,53.96169870000001,734952668.0
2020-12-07,53.96169870000001,53.66520585,734952668.0
2020-12-08,53.76403680000001,53.36871300000001,734952668.0
2020-12-09,53.36871300000001,52.3804035,734952668.0
2020-12-10,52.47923445,53.26988205,734952668.0
2020-12-11,53.07222015000001,51.78741780000001,734952668.0
2020-12-14,51.68858685000001,51.88624875000001,734952668.0
2020-12-15,52.08391065,52.7757273,734952668.0
2020-12-16,52.47923445,52.18274160000001,734952668.0
2020-12-17,52.18274160000001,52.28157255000001,734952668.0
2020-12-18,52.47923445,52.87455825,734952668.0
2020-12-21,52.67689635000001,52.97338920000001,734952668.0
2020-12-22,52.87455825,53.96169870000001,734952668.0
2020-12-23,53.66520585,53.46754395000001,734952668.0
2020-12-24,53.46754395000001,51.78741780000001,734952668.0
2020-12-25,51.78741780000001,52.3804035,734952668.0
2020-12-28,52.3804035,51.5897559,734952668.0
2020-12-29,51.5897559,51.49092495000001,734952668.0
2020-12-30,51.49092495000001,51.78741780000001,734952668.0
2020-12-31,51.68858685000001,51.88624875000001,734952668.0
2021-01-04,51.78741780000001,51.78741780000001,734952668.0
2021-01-05,51.68858685000001,51.39209400000001,734952668.0
2021-01-06,51.29326305000001,50.99677020000001,734952668.0
2021-01-07,51.09560115,49.71196785000001,734952668.0
2021-01-08,49.415475,49.6131369,734952668.0
2021-01-11,49.6131369,48.6248274,734952668.0
2021-01-12,48.72365835,48.72365835,734952668.0
2021-01-13,48.72365835,48.82248930000001,734952668.0
2021-01-14,48.42716550000001,49.71196785000001,734952668.0
2021-01-15,49.71196785000001,50.70027735,734952668.0
2021-01-18,50.60144640000001,50.10729165000001,734952668.0
2021-01-19,49.90962975,50.50261545000001,734952668.0
2021-01-20,50.60144640000001,50.30495355,734952668.0
2021-01-21,50.30495355,51.09560115,734952668.0
2021-01-22,50.99677020000001,50.60144640000001,734952668.0
2021-01-25,50.50261545000001,49.415475,734952668.0
2021-01-26,49.415475,49.21781310000001,734952668.0
2021-01-27,49.0201512,49.51430595,734952668.0
2021-01-28,49.415475,49.90962975,734952668.0
2021-01-29,49.71196785000001,49.90962975,734952668.0
2021-02-01,49.90962975,50.89793925000001,734952668.0
2021-02-02,50.7991083,51.5897559,734952668.0
2021-02-03,51.49092495000001,51.09560115,734952668.0
2021-02-04,51.49092495000001,50.20612260000001,734952668.0
2021-02-05,50.10729165000001,50.30495355,734952668.0
2021-02-08,50.30495355,50.89793925000001,734952668.0
2021-02-09,50.70027735,50.99677020000001,734952668.0
2021-02-10,50.89793925000001,50.99677020000001,734952668.0
2021-02-18,51.1944321,51.5897559,734952668.0
2021-02-19,51.5897559,52.87455825,734952668.0
2021-02-22,52.7757273,53.36871300000001,734952668.0
2021-02-23,53.36871300000001,53.26988205,734952668.0
2021-02-24,52.97338920000001,53.07222015000001,734952668.0
2021-02-25,53.07222015000001,53.07222015000001,734952668.0
2021-02-26,52.67689635000001,53.07222015000001,734952668.0
2021-03-01,53.07222015000001,53.86286775000001,734952668.0
2021-03-02,53.96169870000001,53.26988205,734952668.0
2021-03-03,53.56637490000001,53.46754395000001,734952668.0
2021-03-04,53.46754395000001,52.87455825,734952668.0
2021-03-05,52.97338920000001,53.07222015000001,734952668.0
2021-03-08,53.26988205,52.87455825,734952668.0
2021-03-09,53.26988205,52.57806540000001,734952668.0
2021-03-10,52.3804035,50.4037845,734952668.0
2021-03-11,50.30495355,50.50261545000001,734952668.0
2021-03-12,50.50261545000001,50.30495355,734952668.0
2021-03-15,50.4037845,50.30495355,734952668.0
2021-03-16,50.4037845,50.89793925000001,734952668.0
2021-03-17,51.09560115,50.89793925000001,734952668.0
2021-03-18,51.09560115,52.08391065,734952668.0
2021-03-19,51.9850797,52.18274160000001,734952668.0
2021-03-22,52.28157255000001,52.3804035,734952668.0
2021-03-23,52.3804035,51.9850797,734952668.0
2021-03-24,51.78741780000001,52.18274160000001,734952668.0
2021-03-25,57.02545815,55.641824850000006,734952668.0
2021-03-26,55.641824850000006,56.234810550000006,734952668.0
2021-03-29,54.851177250000006,54.15936060000001,734952668.0
2021-03-30,53.36871300000001,52.57806540000001,734952668.0
2021-03-31,52.28157255000001,52.97338920000001,734952668.0
2021-04-01,52.7757273,53.36871300000001,734952668.0
2021-04-02,53.36871300000001,55.147670100000006,723702668.0
2021-04-06,54.653515350000006,55.641824850000006,723702668.0
2021-04-07,55.542993900000006,56.1359796,723702668.0
2021-04-08,55.839486750000006,55.345332,723702668.0
2021-04-09,55.147670100000006,55.839486750000006,723702668.0
2021-04-12,55.345332,54.45585345,723702668.0
2021-04-13,54.45585345,54.653515350000006,723702668.0
2021-04-14,54.653515350000006,56.531303400000006,723702668.0
2021-04-15,56.037148650000006,56.926627200000006,723702668.0
2021-04-16,56.531303400000006,58.013767650000005,723702668.0
2021-04-19,58.013767650000005,56.827796250000006,723702668.0
2021-04-20,56.728965300000006,56.630134350000006,723702668.0
2021-04-21,56.234810550000006,55.839486750000006,723702668.0
2021-04-22,56.1359796,55.938317700000006,723702668.0
2021-04-23,55.839486750000006,55.839486750000006,723702668.0
2021-04-26,55.839486750000006,55.345332,723702668.0
2021-04-27,55.147670100000006,56.037148650000006,723702668.0
2021-04-28,55.839486750000006,55.246501050000006,723702668.0
2021-04-29,54.9500082,54.9500082,723702668.0
2021-04-30,54.9500082,54.45585345,723702668.0
2021-05-06,54.45585345,58.211429550000005,723702668.0
2021-05-07,57.914936700000005,58.507922400000005,723702668.0
2021-05-10,58.211429550000005,59.002077150000005,723702668.0
2021-05-11,58.70558430000001,59.990386650000005,723702668.0
2021-05-12,59.693893800000005,62.757653250000004,723702668.0
2021-05-13,61.472850900000005,64.24011750000001,723702668.0
2021-05-14,64.14128655,62.164667550000004,723702668.0
2021-05-17,62.559991350000004,62.362329450000004,723702668.0
2021-05-18,61.57168185000001,63.054146100000004,723702668.0
2021-05-19,63.152977050000004,63.548300850000004,723702668.0
2021-05-20,63.054146100000004,62.263498500000004,723702668.0
2021-05-21,62.164667550000004,65.72258175,723702668.0
2021-05-24,65.72258175,63.64713180000001,723702668.0
2021-05-25,62.955315150000004,62.559991350000004,723702668.0
2021-05-26,63.054146100000004,62.85648420000001,723702668.0
2021-05-27,62.85648420000001,64.8331032,723702668.0
2021-05-28,64.63544130000001,63.152977050000004,723702668.0
2021-05-31,63.152977050000004,63.054146100000004,723702668.0
2021-06-01,63.054146100000004,64.04245560000001,723702668.0
2021-06-02,64.04245560000001,65.82141270000001,723702668.0
2021-06-03,66.41439840000001,65.6237508,723702668.0
2021-06-04,64.73427225,63.745962750000004,723702668.0
2021-06-07,66.21673650000001,67.00738410000001,723702668.0
2021-06-08,66.80972220000001,70.36763640000001,723702668.0
2021-06-09,70.07114355,69.7746507,723702668.0
2021-06-10,69.28049595,67.79803170000001,723702668.0
2021-06-11,67.60036980000001,65.72258175,723702668.0
2021-06-15,65.12959605,62.362329450000004,723702668.0
2021-06-16,62.065836600000004,61.967005650000004,723702668.0
2021-06-17,61.967005650000004,62.065836600000004,723702668.0
2021-06-18,62.065836600000004,62.362329450000004,723702668.0
2021-06-21,62.46116040000001,63.449469900000004,723702668.0
2021-06-22,63.64713180000001,62.85648420000001,723702668.0
2021-06-23,62.955315150000004,63.054146100000004,723702668.0
2021-06-24,63.25463917,62.05169833,723702668.0
2021-06-25,61.75096312,63.75586452,723702668.0
2021-06-28,63.75586452,64.65807015,723702668.0
2021-06-29,64.65807015,66.06150113,723702668.0
2021-06-30,65.66052085,66.76321662,723702668.0
2021-07-01,66.76321662,68.06640253,723702668.0
2021-07-02,67.96615746,68.56762788,723702668.0
2021-07-05,67.86591238999999,68.56762788,723702668.0
2021-07-06,69.1690983,67.56517718,723702668.0
2021-07-07,68.46738281,67.86591238999999,723702668.0
2021-07-08,68.56762788,64.95880536,723702668.0
2021-07-09,65.66052085,64.55782508,723702668.0
2021-07-12,64.55782508,64.1568448,723702668.0
2021-07-13,64.1568448,64.95880536,723702668.0
2021-07-14,64.65807015,64.65807015,723702668.0
2021-07-15,64.45758001,61.24973777,723702668.0
2021-07-16,61.450227909999995,61.049247629999996,723702668.0
2021-07-19,61.049247629999996,60.94900256,723702668.0
2021-07-20,60.54802228,60.147042,723702668.0
2021-07-21,60.147042,60.64826735,723702668.0
2021-07-22,60.74851242,60.64826735,723702668.0
2021-07-23,60.64826735,59.1445913,723702668.0
2021-07-26,60.54802228,59.445326509999994,723702668.0
2021-07-27,59.24483637,57.23993497,723702668.0
2021-07-28,56.939199759999994,55.93674906,723702668.0
2021-07-29,56.538219479999995,56.23748427,723702668.0
2021-07-30,56.23748427,58.1421406,723702668.0
2021-08-02,57.74116032,57.44042511000001,723702668.0
2021-08-03,57.64091525,57.44042511000001,723702668.0
2021-08-04,57.54067018,57.84140538999999,723702668.0
2021-08-05,57.94165046,57.1396899,723702668.0
2021-08-06,57.44042511000001,58.44287581,723702668.0
2021-08-09,58.54312088,59.044346229999995,723702668.0
2021-08-10,58.944101159999995,59.044346229999995,723702668.0
2021-08-11,59.044346229999995,60.34753213999999,723702668.0
2021-08-12,60.147042,60.94900256,723702668.0
2021-08-13,61.149492699999996,61.951453259999994,723702668.0
2021-08-16,61.65071805,61.75096312,723702668.0
2021-08-17,61.85120819,59.94655186000001,723702668.0
2021-08-18,60.04679693,61.049247629999996,723702668.0
2021-08-19,61.65071805,60.94900256,723702668.0
2021-08-20,60.24728707,60.147042,723702668.0
2021-08-23,60.147042,61.149492699999996,723702668.0
2021-08-24,60.74851242,61.049247629999996,723702668.0
2021-08-25,61.550472979999995,61.85120819,723702668.0
2021-08-26,61.951453259999994,61.550472979999995,723702668.0
2021-08-27,61.65071805,60.54802228,723702668.0
2021-08-30,60.848757490000004,60.04679693,723702668.0
2021-08-31,60.04679693,61.450227909999995,723702668.0
2021-09-01,61.65071805,62.05169833,723702668.0
2021-09-02,62.35243354,62.25218847,723702668.0
2021-09-03,62.1519434,62.75341382,723702668.0
2021-09-06,62.75341382,63.555374379999996,723702668.0
2021-09-07,63.555374379999996,63.655619449999996,723702668.0
2021-09-08,63.75586452,64.05659973,723702668.0
2021-09-09,63.85610959,64.75831522,723702668.0
2021-09-10,64.75831522,64.1568448,723702668.0
2021-09-13,63.75586452,64.1568448,723702668.0
2021-09-14,64.1568448,62.65316875,723702668.0
2021-09-15,62.25218847,62.95390396,723702668.0
2021-09-16,63.655619449999996,63.45512931,723702668.0
2021-09-17,63.1543941,61.34998284,723702668.0
2021-09-22,60.54802228,61.049247629999996,723702668.0
2021-09-23,60.94900256,62.85365888999999,723702668.0
2021-09-24,62.75341382,61.85120819,723702668.0
2021-09-27,61.65071805,60.147042,723702668.0
2021-09-28,59.94655186000001,60.74851242,723702668.0
2021-09-29,60.74851242,60.74851242,723702668.0
2021-09-30,60.64826735,60.54802228,723702668.0
2021-10-08,60.848757490000004,60.74851242,723702668.0
2021-10-11,60.848757490000004,61.550472979999995,723702668.0
2021-10-12,61.450227909999995,59.84630679,723702668.0
2021-10-13,59.54557158,59.445326509999994,723702668.0
2021-10-14,59.445326509999994,59.044346229999995,723702668.0
2021-10-15,59.044346229999995,58.04189553,723702668.0
2021-10-18,57.84140538999999,58.84385609,723702668.0
2021-10-19,58.74361102,59.34508144,723702668.0
2021-10-20,59.24483637,59.044346229999995,723702668.0
2021-10-21,59.1445913,58.54312088,723702668.0
2021-10-22,58.54312088,57.1396899,723702668.0
2021-10-25,57.03944483,55.836503990000004,723702668.0
2021-10-26,55.93674906,55.836503990000004,723702668.0
2021-10-27,55.43552371,55.1347885,723702668.0
2021-10-28,55.03454343,53.43062231,723702668.0
2021-10-29,53.931847659999995,55.1347885,723702668.0
2021-11-01,54.83405329,55.43552371,723702668.0
2021-11-02,55.43552371,54.53331808,723702668.0
2021-11-03,55.43552371,55.43552371,723702668.0
2021-11-04,56.137239199999996,56.437974409999995,723702668.0
2021-11-05,56.83895469,56.137239199999996,723702668.0
2021-11-08,56.137239199999996,55.63601385,723702668.0
2021-11-09,56.137239199999996,55.93674906,723702668.0
2021-11-10,56.33772934,55.836503990000004,723702668.0
2021-11-11,55.836503990000004,56.03699413,723702668.0
2021-11-12,56.137239199999996,55.53576878,723702668.0
2021-11-15,55.53576878,59.445326509999994,723702668.0
2021-11-16,59.34508144,58.24238567,723702668.0
2021-11-17,57.94165046,58.54312088,723702668.0
2021-11-18,58.74361102,58.944101159999995,723702668.0
2021-11-19,58.74361102,59.044346229999995,723702668.0
2021-11-22,58.44287581,58.643365949999996,723702668.0
2021-11-23,58.643365949999996,58.24238567,723702668.0
2021-11-24,58.1421406,59.74606172,723702668.0
2021-11-25,59.74606172,59.74606172,723702668.0
2021-11-26,59.84630679,58.74361102,723702668.0
2021-11-29,58.1421406,58.944101159999995,723702668.0
2021-11-30,58.944101159999995,58.84385609,723702668.0
2021-12-01,58.84385609,59.24483637,723702668.0
2021-12-02,59.445326509999994,59.74606172,723702668.0
2021-12-03,59.94655186000001,60.04679693,723702668.0
2021-12-06,59.94655186000001,59.24483637,723702668.0
2021-12-07,59.445326509999994,58.84385609,723702668.0
2021-12-08,58.84385609,58.84385609,723702668.0
2021-12-09,58.84385609,58.44287581,723702668.0
2021-12-10,58.24238567,58.84385609,723702668.0
2021-12-13,59.24483637,58.54312088,723702668.0
2021-12-14,58.54312088,58.342630740000004,723702668.0
2021-12-15,58.342630740000004,59.445326509999994,723702668.0
2021-12-16,59.54557158,59.24483637,723702668.0
2021-12-17,59.34508144,61.049247629999996,723702668.0
2021-12-20,61.34998284,60.44777721,723702668.0
2021-12-21,60.24728707,62.55292368,723702668.0
2021-12-22,62.55292368,62.1519434,723702668.0
2021-12-23,62.1519434,61.049247629999996,723702668.0
2021-12-24,60.848757490000004,60.64826735,723702668.0
2021-12-27,60.64826735,61.550472979999995,723702668.0
2021-12-28,61.550472979999995,61.049247629999996,723702668.0
2021-12-29,60.74851242,60.94900256,723702668.0
2021-12-30,60.848757490000004,60.94900256,723702668.0
2021-12-31,60.94900256,61.951453259999994,723702668.0
2022-01-04,62.25218847,63.655619449999996,723702668.0
2022-01-05,63.555374379999996,63.1543941,723702668.0
2022-01-06,63.1543941,63.05414903,723702668.0
2022-01-07,62.95390396,62.1519434,723702668.0
2022-01-10,62.35243354,62.35243354,723702668.0
2022-01-11,62.55292368,61.85120819,723702668.0
2022-01-12,62.45267861000001,62.45267861000001,723702668.0
2022-01-13,62.65316875,61.450227909999995,723702668.0
2022-01-14,61.75096312,60.24728707,723702668.0
2022-01-17,60.147042,61.24973777,723702668.0
2022-01-18,61.450227909999995,59.445326509999994,723702668.0
2022-01-19,59.54557158,59.94655186000001,723702668.0
2022-01-20,59.94655186000001,58.44287581,723702668.0
2022-01-21,58.54312088,58.54312088,723702668.0
2022-01-24,58.24238567,57.34018004,723702668.0
2022-01-25,57.34018004,55.43552371,723702668.0
2022-01-26,55.33527863999999,55.43552371,723702668.0
2022-01-27,55.63601385,54.1323378,723702668.0
2022-01-28,54.63356315,55.23503357,723702668.0
2022-02-07,56.33772934,55.93674906,723702668.0
2022-02-08,55.93674906,56.939199759999994,723702668.0
2022-02-09,57.34018004,58.84385609,723702668.0
2022-02-10,59.044346229999995,58.54312088,723702668.0
2022-02-11,58.44287581,57.23993497,723702668.0
2022-02-14,57.23993497,59.044346229999995,723702668.0
2022-02-15,58.84385609,57.94165046,723702668.0
2022-02-16,57.94165046,58.24238567,723702668.0
2022-02-17,58.24238567,57.64091525,723702668.0
2022-02-18,57.44042511000001,58.04189553,723702668.0
2022-02-21,58.04189553,58.1421406,723702668.0
2022-02-22,57.94165046,57.23993497,723702668.0
2022-02-23,57.74116032,57.74116032,723702668.0
2022-02-24,57.54067018,55.63601385,723702668.0
2022-02-25,56.137239199999996,56.03699413,723702668.0
2022-02-28,56.03699413,55.836503990000004,723702668.0
2022-03-01,56.137239199999996,56.538219479999995,723702668.0
2022-03-02,56.33772934,56.63846455,723702668.0
2022-03-03,56.63846455,57.03944483,723702668.0
2022-03-04,56.83895469,56.03699413,723702668.0
2022-03-07,56.137239199999996,55.63601385,723702668.0
2022-03-08,55.43552371,53.83160259,723702668.0
2022-03-09,53.931847659999995,52.72890682,723702668.0
2022-03-10,53.43062231,53.1298871,723702668.0
2022-03-11,52.22768147,53.330377240000004,723702668.0
2022-03-14,52.92939696,51.926946259999994,723702668.0
2022-03-15,51.62621105,50.42327021,723702668.0
2022-03-16,50.824250490000004,52.02719133,723702668.0
2022-03-17,52.42817161000001,51.72645612,723702668.0
2022-03-18,51.72645612,52.52841668,723702668.0
2022-03-21,52.1274364,53.02964203,723702668.0
2022-03-22,52.62866175,53.631112449999996,723702668.0
2022-03-23,53.631112449999996,53.931847659999995,723702668.0
2022-03-24,53.53086738,53.23013217,723702668.0
2022-03-25,53.330377240000004,54.53331808,723702668.0
2022-03-28,54.23258287,53.73135752,723702668.0
2022-03-29,54.032092729999995,53.330377240000004,723702668.0
2022-03-30,53.43062231,54.032092729999995,723702668.0
2022-03-31,53.73135752,55.1347885,723702668.0
2022-04-01,55.1347885,56.33772934,723702668.0
2022-04-06,56.137239199999996,57.94165046,723702668.0
2022-04-07,57.84140538999999,56.73870962,723702668.0
2022-04-08,56.33772934,55.836503990000004,723702668.0
2022-04-11,55.43552371,54.93429836000001,723702668.0
2022-04-12,54.33282794,56.03699413,723702668.0
2022-04-13,55.73625892,55.23503357,723702668.0
2022-04-14,55.53576878,55.73625892,723702668.0
2022-04-15,55.63601385,54.33282794,723702668.0
2022-04-18,54.33282794,55.836503990000004,723702668.0
2022-04-19,55.63601385,56.63846455,723702668.0
2022-04-20,56.63846455,56.137239199999996,723702668.0
2022-04-21,56.137239199999996,55.53576878,723702668.0
2022-04-22,55.836503990000004,61.049247629999996,723702668.0
2022-04-25,61.149492699999996,57.44042511000001,723702668.0
2022-04-26,55.63601385,51.72645612,723702668.0
2022-04-27,50.22278007,49.82179979,723702668.0
2022-04-28,49.019839229999995,49.62130965,723702668.0
2022-04-29,50.122535,51.02474063,723702668.0
2022-05-05,51.32547584,52.32792654,723702668.0
2022-05-06,51.22523077,51.72645612,723702668.0
2022-05-09,51.62621105,52.52841668,723702668.0
2022-05-10,52.02719133,52.42817161000001,723702668.0
2022-05-11,52.32792654,51.82670119,723702668.0
2022-05-12,51.62621105,52.72890682,723702668.0
2022-05-13,53.43062231,52.92939696,723702668.0
2022-05-16,52.92939696,52.82915188999999,723702668.0
2022-05-17,52.82915188999999,52.02719133,723702668.0
2022-05-18,52.02719133,52.92939696,723702668.0
2022-05-19,52.22768147,52.32792654,723702668.0
2022-05-20,52.72890682,53.23013217,723702668.0
2022-05-23,52.92939696,53.73135752,723702668.0
2022-05-24,53.631112449999996,51.82670119,723702668.0
2022-05-25,51.425720909999995,52.62866175,723702668.0
2022-05-26,52.92939696,53.1298871,723702668.0
2022-05-27,53.330377240000004,53.43062231,723702668.0
2022-05-30,53.330377240000004,53.53086738,723702668.0
2022-05-31,53.1298871,54.433073009999994,723702668.0
2022-06-01,54.53331808,54.1323378,723702668.0
2022-06-02,54.032092729999995,53.931847659999995,723702668.0
2022-06-06,53.73135752,54.1323378,723702668.0
2022-06-07,54.032092729999995,53.73135752,723702668.0
2022-06-08,53.23013217,53.83160259,723702668.0
2022-06-09,53.83160259,53.02964203,723702668.0
2022-06-10,52.72890682,53.1298871,723702668.0
2022-06-13,53.23013217,52.92939696,723702668.0
2022-06-14,52.52841668,53.73135752,723702668.0
2022-06-15,53.631112449999996,54.83405329,723702668.0
2022-06-16,55.1347885,54.73380822,723702668.0
2022-06-17,54.63356315,54.23258287,723702668.0
2022-06-20,54.33282794,54.23258287,723702668.0
2022-06-21,54.33282794,54.33282794,723702668.0
2022-06-22,54.433073009999994,53.43062231,723702668.0
2022-06-23,53.23013217,53.83160259,723702668.0
2022-06-24,53.83160259,54.1323378,723702668.0
2022-06-27,54.33282794,54.63356315,723702668.0
2022-06-28,54.63356315,54.83405329,723702668.0
2022-06-29,55.03454343,53.931847659999995,723702668.0
2022-06-30,54.1323378,53.931847659999995,723702668.0
2022-07-01,53.931847659999995,54.53331808,723702668.0
2022-07-04,55.03454343,55.33527863999999,723702668.0
2022-07-05,55.73625892,55.23503357,723702668.0
2022-07-06,55.23503357,55.73625892,723702668.0
2022-07-07,55.836503990000004,55.23503357,723702668.0
2022-07-08,55.53576878,56.137239199999996,723702668.0
2022-07-11,56.03699413,55.73625892,723702668.0
2022-07-12,55.836503990000004,54.63356315,723702668.0
2022-07-13,54.93429836000001,54.73380822,723702668.0
2022-07-14,54.73380822,54.1323378,723702668.0
2022-07-15,54.33282794,52.42817161000001,723702668.0
2022-07-18,52.32792654,53.83160259,723702668.0
2022-07-19,53.631112449999996,54.53331808,723702668.0
2022-07-20,54.63356315,55.1347885,723702668.0
2022-07-21,55.1347885,54.73380822,723702668.0
2022-07-22,55.03454343,54.73380822,723702668.0
2022-07-25,54.93429836000001,54.63356315,723702668.0
2022-07-26,54.63356315,54.93429836000001,723702668.0
2022-07-27,54.83405329,55.33527863999999,723702668.0
2022-07-28,55.33527863999999,55.23503357,723702668.0
2022-07-29,55.33527863999999,54.83405329,723702668.0
2022-08-01,54.33282794,54.83405329,723702668.0
2022-08-02,54.63356315,52.62866175,723702668.0
2022-08-03,52.62866175,51.82670119,723702668.0
2022-08-04,52.62866175,53.1298871,723702668.0
2022-08-05,53.1298871,53.73135752,723702668.0
2022-08-08,53.73135752,53.73135752,723702668.0
2022-08-09,53.631112449999996,53.23013217,723702668.0
2022-08-10,53.1298871,53.02964203,723702668.0
2022-08-11,53.43062231,53.53086738,723702668.0
2022-08-12,53.83160259,53.83160259,723702668.0
2022-08-15,54.1323378,53.73135752,723702668.0
2022-08-16,53.73135752,55.03454343,723702668.0
2022-08-17,54.83405329,55.03454343,723702668.0
2022-08-18,55.1347885,54.63356315,723702668.0
2022-08-19,54.63356315,54.33282794,723702668.0
2022-08-22,54.433073009999994,54.73380822,723702668.0
2022-08-23,54.63356315,54.83405329,723702668.0
2022-08-24,54.83405329,53.631112449999996,723702668.0
2022-08-25,53.83160259,54.1323378,723702668.0
2022-08-26,54.53331808,54.1323378,723702668.0
2022-08-29,53.631112449999996,55.23503357,723702668.0
2022-08-30,55.1347885,55.73625892,723702668.0
2022-08-31,55.836503990000004,55.23503357,723702668.0
2022-09-01,55.43552371,54.83405329,723702668.0
2022-09-02,55.23503357,55.93674906,723702668.0
2022-09-05,55.73625892,56.03699413,723702668.0
2022-09-06,56.137239199999996,55.93674906,723702668.0
2022-09-07,55.73625892,56.939199759999994,723702668.0
2022-09-08,56.63846455,56.437974409999995,723702668.0
2022-09-09,56.538219479999995,56.538219479999995,723702668.0
2022-09-13,56.538219479999995,56.939199759999994,723702668.0
2022-09-14,56.137239199999996,57.84140538999999,723702668.0
2022-09-15,57.94165046,56.63846455,723702668.0
2022-09-16,57.23993497,55.03454343,723702668.0
2022-09-19,55.43552371,53.53086738,723702668.0
2022-09-20,53.83160259,57.1396899,723702668.0
2022-09-21,56.63846455,58.54312088,723702668.0
2022-09-22,58.342630740000004,57.34018004,723702668.0
2022-09-23,57.64091525,56.33772934,723702668.0
2022-09-26,55.836503990000004,53.931847659999995,723702668.0
2022-09-27,54.433073009999994,54.83405329,723702668.0
2022-09-28,55.03454343,55.63601385,723702668.0
2022-09-29,55.43552371,53.631112449999996,723702668.0
2022-09-30,53.73135752,52.1274364,723702668.0
2022-10-10,52.42817161000001,52.22768147,723702668.0
2022-10-11,52.22768147,51.926946259999994,723702668.0
2022-10-12,52.22768147,53.02964203,723702668.0
2022-10-13,53.1298871,52.72890682,723702668.0
2022-10-14,53.02964203,53.23013217,723702668.0
2022-10-17,53.1298871,53.53086738,723702668.0
2022-10-18,53.53086738,53.53086738,723702668.0
2022-10-19,53.53086738,53.1298871,723702668.0
2022-10-20,53.23013217,53.53086738,723702668.0
2022-10-21,53.23013217,53.73135752,723702668.0
2022-10-24,53.43062231,52.62866175,723702668.0
2022-10-25,52.72890682,52.92939696,723702668.0
2022-10-26,52.92939696,54.1323378,723702668.0
2022-10-27,53.1298871,54.63356315,723702668.0
2022-10-28,54.73380822,53.330377240000004,723702668.0
2022-10-31,53.631112449999996,53.1298871,723702668.0
2022-11-01,53.931847659999995,54.1323378,723702668.0
2022-11-02,53.931847659999995,53.931847659999995,723702668.0
2022-11-03,53.631112449999996,53.330377240000004,723702668.0
2022-11-04,53.23013217,53.631112449999996,723702668.0
2022-11-07,53.53086738,54.23258287,723702668.0
2022-11-08,54.33282794,54.433073009999994,723702668.0
2022-11-09,54.63356315,54.93429836000001,723702668.0
2022-11-10,54.53331808,55.03454343,723702668.0
2022-11-11,55.43552371,54.93429836000001,723702668.0
2022-11-14,55.03454343,54.73380822,723702668.0
2022-11-15,54.53331808,54.93429836000001,723702668.0
2022-11-16,54.83405329,55.33527863999999,723702668.0
2022-11-17,55.53576878,55.23503357,723702668.0
2022-11-18,55.33527863999999,54.83405329,723702668.0
2022-11-21,54.73380822,54.433073009999994,723702668.0
2022-11-22,54.433073009999994,54.23258287,723702668.0
2022-11-23,54.63356315,53.83160259,723702668.0
2022-11-24,53.931847659999995,55.03454343,723702668.0
2022-11-25,54.83405329,55.1347885,723702668.0
2022-11-28,54.63356315,54.73380822,723702668.0
2022-11-29,54.73380822,55.63601385,723702668.0
2022-11-30,55.73625892,56.33772934,723702668.0
2022-12-01,56.437974409999995,55.93674906,723702668.0
2022-12-02,55.93674906,57.03944483,723702668.0
2022-12-05,57.54067018,57.34018004,723702668.0
2022-12-06,57.34018004,57.1396899,723702668.0
2022-12-07,57.1396899,58.1421406,723702668.0
2022-12-08,58.1421406,57.64091525,723702668.0
2022-12-09,57.64091525,57.03944483,723702668.0
2022-12-12,57.34018004,56.538219479999995,723702668.0
2022-12-13,56.73870962,57.54067018,723702668.0
2022-12-14,57.1396899,58.54312088,723702668.0
2022-12-15,58.54312088,57.34018004,723702668.0
2022-12-16,57.34018004,57.03944483,723702668.0
2022-12-19,57.34018004,55.53576878,723702668.0
2022-12-20,55.53576878,55.53576878,723702668.0
2022-12-21,55.73625892,55.43552371,723702668.0
2022-12-22,56.137239199999996,55.03454343,723702668.0
2022-12-23,54.83405329,54.33282794,723702668.0
2022-12-26,54.53331808,54.433073009999994,723702668.0
2022-12-27,54.433073009999994,55.03454343,723702668.0
2022-12-28,55.03454343,54.33282794,723702668.0
2022-12-29,54.032092729999995,54.93429836000001,723702668.0
2022-12-30,55.1347885,55.53576878,723702668.0
2023-01-03,55.53576878,55.73625892,723702668.0
2023-01-04,55.43552371,55.836503990000004,723702668.0
2023-01-05,55.73625892,55.836503990000004,723702668.0
2023-01-06,55.836503990000004,55.23503357,723702668.0
2023-01-09,55.23503357,55.836503990000004,723702668.0
2023-01-10,56.03699413,55.53576878,723702668.0
2023-01-11,55.73625892,54.83405329,723702668.0
2023-01-12,54.73380822,54.33282794,723702668.0
2023-01-13,54.1323378,54.53331808,723702668.0
2023-01-16,54.53331808,55.73625892,723702668.0
2023-01-17,55.73625892,55.53576878,723702668.0
2023-01-18,55.63601385,55.73625892,723702668.0
2023-01-19,55.43552371,55.73625892,723702668.0
2023-01-20,55.836503990000004,56.03699413,723702668.0
2023-01-30,56.33772934,56.23748427,723702668.0
2023-01-31,56.33772934,56.33772934,723702668.0
2023-02-01,56.538219479999995,56.939199759999994,723702668.0
2023-02-02,57.1396899,56.939199759999994,723702668.0
2023-02-03,56.83895469,56.437974409999995,723702668.0
2023-02-06,56.437974409999995,56.538219479999995,723702668.0
2023-02-07,56.73870962,56.73870962,723702668.0
2023-02-08,56.73870962,56.63846455,723702668.0
2023-02-09,56.73870962,56.83895469,723702668.0
2023-02-10,57.1396899,56.939199759999994,723702668.0
2023-02-13,57.1396899,57.34018004,723702668.0
2023-02-14,57.44042511000001,57.1396899,723702668.0
2023-02-15,57.64091525,57.23993497,723702668.0
2023-02-16,57.34018004,56.137239199999996,723702668.0
2023-02-17,56.33772934,56.137239199999996,723702668.0
2023-02-20,56.538219479999995,57.03944483,723702668.0
2023-02-21,57.23993497,57.34018004,723702668.0
2023-02-22,57.23993497,57.64091525,723702668.0
2023-02-23,57.84140538999999,57.64091525,723702668.0
2023-02-24,57.74116032,58.44287581,723702668.0
2023-02-27,58.643365949999996,59.445326509999994,723702668.0
2023-02-28,59.24483637,60.848757490000004,723702668.0
2023-03-01,61.34998284,60.74851242,723702668.0
2023-03-02,60.848757490000004,61.34998284,723702668.0
2023-03-03,61.049247629999996,60.04679693,723702668.0
2023-03-06,60.04679693,59.84630679,723702668.0
2023-03-07,59.64581665,58.1421406,723702668.0
2023-03-08,58.1421406,58.24238567,723702668.0
2023-03-09,58.44287581,57.94165046,723702668.0
2023-03-10,57.64091525,57.1396899,723702668.0
2023-03-13,57.1396899,57.23993497,723702668.0
2023-03-14,57.34018004,56.939199759999994,723702668.0
2023-03-15,57.23993497,58.342630740000004,723702668.0
2023-03-16,58.342630740000004,57.84140538999999,723702668.0
2023-03-17,58.1421406,58.643365949999996,723702668.0
2023-03-20,58.44287581,58.342630740000004,723702668.0
2023-03-21,58.74361102,58.74361102,723702668.0
2023-03-22,58.74361102,59.1445913,723702668.0
2023-03-23,59.044346229999995,58.54312088,723702668.0
2023-03-24,58.54312088,59.445326509999994,723702668.0
2023-03-27,59.445326509999994,58.54312088,723702668.0
2023-03-28,58.643365949999996,59.74606172,723702668.0
2023-03-29,59.74606172,59.044346229999995,723702668.0
2023-03-30,58.84385609,59.044346229999995,723702668.0
2023-03-31,59.1445913,58.84385609,723702668.0
2023-04-03,58.74361102,59.34508144,723702668.0
2023-04-04,58.74361102,58.1421406,723702668.0
2023-04-06,57.94165046,57.64091525,723702668.0
2023-04-07,57.64091525,58.04189553,723702668.0
2023-04-10,57.84140538999999,56.23748427,723702668.0
2023-04-11,56.23748427,55.836503990000004,723702668.0
2023-04-12,55.93674906,55.73625892,723702668.0
2023-04-13,55.73625892,56.03699413,723702668.0
2023-04-14,56.03699413,55.73625892,723702668.0
2023-04-17,55.43552371,55.836503990000004,723702668.0
2023-04-18,55.63601385,56.437974409999995,723702668.0
2023-04-19,56.23748427,56.437974409999995,723702668.0
2023-04-20,56.437974409999995,56.939199759999994,723702668.0
2023-04-21,56.939199759999994,56.538219479999995,723702668.0
2023-04-24,56.437974409999995,56.83895469,723702668.0
2023-04-25,57.03944483,57.34018004,723702668.0
2023-04-26,59.044346229999995,59.74606172,723702668.0
2023-04-27,58.944101159999995,61.049247629999996,723702668.0
2023-04-28,61.65071805,63.75586452,723702668.0
2023-05-04,63.354884240000004,63.75586452,723702668.0
2023-05-05,64.75831522,63.75586452,723702668.0
2023-05-08,63.75586452,63.354884240000004,723702668.0
2023-05-09,63.25463917,62.05169833,723702668.0
2023-05-10,62.05169833,62.05169833,723702668.0
2023-05-11,62.1519434,65.96125606,723702668.0
2023-05-12,66.06150113,72.57743068,723702668.0
2023-05-15,72.87816588999999,70.77301942,723702668.0
2023-05-16,70.97350956,67.46493211,723702668.0
2023-05-17,66.76321662,67.06395183000001,723702668.0
2023-05-18,66.56272648,66.06150113,723702668.0
2023-05-19,65.76076592,65.76076592,723702668.0
2023-05-22,64.95880536,65.1592955,723702668.0
2023-05-23,65.25954057,64.85856029,723702668.0
2023-05-24,64.35733494,63.655619449999996,723702668.0
2023-05-25,63.655619449999996,63.25463917,723702668.0
2023-05-26,62.95390396,63.354884240000004,723702668.0
2023-05-29,63.25463917,62.65316875,723702668.0
2023-05-30,62.65316875,62.35243354,723702668.0
2023-05-31,62.05169833,62.55292368,723702668.0
2023-06-01,62.45267861000001,63.555374379999996,723702668.0
2023-06-02,64.05659973,63.1543941,723702668.0
2023-06-05,62.85365888999999,64.35733494,723702668.0
2023-06-06,64.35733494,63.1543941,723702668.0
2023-06-07,63.1543941,63.75586452,723702668.0
2023-06-08,64.05659973,63.1543941,723702668.0
2023-06-09,63.25463917,62.95390396,723702668.0
2023-06-12,63.05414903,63.85610959,723702668.0
2023-06-13,63.956354659999995,62.95390396,723702668.0
2023-06-14,62.85365888999999,62.65316875,723702668.0
2023-06-15,62.65316875,61.75096312,723702668.0
2023-06-16,61.75096312,61.75096312,723702668.0
2023-06-19,61.951453259999994,60.24728707,723702668.0
2023-06-20,59.94655186000001,59.1445913,723702668.0
2023-06-21,59.24483637,58.54312088,723702668.0
2023-06-26,58.342630740000004,58.04189553,723702668.0
2023-06-27,58.342630740000004,60.04679693,723702668.0
2023-06-28,60.147042,60.34753213999999,723702668.0
2023-06-29,60.24728707,62.05169833,723702668.0
2023-06-30,62.35243354,63.655619449999996,723702668.0
2023-07-03,63.354884240000004,62.75341382,723702668.0
2023-07-04,62.85365888999999,62.95390396,723702668.0
2023-07-05,62.95390396,62.65316875,723702668.0
2023-07-06,62.65316875,62.75341382,723702668.0
2023-07-07,62.55292368,62.75341382,723702668.0
2023-07-10,62.75341382,62.65316875,723702668.0
2023-07-11,62.75341382,63.555374379999996,723702668.0
2023-07-12,63.555374379999996,62.25218847,723702668.0
2023-07-13,62.65316875,62.95390396,723702668.0
2023-07-14,62.75341382,63.85610959,723702668.0
2023-07-17,64.95880536,63.655619449999996,723702668.0
2023-07-18,63.655619449999996,63.85610959,723702668.0
2023-07-19,63.555374379999996,64.05659973,723702668.0
2023-07-20,64.35733494,65.66052085,723702668.0
2023-07-21,65.76076592,64.55782508,723702668.0
2023-07-24,64.45758001,64.85856029,723702668.0
2023-07-25,65.05905043,65.25954057,723702668.0
2023-07-26,65.1592955,65.35978564,723702668.0
2023-07-27,65.46003071,64.45758001,723702668.0
2023-07-28,64.45758001,66.36223634,723702668.0
2023-07-31,66.56272648,67.66542225,723702668.0
2023-08-01,67.66542225,66.96370676,723702668.0
2023-08-02,67.06395183000001,66.36223634,723702668.0
2023-08-03,66.36223634,66.06150113,723702668.0
2023-08-04,66.56272648,65.35978564,723702668.0
2023-08-07,64.85856029,64.25708987,723702668.0
2023-08-08,64.35733494,64.1568448,723702668.0
2023-08-09,62.75341382,63.25463917,723702668.0
2023-08-10,63.354884240000004,64.05659973,723702668.0
2023-08-11,64.05659973,62.25218847,723702668.0
2023-08-14,61.85120819,63.75586452,723702668.0
2023-08-15,64.05659973,64.05659973,723702668.0
2023-08-16,64.25708987,64.35733494,723702668.0
2023-08-17,64.55782508,64.55782508,723702668.0
2023-08-18,64.75831522,63.25463917,723702668.0
2023-08-21,63.25463917,63.655619449999996,723702668.0
2023-08-22,63.85610959,62.85365888999999,723702668.0
2023-08-23,62.55292368,61.34998284,723702668.0
2023-08-24,61.34998284,61.24973777,723702668.0
2023-08-25,61.049247629999996,60.24728707,723702668.0
2023-08-28,63.354884240000004,62.65316875,723702668.0
2023-08-29,62.35243354,62.25218847,723702668.0
2023-08-30,62.25218847,61.34998284,723702668.0
2023-08-31,61.550472979999995,60.64826735,723702668.0
2023-09-01,60.94900256,61.75096312,723702668.0
2023-09-04,62.05169833,62.95390396,723702668.0
2023-09-05,63.05414903,61.75096312,723702668.0
2023-09-06,61.550472979999995,61.450227909999995,723702668.0
2023-09-07,61.450227909999995,61.049247629999996,723702668.0
2023-09-08,61.049247629999996,62.45267861000001,723702668.0
2023-09-11,61.450227909999995,61.75096312,723702668.0
2023-09-12,61.951453259999994,61.24973777,723702668.0
2023-09-13,61.951453259999994,61.34998284,723702668.0
2023-09-14,61.24973777,61.24973777,723702668.0
2023-09-15,61.34998284,62.35243354,723702668.0
2023-09-18,62.35243354,63.655619449999996,723702668.0
2023-09-19,63.45512931,62.75341382,723702668.0
2023-09-20,62.95390396,62.85365888999999,723702668.0
2023-09-21,62.65316875,61.85120819,723702668.0
2023-09-22,61.65071805,62.35243354,723702668.0
2023-09-25,62.55292368,62.25218847,723702668.0
2023-09-26,62.25218847,62.45267861000001,723702668.0
2023-09-27,62.25218847,62.1519434,723702668.0
2023-09-28,62.25218847,62.45267861000001,723702668.0
2023-10-09,62.35243354,61.049247629999996,723702668.0
2023-10-10,61.149492699999996,60.54802228,723702668.0
2023-10-11,60.54802228,60.34753213999999,723702668.0
2023-10-12,60.64826735,60.54802228,723702668.0
2023-10-13,60.34753213999999,59.445326509999994,723702668.0
2023-10-16,59.445326509999994,60.24728707,723702668.0
2023-10-17,60.147042,61.34998284,723702668.0
2023-10-18,61.24973777,60.44777721,723702668.0
2023-10-19,60.24728707,59.64581665,723702668.0
2023-10-20,59.24483637,59.445326509999994,723702668.0
2023-10-23,59.1445913,58.24238567,723702668.0
2023-10-24,58.643365949999996,60.44777721,723702668.0
2023-10-25,60.74851242,61.149492699999996,723702668.0
2023-10-26,60.94900256,60.94900256,723702668.0
2023-10-27,61.24973777,61.149492699999996,723702668.0
2023-10-30,60.74851242,61.450227909999995,723702668.0
2023-10-31,61.450227909999995,61.149492699999996,723702668.0
2023-11-01,61.24973777,61.65071805,723702668.0
2023-11-02,61.65071805,61.24973777,723702668.0
2023-11-03,62.35243354,61.450227909999995,723702668.0
2023-11-06,61.450227909999995,61.550472979999995,723702668.0
2023-11-07,61.34998284,61.34998284,723702668.0
2023-11-08,61.049247629999996,60.848757490000004,723702668.0
2023-11-09,60.848757490000004,60.04679693,723702668.0
2023-11-10,59.84630679,60.147042,723702668.0
2023-11-13,60.24728707,60.44777721,723702668.0
2023-11-14,60.34753213999999,60.64826735,723702668.0
2023-11-15,60.74851242,60.44777721,723702668.0
2023-11-16,60.44777721,60.34753213999999,723702668.0
2023-11-17,60.147042,59.94655186000001,723702668.0
2023-11-20,60.147042,59.84630679,723702668.0
2023-11-21,59.84630679,63.956354659999995,723702668.0
2023-11-22,63.75586452,63.25463917,723702668.0
2023-11-23,62.85365888999999,62.85365888999999,723702668.0
2023-11-24,62.85365888999999,62.25218847,723702668.0
2023-11-27,62.25218847,61.951453259999994,723702668.0
2023-11-28,61.951453259999994,62.35243354,723702668.0
2023-11-29,62.25218847,61.24973777,723702668.0
2023-11-30,61.24973777,61.550472979999995,723702668.0
2023-12-01,61.34998284,62.25218847,723702668.0
2023-12-04,62.1519434,62.55292368,723702668.0
2023-12-05,62.45267861000001,61.951453259999994,723702668.0
2023-12-06,61.75096312,61.75096312,723702668.0
2023-12-07,61.75096312,61.24973777,723702668.0
2023-12-08,61.34998284,59.64581665,723702668.0
2023-12-11,59.445326509999994,60.04679693,723702668.0
2023-12-12,60.04679693,60.64826735,723702668.0
2023-12-13,60.64826735,60.04679693,723702668.0
2023-12-14,60.24728707,60.24728707,723702668.0
2023-12-15,60.24728707,59.94655186000001,723702668.0
2023-12-18,59.94655186000001,59.24483637,723702668.0
2023-12-19,59.1445913,58.74361102,723702668.0
2023-12-20,58.944101159999995,58.342630740000004,723702668.0
2023-12-21,58.1421406,59.044346229999995,723702668.0
2023-12-22,58.944101159999995,58.1421406,723702668.0
2023-12-25,58.04189553,57.44042511000001,723702668.0
2023-12-26,57.54067018,56.73870962,723702668.0
2023-12-27,56.83895469,57.1396899,723702668.0
2023-12-28,57.03944483,57.34018004,723702668.0
2023-12-29,57.23993497,57.44042511000001,723702668.0
2024-01-02,57.54067018,58.342630740000004,723702668.0
2024-01-03,58.1421406,58.24238567,723702668.0
2024-01-04,58.24238567,58.44287581,723702668.0
2024-01-05,58.44287581,57.64091525,723702668.0
2024-01-08,57.54067018,56.63846455,723702668.0
2024-01-09,56.63846455,57.23993497,723702668.0
2024-01-10,57.34018004,57.1396899,723702668.0
2024-01-11,57.23993497,57.94165046,723702668.0
2024-01-12,57.84140538999999,57.34018004,723702668.0
2024-01-15,57.1396899,58.04189553,723702668.0
2024-01-16,57.94165046,58.04189553,723702668.0
2024-01-17,57.74116032,56.83895469,723702668.0
2024-01-18,56.23748427,55.836503990000004,723702668.0
2024-01-19,55.836503990000004,56.63846455,723702668.0
2024-01-22,57.03944483,53.1298871,723702668.0
2024-01-23,52.72890682,52.82915188999999,723702668.0
2024-01-24,53.02964203,54.1323378,723702668.0
2024-01-25,54.33282794,55.53576878,723702668.0
2024-01-26,55.43552371,55.63601385,723702668.0
2024-01-29,55.836503990000004,54.63356315,723702668.0
2024-01-30,54.93429836000001,53.631112449999996,723702668.0
2024-01-31,53.53086738,51.425720909999995,723702668.0
2024-02-01,51.425720909999995,50.72400542,723702668.0
2024-02-02,50.824250490000004,48.71910402,723702668.0
2024-02-05,48.318123740000004,46.112732199999996,723702668.0
2024-02-06,45.91224206,49.1200843,723702668.0
2024-02-07,49.1200843,47.61640825,723702668.0
2024-02-08,47.81689838999999,50.122535,723702668.0
2024-02-19,50.62376035,51.62621105,723702668.0
2024-02-20,51.525965979999995,51.525965979999995,723702668.0
2024-02-21,51.22523077,51.62621105,723702668.0
2024-02-22,51.525965979999995,51.72645612,723702668.0
2024-02-23,51.62621105,52.22768147,723702668.0
2024-02-26,52.1274364,52.62866175,723702668.0
2024-02-27,52.32792654,53.330377240000004,723702668.0
2024-02-28,53.43062231,50.72400542,723702668.0
2024-02-29,50.62376035,52.02719133,723702668.0
2024-03-01,52.22768147,52.1274364,723702668.0
2024-03-04,52.22768147,51.72645612,723702668.0
2024-03-05,51.425720909999995,51.02474063,723702668.0
2024-03-06,50.824250490000004,51.22523077,723702668.0
2024-03-07,51.124985699999996,51.62621105,723702668.0
2024-03-08,51.525965979999995,52.52841668,723702668.0
2024-03-11,52.72890682,52.52841668,723702668.0
2024-03-12,52.62866175,53.83160259,723702668.0
2024-03-13,53.73135752,53.73135752,723702668.0
2024-03-14,53.43062231,54.433073009999994,723702668.0
2024-03-15,54.33282794,55.33527863999999,723702668.0
2024-03-18,55.73625892,55.836503990000004,723702668.0
2024-03-19,55.93674906,55.23503357,723702668.0
2024-03-20,55.33527863999999,55.73625892,723702668.0
2024-03-21,55.73625892,55.73625892,723702668.0
2024-03-22,55.93674906,55.1347885,723702668.0
2024-03-25,55.23503357,54.53331808,723702668.0
2024-03-26,54.1323378,54.73380822,723702668.0
2024-03-27,54.63356315,54.1323378,723702668.0
2024-03-28,54.032092729999995,54.23258287,723702668.0
2024-03-29,54.23258287,55.23503357,723702668.0
2024-04-01,55.63601385,56.437974409999995,723702668.0
2024-04-02,56.63846455,57.1396899,723702668.0
2024-04-03,58.643365949999996,57.44042511000001,716052421.9999999
2024-04-08,56.939199759999994,56.437974409999995,716052421.9999999
2024-04-09,56.437974409999995,57.1396899,716052421.9999999
2024-04-10,56.939199759999994,56.538219479999995,716052421.9999999
2024-04-11,55.93674906,56.137239199999996,716052421.9999999
2024-04-12,56.137239199999996,56.83895469,716052421.9999999
2024-04-15,56.63846455,54.93429836000001,716052421.9999999
2024-04-16,54.83405329,51.525965979999995,716052421.9999999
2024-04-17,51.926946259999994,54.23258287,716052421.9999999
2024-04-18,54.23258287,54.73380822,716052421.9999999
2024-04-19,54.83405329,54.93429836000001,716052421.9999999
2024-04-22,55.23503357,54.1323378,716052421.9999999
2024-04-23,54.032092729999995,54.032092729999995,716052421.9999999
2024-04-24,54.032092729999995,54.23258287,716052421.9999999
2024-04-25,54.032092729999995,54.83405329,716052421.9999999
2024-04-26,54.83405329,55.63601385,716052421.9999999
2024-04-29,56.03699413,57.34018004,716052421.9999999
2024-04-30,57.54067018,57.84140538999999,716052421.9999999
2024-05-06,58.24238567,58.342630740000004,716052421.9999999
2024-05-07,58.342630740000004,58.24238567,716052421.9999999
2024-05-08,58.04189553,57.74116032,716052421.9999999
2024-05-09,57.54067018,58.1421406,716052421.9999999
2024-05-10,58.1421406,58.04189553,716052421.9999999
2024-05-13,57.84140538999999,57.34018004,716052421.9999999
2024-05-14,57.44042511000001,58.04189553,716052421.9999999
2024-05-15,58.04189553,57.94165046,716052421.9999999
2024-05-16,57.84140538999999,58.24238567,716052421.9999999
2024-05-17,58.24238567,58.54312088,716052421.9999999
2024-05-20,58.44287581,58.24238567,716052421.9999999
2024-05-21,58.342630740000004,57.94165046,716052421.9999999
2024-05-22,58.342630740000004,59.94655186000001,665405959.0
2024-05-23,59.64581665,57.94165046,665405959.0
2024-05-24,57.64091525,57.74116032,665405959.0
2024-05-27,57.64091525,57.74116032,665405959.0
2024-05-28,57.74116032,57.23993497,665405959.0
2024-05-29,56.83895469,57.03944483,665405959.0
2024-05-30,57.1396899,56.538219479999995,665405959.0
2024-05-31,56.63846455,56.538219479999995,665405959.0
2024-06-03,56.23748427,55.43552371,665405959.0
2024-06-04,55.43552371,55.33527863999999,665405959.0
2024-06-05,55.33527863999999,53.931847659999995,665405959.0
2024-06-06,54.032092729999995,52.82915188999999,665405959.0
2024-06-07,53.43062231,54.33282794,665405959.0
2024-06-11,54.23258287,53.73135752,665405959.0
2024-06-12,53.83160259,54.23258287,665405959.0
2024-06-13,54.33282794,53.330377240000004,665405959.0
2024-06-14,53.330377240000004,53.53086738,665405959.0
2024-06-17,53.23013217,52.42817161000001,665405959.0
2024-06-18,52.72890682,52.92939696,665405959.0
2024-06-19,52.92939696,52.92939696,665405959.0
2024-06-20,53.02964203,51.32547584,665405959.0
2024-06-21,51.83872975,51.83872975,665405959.0
2024-06-24,51.633427850000004,50.29896550000001,665405959.0
2024-06-25,50.401616450000006,51.12017310000001,665405959.0
2024-06-26,51.22282405000001,52.454635450000005,665405959.0
2024-06-27,52.65993735,51.42812595,665405959.0
2024-06-28,51.633427850000004,51.7360788,665405959.0
2024-07-01,51.7360788,52.3519845,665405959.0
2024-07-02,52.3519845,52.7625883,665405959.0
2024-07-03,52.7625883,51.941380699999996,665405959.0
2024-07-04,52.04403165000001,51.01752215,665405959.0
2024-07-05,51.01752215,51.42812595,665405959.0
2024-07-08,51.22282405000001,49.99101265,665405959.0
2024-07-09,49.99101265,50.29896550000001,665405959.0
2024-07-10,50.401616450000006,49.580408850000005,665405959.0
2024-07-11,50.19631455,50.81222025,665405959.0
2024-07-12,50.9148712,51.12017310000001,665405959.0
2024-07-15,52.3519845,51.42812595,665405959.0
2024-07-16,51.325475000000004,51.325475000000004,665405959.0
2024-07-17,51.7360788,51.633427850000004,665405959.0
2024-07-18,51.42812595,51.941380699999996,665405959.0
2024-07-19,51.5307769,51.5307769,665405959.0
2024-07-22,50.9148712,51.325475000000004,665405959.0
2024-07-23,51.5307769,51.01752215,665405959.0
2024-07-24,51.01752215,50.81222025,665405959.0
2024-07-25,50.60691835,51.01752215,665405959.0
2024-07-26,51.22282405000001,51.42812595,665405959.0
2024-07-29,51.5307769,51.12017310000001,665405959.0
2024-07-30,51.12017310000001,51.42812595,665405959.0
2024-07-31,51.5307769,52.5572864,665405959.0
2024-08-01,52.454635450000005,52.454635450000005,665405959.0
2024-08-02,52.146682600000005,52.24933355,665405959.0
2024-08-05,51.83872975,51.83872975,665405959.0
2024-08-06,52.146682600000005,52.454635450000005,665405959.0
2024-08-07,52.454635450000005,52.3519845,665405959.0
2024-08-08,52.3519845,52.86523925000001,665405959.0
2024-08-09,53.070541150000004,52.7625883,665405959.0
2024-08-12,52.86523925000001,53.275843050000006,665405959.0
2024-08-13,53.1731921,53.070541150000004,665405959.0
2024-08-14,53.1731921,52.96789020000001,665405959.0
2024-08-15,52.86523925000001,52.65993735,665405959.0
2024-08-16,52.86523925000001,52.24933355,665405959.0
2024-08-19,52.146682600000005,52.146682600000005,665405959.0
2024-08-20,52.24933355,50.60691835,665405959.0
2024-08-21,50.60691835,50.401616450000006,665405959.0
2024-08-22,50.401616450000006,50.5042674,665405959.0
2024-08-23,50.5042674,49.99101265,665405959.0
2024-08-26,49.888361700000004,50.19631455,665405959.0
2024-08-27,50.0936636,49.99101265,665405959.0
2024-08-28,49.6830598,49.78571075,665405959.0
2024-08-29,49.580408850000005,50.0936636,665405959.0
2024-08-30,50.401616450000006,51.325475000000004,665405959.0
2024-09-02,50.81222025,50.9148712,665405959.0
2024-09-03,50.709569300000005,50.81222025,665405959.0
2024-09-04,50.709569300000005,50.81222025,665405959.0
2024-09-05,50.81222025,51.633427850000004,665405959.0
2024-09-06,51.83872975,51.22282405000001,665405959.0
2024-09-09,51.12017310000001,51.42812595,665405959.0
2024-09-10,51.42812595,50.9148712,665405959.0
2024-09-11,50.9148712,50.401616450000006,665405959.0
2024-09-12,50.19631455,50.401616450000006,665405959.0
2024-09-13,50.29896550000001,49.99101265,665405959.0
2024-09-18,49.888361700000004,49.47775790000001,665405959.0
2024-09-19,49.580408850000005,50.9148712,665405959.0
2024-09-20,51.01752215,50.709569300000005,665405959.0
2024-09-23,50.5042674,51.01752215,665405959.0
2024-09-24,51.22282405000001,52.3519845,665405959.0
2024-09-25,53.1731921,53.48114495,665405959.0
2024-09-26,53.48114495,55.43151300000001,665405959.0
2024-09-27,56.97127725,57.381881050000004,665405959.0
2024-09-30,59.332249100000006,62.4117776,665405959.0
2024-10-08,68.67348555000001,65.38865515,665405959.0
2024-10-09,64.15684375000001,60.15345670000001,665405959.0
2024-10-10,60.46140955,61.385268100000005,665405959.0
2024-10-11,60.87201335,59.537551,665405959.0
2024-10-14,60.05080575,59.948154800000005,665405959.0
2024-10-15,59.64020195,59.22959815,665405959.0
2024-10-16,58.511041500000005,59.126947200000004,665405959.0
2024-10-17,59.537551,58.61369245,665405959.0
2024-10-18,58.203088650000005,59.43490005,665405959.0
2024-10-21,59.43490005,59.332249100000006,665405959.0
2024-10-22,59.332249100000006,60.3587586,665405959.0
2024-10-23,60.3587586,60.3587586,665405959.0
2024-10-24,60.46140955,61.077315250000005,665405959.0
2024-10-25,62.6170795,64.4647966,665405959.0
2024-10-28,62.71973045000001,62.822381400000005,665405959.0
2024-10-29,63.130334250000004,61.385268100000005,665405959.0
2024-10-30,60.769362400000006,61.385268100000005,665405959.0
2024-10-31,60.97466430000001,61.7958719,665405959.0
2024-11-01,61.48791905,60.3587586,665405959.0
2024-11-04,60.05080575,60.87201335,665405959.0
2024-11-05,60.87201335,61.898522850000006,665405959.0
2024-11-06,61.7958719,61.898522850000006,665405959.0
2024-11-07,61.59057,64.2594947,665405959.0
2024-11-08,64.15684375000001,63.8488909,665405959.0
2024-11-11,63.8488909,63.951541850000005,665405959.0
2024-11-12,64.36214565,64.77274945,665405959.0
2024-11-13,64.8754004,63.643589000000006,665405959.0
2024-11-14,63.54093805000001,62.4117776,665405959.0
2024-11-15,62.4117776,62.001173800000004,665405959.0
2024-11-18,63.8488909,63.8488909,665405959.0
2024-11-19,64.2594947,64.15684375000001,665405959.0
2024-11-20,63.951541850000005,65.4913061,665405959.0
2024-11-21,65.28600420000001,65.59395705,665405959.0
2024-11-22,65.28600420000001,62.71973045000001,665405959.0
2024-11-25,62.822381400000005,64.2594947,665405959.0
2024-11-26,64.4647966,66.62046655,665405959.0
2024-11-27,65.59395705,66.3125137,665405959.0
2024-11-28,66.1072118,66.7231175,665405959.0
2024-11-29,66.7231175,73.39542925,665405959.0
2024-12-02,77.29616535000001,80.78629765000001,665405959.0
2024-12-03,88.89572270000001,83.45522235000001,665405959.0
2024-12-04,76.9882125,75.1404954,665405959.0
2024-12-05,74.83254255,73.2927783,665405959.0
2024-12-06,73.0874764,74.62724065,665405959.0
2024-12-09,74.1139859,73.2927783,665405959.0
2024-12-10,75.44844825,73.2927783,665405959.0
2024-12-11,73.4980802,74.21663685000001,665405959.0
2024-12-12,74.1139859,75.3457973,665405959.0
2024-12-13,74.7298916,74.62724065,665405959.0
2024-12-16,74.42193875000001,74.01133495,665405959.0
2024-12-17,73.39542925,70.31590075,665405959.0
2024-12-18,70.2132498,69.802646,665405959.0
2024-12-19,68.87878745,69.18674030000001,665405959.0
2024-12-20,69.3920422,70.52120265,665405959.0
2024-12-23,69.90529695,67.1337213,665405959.0
2024-12-24,67.23637225,69.18674030000001,665405959.0
2024-12-25,68.67348555000001,68.26288175,665405959.0
2024-12-26,68.3655327,69.49469315,665405959.0
2024-12-27,69.49469315,69.28939125000001,665405959.0
2024-12-30,69.3920422,68.1602308,665405959.0
2024-12-31,68.26288175,67.1337213,665405959.0
2025-01-02,67.03107035000001,66.9284194,665405959.0
2025-01-03,66.7231175,62.822381400000005,665405959.0
2025-01-06,62.92503235,62.822381400000005,665405959.0
2025-01-07,62.92503235,63.33563615,665405959.0
2025-01-08,63.54093805000001,62.92503235,665405959.0
2025-01-09,62.4117776,62.4117776,665405959.0
2025-01-10,62.6170795,60.05080575,665405959.0
2025-01-13,59.332249100000006,59.7428529,665405959.0
2025-01-14,60.05080575,61.898522850000006,665405959.0
2025-01-15,61.693220950000004,62.2064757,665405959.0
2025-01-16,62.822381400000005,63.74623995,665405959.0
2025-01-17,63.438287100000004,63.130334250000004,665405959.0
2025-01-20,63.438287100000004,63.951541850000005,665405959.0
2025-01-21,64.36214565,63.54093805000001,665405959.0
2025-01-22,63.33563615,62.6170795,665405959.0
2025-01-23,63.438287100000004,63.130334250000004,665405959.0
2025-01-24,62.822381400000005,63.130334250000004,665405959.0
2025-01-27,63.643589000000006,63.130334250000004,665405959.0
2025-02-05,63.643589000000006,63.0276833,665405959.0
2025-02-06,62.92503235,63.438287100000004,665405959.0
2025-02-07,63.438287100000004,64.05419280000001,665405959.0
2025-02-10,64.2594947,64.8754004,665405959.0
2025-02-11,64.97805135,64.56744755,665405959.0
2025-02-12,64.4647966,64.6700985,665405959.0
2025-02-13,64.6700985,64.4647966,665405959.0
2025-02-14,64.56744755,63.8488909,665405959.0
2025-02-17,63.951541850000005,64.6700985,665405959.0
2025-02-18,64.6700985,62.822381400000005,665405959.0
2025-02-19,62.822381400000005,63.2329852,665405959.0
2025-02-20,62.92503235,63.951541850000005,665405959.0
2025-02-21,63.643589000000006,63.2329852,665405959.0
2025-02-24,63.0276833,63.54093805000001,665405959.0
2025-02-25,62.92503235,63.0276833,665405959.0
2025-02-26,63.0276833,63.951541850000005,665405959.0
2025-02-27,64.4647966,64.8754004,665405959.0
2025-02-28,64.4647966,63.130334250000004,665405959.0
2025-03-03,63.54093805000001,63.438287100000004,665405959.0
2025-03-04,63.0276833,63.54093805000001,665405959.0
2025-03-05,63.54093805000001,63.0276833,665405959.0
2025-03-06,63.2329852,63.643589000000006,665405959.0
2025-03-07,64.05419280000001,63.33563615,665405959.0
2025-03-10,63.74623995,66.1072118,665405959.0
2025-03-11,65.0807023,65.9019099,665405959.0
2025-03-12,66.00456085,68.5708346,665405959.0
2025-03-13,68.1602308,68.26288175,665405959.0
2025-03-14,67.749627,68.46818365,665405959.0
2025-03-17,68.9814384,67.3390232,665405959.0
2025-03-18,67.64697605,67.44167415000001,665405959.0
2025-03-19,67.3390232,67.23637225,665405959.0
2025-03-20,67.3390232,66.62046655,665405959.0
2025-03-21,66.5178156,66.20986275,665405959.0
2025-03-24,66.3125137,65.79925895000001,665405959.0
2025-03-25,65.79925895000001,66.5178156,665405959.0
2025-03-26,66.5178156,66.82576845,665405959.0
2025-03-27,66.62046655,66.5178156,665405959.0
2025-03-28,66.5178156,66.1072118,665405959.0
2025-03-31,65.59395705,65.0807023,665405959.0
2025-04-01,64.97805135,66.5178156,665405959.0
2025-04-02,66.41516465,66.7231175,665405959.0
2025-04-03,66.1072118,66.5178156,665405959.0
2025-04-07,62.92503235,59.84550385000001,665405959.0
2025-04-08,60.15345670000001,59.43490005,665405959.0
2025-04-09,58.7163434,59.84550385000001,665405959.0
2025-04-10,60.769362400000006,61.077315250000005,665405959.0
2025-04-11,60.769362400000006,60.87201335,665405959.0
2025-04-14,61.48791905,62.10382475,665405959.0
2025-04-15,62.10382475,62.514428550000005,665405959.0
2025-04-16,62.514428550000005,62.2064757,665405959.0
2025-04-17,62.514428550000005,63.130334250000004,665405959.0
2025-04-18,63.130334250000004,62.30912665,665405959.0
2025-04-21,62.2064757,62.6170795,665405959.0
2025-04-22,62.514428550000005,63.54093805000001,665405959.0
2025-04-23,63.643589000000006,63.33563615,665405959.0
2025-04-24,63.33563615,63.643589000000006,665405959.0
2025-04-25,63.74623995,64.6700985,665405959.0
2025-04-28,66.1072118,65.69660800000001,665405959.0
2025-04-29,64.97805135,64.6700985,665405959.0
2025-04-30,64.6700985,64.2594947,665405959.0
2025-05-06,64.4647966,65.59395705,665405959.0
2025-05-07,65.9019099,65.59395705,665405959.0
2025-05-08,65.28600420000001,65.59395705,665405959.0
2025-05-09,65.59395705,66.20986275,665405959.0
2025-05-12,66.7231175,66.41516465,665405959.0
2025-05-13,66.62046655,66.82576845,665405959.0
2025-05-14,66.82576845,66.9284194,665405959.0
2025-05-15,66.7231175,68.1602308,665405959.0
2025-05-16,67.54432510000001,68.3655327,665405959.0
2025-05-19,67.9549289,68.5708346,665405959.0
2025-05-20,68.26288175,69.90529695,665405959.0
2025-05-21,69.802646,70.11059885,665405959.0
2025-05-22,69.802646,69.18674030000001,665405959.0
2025-05-23,68.87878745,68.1602308,665405959.0
2025-05-26,68.05757985,67.54432510000001,665405959.0
2025-05-27,67.64697605,68.26288175,665405959.0
2025-05-28,68.1602308,68.67348555000001,665405959.0
2025-05-29,68.46818365,68.3655327,665405959.0
2025-05-30,68.26288175,67.44167415000001,665405959.0
2025-06-03,67.23637225,68.67348555000001,665405959.0
2025-06-04,68.67348555000001,70.11059885,665405959.0
2025-06-05,69.802646,68.87878745,665405959.0
2025-06-06,68.87878745,68.7761365,665405959.0
2025-06-09,68.67348555000001,69.49469315,665405959.0
2025-06-10,69.3920422,68.7761365,665405959.0
2025-06-11,68.87878745,69.90529695,665405959.0
2025-06-12,69.69999505,72.8821745,665405959.0
2025-06-13,72.36891975,70.2132498,665405959.0
2025-06-16,69.90529695,73.4980802,665405959.0
2025-06-17,73.80603305000001,72.4715707,665405959.0
2025-06-18,72.77952355000001,70.93180645000001,665405959.0
2025-06-19,70.93180645000001,69.18674030000001,665405959.0
2025-06-20,69.2909385,69.811923,665405959.0
2025-06-23,69.18674159999999,68.9783478,665405959.0
2025-06-24,69.18674159999999,70.02031679999999,665405959.0
2025-06-25,70.2287106,70.64549819999999,665405959.0
2025-06-26,70.7496951,70.02031679999999,665405959.0
2025-06-27,70.1245137,70.33290749999999,665405959.0
2025-06-30,70.4371044,70.2287106,665405959.0
2025-07-01,70.2287106,72.4168455,665405959.0
2025-07-02,72.0000579,71.895861,665405959.0
2025-07-03,71.895861,72.62523929999999,665405959.0
2025-07-04,72.3126486,72.5210424,665405959.0
2025-07-07,72.3126486,72.2084517,665405959.0
2025-07-08,72.10425479999999,72.5210424,665405959.0
2025-07-09,72.5210424,71.895861,665405959.0
2025-07-10,71.79166409999999,72.10425479999999,665405959.0
2025-07-11,72.0000579,72.0000579,665405959.0
2025-07-14,71.895861,71.895861,665405959.0
2025-07-15,72.0000579,70.95808889999999,665405959.0
2025-07-16,70.95808889999999,71.5832703,665405959.0
2025-07-17,71.37487649999998,71.5832703,665405959.0
2025-07-18,71.6874672,71.79166409999999,665405959.0
2025-07-21,71.79166409999999,72.7294362,665405959.0
2025-07-22,72.93782999999999,73.14622379999999,665405959.0
2025-07-23,73.14622379999999,72.93782999999999,665405959.0
2025-07-24,73.14622379999999,73.3546176,665405959.0
2025-07-25,73.3546176,73.25042069999999,665405959.0
2025-07-28,73.3546176,72.62523929999999,665405959.0
2025-07-29,72.5210424,72.2084517,665405959.0
2025-07-30,72.3126486,72.0000579,665405959.0
2025-07-31,72.3126486,70.2287106,665405959.0
