date,openrecovered,closerecovered,outstandingshares
2010-08-06,63.0,69.91,14000000.0
2010-08-09,75.08,75.0,14000000.0
2010-08-10,73.88,80.0,14000000.0
2010-08-11,78.0,77.6,14000000.0
2010-08-12,75.5,69.84,14000000.0
2010-08-13,70.62,71.89,14000000.0
2010-08-16,70.51,72.8,14000000.0
2010-08-17,72.0,75.13,14000000.0
2010-08-18,74.28,77.15,14000000.0
2010-08-19,76.81,75.3,14000000.0
2010-08-20,74.69,71.24,14000000.0
2010-08-23,70.58,71.1,14000000.0
2010-08-24,71.44,72.12,14000000.0
2010-08-25,71.22,70.39,14000000.0
2010-08-26,70.03,71.7,14000000.0
2010-08-27,71.15,72.74,14000000.0
2010-08-30,72.75,76.14,14000000.0
2010-08-31,75.05,75.78,14000000.0
2010-09-01,75.99,73.0,14000000.0
2010-09-02,72.83,73.04,14000000.0
2010-09-03,78.63,78.1,14000000.0
2010-09-06,78.1,74.5,14000000.0
2010-09-07,74.0,74.74,14000000.0
2010-09-08,73.68,75.3,14000000.0
2010-09-09,75.01,72.43,14000000.0
2010-09-10,72.99,74.0,14000000.0
2010-09-13,74.0,74.0,14000000.0
2010-09-14,74.6,76.95,14000000.0
2010-09-15,76.01,73.06,14000000.0
2010-09-16,72.51,74.26,14000000.0
2010-09-17,74.13,73.55,14000000.0
2010-09-20,73.55,75.7,14000000.0
2010-09-21,75.59,75.3,14000000.0
2010-09-27,75.2,74.9,14000000.0
2010-09-28,74.9,72.34,14000000.0
2010-09-29,72.33997208,69.47204416,14000000.0
2010-09-30,68.188496,71.57786536,14000000.0
2010-10-08,71.90878012,72.71099772,14000000.0
2010-10-11,71.98900188,71.81853064,14000000.0
2010-10-12,72.199584,70.695426,14000000.0
2010-10-13,70.695426,69.65254312,14000000.0
2010-10-14,69.692654,70.35448352,14000000.0
2010-10-15,69.692654,69.58234908,14000000.0
2010-10-18,69.70268172,68.93054728,14000000.0
2010-10-19,69.2915452,71.9990296,14000000.0
2010-10-20,70.19404,73.98451816,14000000.0
2010-10-21,72.199584,76.08031164,14000000.0
2010-10-22,76.20064428,75.08756736,14000000.0
2010-10-25,75.32823264,82.59832964,14000000.0
2010-10-26,85.81722776,88.243936,14000000.0
2010-10-27,86.24841972,90.03889788,14000000.0
2010-10-28,90.03889788,86.64952852,14000000.0
2010-10-29,87.11080364,89.246708,14000000.0
2010-11-01,91.252252,89.748094,14000000.0
2010-11-02,89.246708,86.238392,14000000.0
2010-11-03,85.737006,84.232848,14000000.0
2010-11-04,84.232848,86.0378376,14000000.0
2010-11-05,86.0378376,85.82725548,14000000.0
2010-11-08,85.82725548,85.82725548,17500000.0
2010-11-09,87.26121944,90.12914736,17500000.0
2010-11-10,89.748094,91.42272324,17500000.0
2010-11-11,90.77092144,90.3497572,17500000.0
2010-11-12,90.08903648,85.22559228,17500000.0
2010-11-15,85.6367288,90.63053336,17500000.0
2010-11-16,92.67618824,87.22110856,17500000.0
2010-11-17,86.2885306,85.8372832,17500000.0
2010-11-18,85.85733864,86.07794848,17500000.0
2010-11-19,86.739778,90.24948,17500000.0
2010-11-22,89.748094,93.14749108,17500000.0
2010-11-23,93.1575188,95.00261928,17500000.0
2010-11-24,93.33801776,100.2772,17500000.0
2010-11-25,101.05936216,98.773042,17500000.0
2010-11-26,98.271656,102.282744,17500000.0
2010-11-29,101.42036008,105.52169756,17500000.0
2010-11-30,105.29106,101.279972,17500000.0
2010-12-01,98.28168372,100.15686736,17500000.0
2010-12-02,100.1769228,99.69559224,17500000.0
2010-12-03,99.274428,95.1630628,17500000.0
2010-12-06,94.260568,95.65442108,17500000.0
2010-12-07,94.761954,101.26994428,17500000.0
2010-12-08,100.28722772,101.77133028,17500000.0
2010-12-09,101.84152432,102.282744,17500000.0
2010-12-10,102.282744,106.293832,17500000.0
2010-12-13,108.800762,108.6002076,17500000.0
2010-12-14,109.2018708,111.48819096,17500000.0
2010-12-15,111.48819096,109.803534,17500000.0
2010-12-16,110.21467052,111.307692,17500000.0
2010-12-17,112.69151736,117.2240468,17500000.0
2010-12-20,116.9733538,115.33883544,17500000.0
2010-12-21,114.32603572,114.817394,17500000.0
2010-12-22,114.817394,111.8592166,17500000.0
2010-12-23,110.30492,111.09710988,17500000.0
2010-12-24,110.29489228,109.01134412,17500000.0
2010-12-27,109.03139956,101.4805264,17500000.0
2010-12-28,100.06661788,102.67382508,17500000.0
2010-12-29,102.67382508,102.67382508,17500000.0
2010-12-30,105.26097684,106.85538432,17500000.0
2010-12-31,105.98297268,108.35954232,17500000.0
2011-01-04,108.299376,113.313236,17500000.0
2011-01-05,113.05251528,112.4107412,17500000.0
2011-01-06,111.46813552,108.59017988,17500000.0
2011-01-07,107.4470198,104.30834344,17500000.0
2011-01-10,102.39304892,100.2772,17500000.0
2011-01-11,99.26440028,102.0821896,17500000.0
2011-01-12,102.06213416,101.76130256,17500000.0
2011-01-13,102.24263312,100.2772,17500000.0
2011-01-14,99.775814,97.1686068,17500000.0
2011-01-17,96.8677752,93.257796,17500000.0
2011-01-18,91.252252,91.3525292,17500000.0
2011-01-19,90.5503116,92.75641,17500000.0
2011-01-20,92.9569644,90.24948,17500000.0
2011-01-21,90.24948,87.73252228,17500000.0
2011-01-24,86.60941764,81.59555764,17500000.0
2011-01-25,81.725918,80.0212056,17500000.0
2011-01-26,79.7705126,83.25013144,17500000.0
2011-01-27,81.725918,84.8345112,17500000.0
2011-01-28,84.37323608,84.64398452,17500000.0
2011-01-31,84.8345112,84.82448348,17500000.0
2011-02-01,85.77711688,85.21556456,17500000.0
2011-02-09,85.21556456,82.83899492,17500000.0
2011-02-10,82.227304,86.40886324,17500000.0
2011-02-11,86.739778,88.243936,17500000.0
2011-02-14,88.0433816,88.60493392,17500000.0
2011-02-15,88.60493392,88.5949062,17500000.0
2011-02-16,88.243936,88.93584868,17500000.0
2011-02-17,89.748094,90.42997896,17500000.0
2011-02-18,90.9514204,89.95867612,17500000.0
2011-02-21,89.95867612,92.66616052,17500000.0
2011-02-22,92.6059942,90.24948,17500000.0
2011-02-23,90.24948,97.268884,17500000.0
2011-02-24,97.73015912,96.3162506,17500000.0
2011-02-25,95.27336772,99.274428,17500000.0
2011-02-28,99.274428,96.1658348,17500000.0
2011-03-01,96.266112,93.59873848,17500000.0
2011-03-02,92.255024,90.15923052,17500000.0
2011-03-03,90.15923052,87.74255,17500000.0
2011-03-04,87.23113628,87.75257772,17500000.0
2011-03-07,87.78266088,87.98321528,17500000.0
2011-03-08,87.92304896,89.12637536,17500000.0
2011-03-09,89.748094,89.6979554,17500000.0
2011-03-10,90.23945228,92.64610508,17500000.0
2011-03-11,91.4528064,92.42549524,17500000.0
2011-03-14,92.41546752,92.6561328,17500000.0
2011-03-15,93.3580732,91.02161444,17500000.0
2011-03-16,90.96144812,90.37984036,17500000.0
2011-03-17,89.5475396,88.11357564,17500000.0
2011-03-18,88.50465672,88.68515568,17500000.0
2011-03-21,89.1464308,90.8010046,17500000.0
2011-03-22,90.0990642,89.1464308,17500000.0
2011-03-23,89.3469852,88.98598728,17500000.0
2011-03-24,90.20936912,89.61773364,17500000.0
2011-03-25,90.6505888,89.65784452,17500000.0
2011-03-28,90.23945228,86.25844744,17500000.0
2011-03-29,86.21833656,83.731462,17500000.0
2011-03-30,83.731462,81.60558536,17500000.0
2011-03-31,81.25461516,81.6256408,17500000.0
2011-04-01,82.477997,81.63566852,17500000.0
2011-04-06,81.63566852,81.63566852,17500000.0
2011-04-07,80.86353408,81.49528044,17500000.0
2011-04-08,82.18719312,83.8317392,17500000.0
2011-04-11,87.9431044,83.1297988,17500000.0
2011-04-12,82.5281356,82.0267496,17500000.0
2011-04-13,81.0239776,83.0295216,17500000.0
2011-04-14,83.91196096,83.03954932,17500000.0
2011-04-15,83.03954932,81.23455972,17500000.0
2011-04-18,80.50996,80.40932255,35000000.0
2011-04-19,79.9061353,77.6921114,35000000.0
2011-04-20,77.79274885,78.79912335,35000000.0
2011-04-21,78.8997608,79.1010357,35000000.0
2011-04-22,78.497211,76.38382455,35000000.0
2011-04-25,76.50458949,74.16980065,35000000.0
2011-04-26,74.45158551,70.32545006,35000000.0
2011-04-27,69.96315524,67.40696401,35000000.0
2011-04-28,67.38683652,67.06479668,35000000.0
2011-04-29,68.35295604,69.2385656,35000000.0
2011-05-03,69.4398405,69.76188034,35000000.0
2011-05-04,69.6411154,66.92390425,35000000.0
2011-05-05,67.26607158,67.44721899,35000000.0
2011-05-06,67.12517915,67.44721899,35000000.0
2011-05-09,67.44721899,67.44721899,35000000.0
2011-05-10,67.46734648,67.48747397,35000000.0
2011-05-11,67.2258166,67.91015126,35000000.0
2011-05-12,67.91015126,66.60186441,35000000.0
2011-05-13,66.420717,67.2258166,35000000.0
2011-05-16,67.97053373,68.61461341,35000000.0
2011-05-17,68.19193612,66.92390425,35000000.0
2011-05-18,66.92390425,67.6283664,35000000.0
2011-05-19,67.6283664,68.2321911,35000000.0
2011-05-20,68.0309162,66.68237437,35000000.0
2011-05-23,65.8168923,65.47472497,35000000.0
2011-05-24,64.64949788,66.78301182,35000000.0
2011-05-25,66.17918712,64.407968,35000000.0
2011-05-26,64.2066931,59.81890028,35000000.0
2011-05-27,59.87928275,57.3633465,35000000.0
2011-05-30,56.7595218,55.18957758,35000000.0
2011-05-31,56.31671702,55.51161742,35000000.0
2011-06-01,55.7531473,55.65250985,35000000.0
2011-06-02,54.9480477,52.9352987,35000000.0
2011-06-03,53.09631862,53.17682858,35000000.0
2011-06-07,53.31772101,53.65988834,35000000.0
2011-06-08,53.65988834,53.17682858,35000000.0
2011-06-09,53.1365736,50.82191225,35000000.0
2011-06-10,50.9225497,52.7340238,35000000.0
2011-06-13,52.331474,54.5454979,35000000.0
2011-06-14,54.5454979,54.72664531,35000000.0
2011-06-15,54.5454979,55.06881264,35000000.0
2011-06-16,54.9480477,53.72027081,35000000.0
2011-06-17,53.3378485,52.63338635,35000000.0
2011-06-20,51.82828675,52.29121902,35000000.0
2011-06-21,52.5327489,52.39185647,35000000.0
2011-06-22,52.91517121,52.31134651,35000000.0
2011-06-23,51.7276493,55.53174491,35000000.0
2011-06-24,55.51161742,57.86653375,35000000.0
2011-06-27,57.90678873,58.85278076,35000000.0
2011-06-28,59.07418315,58.7722708,35000000.0
2011-06-29,58.87290825,59.25533056,35000000.0
2011-06-30,58.67163335,58.9735457,35000000.0
2011-07-01,59.9799202,59.01380068,35000000.0
2011-07-04,59.1748206,60.9862947,35000000.0
2011-07-05,61.14731462,61.10705964,35000000.0
2011-07-06,60.70450984,61.5901194,35000000.0
2011-07-07,61.56999191,64.2066931,35000000.0
2011-07-08,64.0054182,64.0054182,35000000.0
2011-07-11,63.90478075,65.67599987,35000000.0
2011-07-12,65.27345007,66.6219919,35000000.0
2011-07-13,66.6219919,67.16543413,35000000.0
2011-07-14,66.98428672,67.12517915,35000000.0
2011-07-15,67.30632656,66.46097198,35000000.0
2011-07-18,66.52135445,65.09230266,35000000.0
2011-07-19,65.09230266,63.48210346,35000000.0
2011-07-20,63.48210346,65.37408752,35000000.0
2011-07-21,65.53510744,64.83064529,35000000.0
2011-07-22,65.0117927,67.18556162,35000000.0
2011-07-25,68.433466,63.6028684,35000000.0
2011-07-26,59.5773704,64.68975286,35000000.0
2011-07-27,64.407968,66.07854967,35000000.0
2011-07-28,65.4143425,67.2258166,35000000.0
2011-07-29,66.92390425,67.0245417,35000000.0
2011-08-01,66.420717,68.13155365,35000000.0
2011-08-02,68.13155365,68.433466,35000000.0
2011-08-03,68.19193612,70.18455763,35000000.0
2011-08-04,69.8423903,68.0309162,35000000.0
2011-08-05,65.2130676,64.32745804,35000000.0
2011-08-08,62.53611143,63.90478075,81865000.0
2011-08-09,60.62399988,63.94503573,81865000.0
2011-08-10,65.31370505,64.50860545,81865000.0
2011-08-11,62.41534649,66.420717,81865000.0
2011-08-12,66.58173692,65.2130676,81865000.0
2011-08-15,65.2130676,64.64949788,81865000.0
2011-08-16,64.62937039,62.49585645,81865000.0
2011-08-17,62.85815127,62.53611143,81865000.0
2011-08-18,62.67700386,61.14731462,81865000.0
2011-08-19,60.12081263,60.72463733,81865000.0
2011-08-22,60.72463733,62.07317916,81865000.0
2011-08-23,62.37509151,63.13993613,81865000.0
2011-08-24,64.0054182,63.88465326,81865000.0
2011-08-25,63.92490824,67.72900385,81865000.0
2011-08-26,67.95040624,71.41233452,81865000.0
2011-08-29,71.07016719,67.54785644,81865000.0
2011-08-30,67.40696401,67.72900385,81865000.0
2011-08-31,67.4270915,66.2194421,81865000.0
2011-09-01,66.420717,67.6283664,81865000.0
2011-09-02,67.0245417,69.56060544,81865000.0
2011-09-05,68.45359349,67.72900385,81865000.0
2011-09-06,67.32645405,66.68237437,81865000.0
2011-09-07,66.8232668,70.42608751,81865000.0
2011-09-08,70.2449401,70.02353771,81865000.0
2011-09-09,69.66124289,66.07854967,81865000.0
2011-09-13,63.8041433,63.6028684,81865000.0
2011-09-14,63.4015935,64.8105178,81865000.0
2011-09-15,65.4143425,64.46835047,81865000.0
2011-09-16,64.46835047,63.50223095,81865000.0
2011-09-19,63.34121103,62.7977688,81865000.0
2011-09-20,62.77764131,64.30733055,81865000.0
2011-09-21,64.77026282,66.03829469,81865000.0
2011-09-22,65.4143425,66.07854967,81865000.0
2011-09-23,64.0054182,67.36670903,81865000.0
2011-09-26,68.2321911,67.06479668,81865000.0
2011-09-27,67.8296413,67.2258166,81865000.0
2011-09-28,67.8296413,66.11880465,81865000.0
2011-09-29,64.64949788,62.1939441,81865000.0
2011-09-30,61.9926692,60.64412737,81865000.0
2011-10-10,60.88565725,60.92591223,81865000.0
2011-10-11,62.35496402,60.28183255,81865000.0
2011-10-12,60.28183255,61.75113932,81865000.0
2011-10-13,60.9862947,62.55623892,81865000.0
2011-10-14,62.395219,60.82527478,81865000.0
2011-10-17,59.79877279,60.56361741,81865000.0
2011-10-18,59.89941024,59.9799202,81865000.0
2011-10-19,60.88565725,58.5709959,81865000.0
2011-10-20,57.9671712,55.93429471,81865000.0
2011-10-21,55.7531473,56.25633455,81865000.0
2011-10-24,56.25633455,57.46398395,81865000.0
2011-10-25,58.75214331,60.42272498,81865000.0
2011-10-26,60.06043016,61.93228673,81865000.0
2011-10-27,61.9926692,61.1875696,81865000.0
2011-10-28,61.93228673,61.5901194,81865000.0
2011-10-31,62.55623892,64.8105178,81865000.0
2011-11-01,64.0054182,64.0054182,81865000.0
2011-11-02,63.32108354,65.69612736,81865000.0
2011-11-03,66.19931461,70.40596002,81865000.0
2011-11-04,71.2513146,69.6411154,81865000.0
2011-11-07,69.0372907,73.04266121,81865000.0
2011-11-08,73.0627887,72.6602389,81865000.0
2011-11-09,73.0627887,74.8742628,81865000.0
2011-11-10,73.8678883,72.458964,81865000.0
2011-11-11,72.8615138,72.21743412,81865000.0
2011-11-14,72.458964,74.21005563,81865000.0
2011-11-15,74.89439029,73.78737834,81865000.0
2011-11-16,73.78737834,72.43883651,81865000.0
2011-11-17,72.458964,71.8551393,81865000.0
2011-11-18,71.6538644,68.81588831,81865000.0
2011-11-21,68.0309162,68.6347409,81865000.0
2011-11-22,67.44721899,69.72162536,81865000.0
2011-11-23,70.34557755,70.54685245,81865000.0
2011-11-24,69.17818313,69.78200783,81865000.0
2011-11-25,69.78200783,71.43246201,81865000.0
2011-11-28,71.75450185,71.75450185,81865000.0
2011-11-29,71.75450185,73.50559348,81865000.0
2011-11-30,73.68674089,71.43246201,81865000.0
2011-12-01,73.22380862,72.51934647,81865000.0
2011-12-02,72.55960145,70.06379269,81865000.0
2011-12-05,69.15805564,69.17818313,81865000.0
2011-12-06,68.99703572,67.6283664,81865000.0
2011-12-07,67.2258166,68.13155365,81865000.0
2011-12-08,68.6347409,68.433466,81865000.0
2011-12-09,68.0309162,67.2258166,81865000.0
2011-12-12,67.52772895,66.6219919,81865000.0
2011-12-13,65.45459748,65.15268513,81865000.0
2011-12-14,64.407968,64.0054182,81865000.0
2011-12-15,63.4015935,65.53510744,81865000.0
2011-12-16,65.27345007,65.4143425,81865000.0
2011-12-19,65.4143425,68.25231859,81865000.0
2011-12-20,68.0309162,66.420717,81865000.0
2011-12-21,66.92390425,65.93765724,81865000.0
2011-12-22,64.70988035,65.63574489,81865000.0
2011-12-23,66.32007955,67.99066122,81865000.0
2011-12-26,68.433466,68.75550584,81865000.0
2011-12-27,68.05104369,67.97053373,81865000.0
2011-12-28,68.61461341,61.16744211,81865000.0
2011-12-29,59.3760955,61.3888445,81865000.0
2011-12-30,61.32846203,63.50223095,81865000.0
2012-01-04,63.70350585,61.9926692,81865000.0
2012-01-05,61.40897199,56.27646204,81865000.0
2012-01-06,56.9607967,53.70014332,81865000.0
2012-01-09,53.3378485,54.44486045,81865000.0
2012-01-10,53.80078077,56.1556971,81865000.0
2012-01-11,55.9544222,55.7531473,81865000.0
2012-01-12,54.96817519,55.9544222,81865000.0
2012-01-13,56.1556971,51.3250995,81865000.0
2012-01-16,50.37910747,46.19258955,81865000.0
2012-01-17,45.14596007,46.39386445,81865000.0
2012-01-18,45.38748995,41.76454175,81865000.0
2012-01-19,41.76454175,40.4562549,81865000.0
2012-01-20,40.71791227,41.44250191,81865000.0
2012-01-30,42.50925888,45.58876485,81865000.0
2012-01-31,45.14596007,43.73703577,81865000.0
2012-02-01,43.35461346,45.02519513,81865000.0
2012-02-02,44.280478,46.27309951,81865000.0
2012-02-03,46.31335449,47.60151385,81865000.0
2012-02-06,47.60151385,47.52100389,81865000.0
2012-02-07,48.5072509,48.40661345,81865000.0
2012-02-08,48.40661345,49.9161752,81865000.0
2012-02-09,49.9161752,49.7149003,81865000.0
2012-02-10,49.5136254,49.61426285,81865000.0
2012-02-13,49.3123505,50.70114731,81865000.0
2012-02-14,50.70114731,50.318725,81865000.0
2012-02-15,50.5199999,50.58038237,81865000.0
2012-02-16,50.318725,50.78165727,81865000.0
2012-02-17,50.88229472,49.77528277,81865000.0
2012-02-20,50.318725,50.15770508,81865000.0
2012-02-21,50.01681265,52.31134651,81865000.0
2012-02-22,52.02956165,55.65250985,81865000.0
2012-02-23,55.65250985,55.04868515,81865000.0
2012-02-24,54.90779272,55.63238236,81865000.0
2012-02-27,56.33684451,55.51161742,81865000.0
2012-02-28,55.5518724,54.28384053,81865000.0
2012-02-29,54.38447798,53.47874093,81865000.0
2012-03-01,54.344223,54.48511543,81865000.0
2012-03-02,53.80078077,55.16945009,81865000.0
2012-03-05,55.16945009,56.09531463,81865000.0
2012-03-06,56.05505965,58.12819112,81865000.0
2012-03-07,57.46398395,56.71926682,81865000.0
2012-03-08,57.5646214,58.369721,81865000.0
2012-03-09,58.73201582,59.11443813,81865000.0
2012-03-12,59.3760955,58.49048594,81865000.0
2012-03-13,58.38984849,58.32946602,81865000.0
2012-03-14,58.369721,54.52537041,81865000.0
2012-03-15,54.344223,53.5391234,81865000.0
2012-03-16,53.63976085,54.16307559,81865000.0
2012-03-19,54.26371304,57.00105168,81865000.0
2012-03-20,57.06143415,58.1684461,81865000.0
2012-03-21,58.28921104,57.14194411,81865000.0
2012-03-22,56.7595218,55.37072499,81865000.0
2012-03-23,55.5518724,53.96180069,81865000.0
2012-03-26,53.9416732,53.96180069,81865000.0
2012-03-27,54.28384053,54.30396802,81865000.0
2012-03-28,54.44486045,51.10369711,81865000.0
2012-03-29,50.90242221,49.05069313,81865000.0
2012-03-30,49.13120309,48.7085258,81865000.0
2012-04-05,48.34623098,50.318725,81865000.0
2012-04-06,50.27847002,52.25096404,81865000.0
2012-04-09,52.27109153,50.7212748,81865000.0
2012-04-10,49.93630269,52.11007161,81865000.0
2012-04-11,51.94905169,52.331474,81865000.0
2012-04-12,52.7340238,53.27746603,81865000.0
2012-04-13,53.51899591,53.51899591,81865000.0
2012-04-16,53.09631862,52.331474,81865000.0
2012-04-17,52.39185647,52.71389631,81865000.0
2012-04-18,52.71389631,52.71389631,81865000.0
2012-04-19,53.63976085,54.32409551,81865000.0
2012-04-20,54.344223,56.31671702,81865000.0
2012-04-23,55.3505975,54.66626284,81865000.0
2012-04-24,54.04231065,53.15670109,81865000.0
2012-04-25,52.71389631,53.45861344,81865000.0
2012-04-26,53.8228257,54.42985005,163730000.0
2012-04-27,54.59172321,55.8462402,163730000.0
2012-05-02,57.26263035,55.8462402,163730000.0
2012-05-03,55.4415573,55.0368744,163730000.0
2012-05-04,55.23921585,57.62684496,163730000.0
2012-05-07,57.4649718,60.45962526,163730000.0
2012-05-08,60.50009355,60.45962526,163730000.0
2012-05-09,59.73119604,59.81213262,163730000.0
2012-05-10,59.20510827,61.55226909,163730000.0
2012-05-11,60.94524474,61.30945935,163730000.0
2012-05-14,61.9164837,60.41915697,163730000.0
2012-05-15,59.81213262,60.98571303,163730000.0
2012-05-16,61.02618132,61.43086422,163730000.0
2012-05-17,61.5118008,61.1071179,163730000.0
2012-05-18,60.90477645,58.59808392,163730000.0
2012-05-21,58.2743376,58.92183024,163730000.0
2012-05-22,59.12417169,61.22852277,163730000.0
2012-05-23,61.43086422,61.26899106,163730000.0
2012-05-24,61.47133251,61.22852277,163730000.0
2012-05-25,61.22852277,60.50009355,163730000.0
2012-05-28,59.69072775,60.702435,163730000.0
2012-05-29,60.21681552,61.67367396,163730000.0
2012-05-30,61.55226909,62.40210318,163730000.0
2012-05-31,62.36163489,62.7258495,163730000.0
2012-06-01,62.88772266,60.94524474,163730000.0
2012-06-04,59.8930692,58.88136195,163730000.0
2012-06-05,59.0837034,57.26263035,163730000.0
2012-06-06,57.34356693,57.38403522,163730000.0
2012-06-07,57.82918641,56.655606,163730000.0
2012-06-08,57.26263035,57.26263035,163730000.0
2012-06-11,58.07199615,59.04323511,163730000.0
2012-06-12,59.04323511,59.56932288,163730000.0
2012-06-13,59.56932288,60.2977521,163730000.0
2012-06-14,60.50009355,59.65025946,163730000.0
2012-06-15,60.21681552,59.73119604,163730000.0
2012-06-18,60.37868868,59.4883863,163730000.0
2012-06-19,59.20510827,59.36698143,163730000.0
2012-06-20,59.36698143,60.58103013,163730000.0
2012-06-21,60.58103013,58.59808392,163730000.0
2012-06-25,58.59808392,58.23386931,163730000.0
2012-06-26,57.8696547,56.04858165,163730000.0
2012-06-27,55.88670849,56.37232797,163730000.0
2012-06-28,56.49373284,55.92717678,163730000.0
2012-06-29,55.4415573,57.30309864,163730000.0
2012-07-02,57.30309864,58.47667905,163764500.0
2012-07-03,58.51714734,61.1071179,163764500.0
2012-07-04,61.06664961,60.41915697,163764500.0
2012-07-05,60.13587894,58.47667905,163764500.0
2012-07-06,59.00276682,58.59808392,163764500.0
2012-07-09,58.55761563,58.15293273,163764500.0
2012-07-10,57.78871812,55.8462402,163764500.0
2012-07-11,55.96764507,56.37232797,163764500.0
2012-07-12,56.16998652,57.01982061,163764500.0
2012-07-13,56.45326455,55.64389875,163764500.0
2012-07-16,54.42985005,52.608777,163764500.0
2012-07-17,52.608777,53.17533306,163764500.0
2012-07-18,52.64924529,53.70142083,163764500.0
2012-07-19,54.02516715,53.94423057,163764500.0
2012-07-20,54.02516715,52.93252332,163764500.0
2012-07-23,53.0134599,52.85158674,163764500.0
2012-07-24,52.85158674,52.85158674,163764500.0
2012-07-25,52.93252332,52.608777,163764500.0
2012-07-26,52.608777,52.93252332,163764500.0
2012-07-27,52.608777,51.67800633,163764500.0
2012-07-30,52.16362581,50.14021131,163764500.0
2012-07-31,49.97833815,49.12850406,163764500.0
2012-08-01,49.3713138,50.78770395,163764500.0
2012-08-02,50.22114789,49.29037722,163764500.0
2012-08-03,49.73552841,50.94957711,163764500.0
2012-08-06,49.7759967,52.608777,163764500.0
2012-08-07,52.608777,53.05392819,163764500.0
2012-08-08,53.05392819,53.4181428,163764500.0
2012-08-09,52.81111845,53.45861109,163764500.0
2012-08-10,53.05392819,52.73018187,163764500.0
2012-08-13,52.81111845,52.12315752,163764500.0
2012-08-14,52.12315752,53.05392819,163764500.0
2012-08-15,53.05392819,52.32549897,163764500.0
2012-08-16,52.04222094,52.2040941,163764500.0
2012-08-17,52.52784042,54.2275086,163764500.0
2012-08-20,53.74188912,54.91546953,163764500.0
2012-08-21,54.6321915,57.0602889,163764500.0
2012-08-22,56.61513771,56.73654258,163764500.0
2012-08-23,56.61513771,56.53420113,163764500.0
2012-08-24,56.57466942,55.68436704,163764500.0
2012-08-27,55.68436704,54.14657202,163764500.0
2012-08-28,54.42985005,54.83453295,163764500.0
2012-08-29,54.91546953,56.16998652,163764500.0
2012-08-30,55.56296217,54.2275086,163764500.0
2012-08-31,54.38938176,53.74188912,163764500.0
2012-09-03,53.4181428,54.83453295,163764500.0
2012-09-04,54.99640611,54.2275086,163764500.0
2012-09-05,53.62048425,56.97935232,163764500.0
2012-09-06,57.38403522,57.58637667,163764500.0
2012-09-07,57.82918641,58.88136195,163764500.0
2012-09-10,58.92183024,60.50009355,163764500.0
2012-09-11,60.54056184,61.1071179,163764500.0
2012-09-12,61.30945935,61.30945935,163764500.0
2012-09-13,60.702435,62.80678608,163764500.0
2012-09-14,61.9164837,60.2977521,163764500.0
2012-09-17,60.33822039,58.2743376,163764500.0
2012-09-18,57.4649718,59.4883863,163764500.0
2012-09-19,60.54056184,59.65025946,163764500.0
2012-09-20,59.4883863,57.8696547,163764500.0
2012-09-21,57.66731325,55.23921585,163764500.0
2012-09-24,54.83453295,55.36062072,163764500.0
2012-09-25,54.95593782,55.36062072,163764500.0
2012-09-26,55.4415573,55.4415573,163764500.0
2012-09-27,53.62048425,56.00811336,163764500.0
2012-09-28,55.8462402,57.0602889,163764500.0
2012-10-08,57.0602889,55.96764507,163764500.0
2012-10-09,55.96764507,57.34356693,163764500.0
2012-10-10,57.26263035,57.8696547,163764500.0
2012-10-11,57.42450351,55.96764507,163764500.0
2012-10-12,55.8462402,54.75359637,163764500.0
2012-10-15,54.95593782,53.8228257,163764500.0
2012-10-16,53.8228257,56.21045481,163764500.0
2012-10-17,55.76530362,56.33185968,163764500.0
2012-10-18,56.29139139,56.85794745,163764500.0
2012-10-19,57.26263035,57.82918641,163764500.0
2012-10-22,57.82918641,57.78871812,163764500.0
2012-10-23,57.8696547,57.18169377,163764500.0
2012-10-24,56.73654258,54.99640611,163764500.0
2012-10-25,54.91546953,54.83453295,163764500.0
2012-10-26,55.36062072,53.25626964,163764500.0
2012-10-29,52.608777,52.77065016,163764500.0
2012-10-30,52.77065016,52.04222094,163764500.0
2012-10-31,52.04222094,53.45861109,163764500.0
2012-11-01,53.33720622,53.45861109,163764500.0
2012-11-02,53.66095254,53.78235741,163764500.0
2012-11-05,53.66095254,54.83453295,163764500.0
2012-11-06,54.6321915,53.8228257,163764500.0
2012-11-07,53.21580135,53.09439648,163764500.0
2012-11-08,52.56830871,51.3947283,163764500.0
2012-11-09,51.3947283,51.92081607,163764500.0
2012-11-12,51.83987949,52.00175265,163764500.0
2012-11-13,52.48737213,51.07098198,163764500.0
2012-11-14,51.31379172,50.9900454,163764500.0
2012-11-15,50.9900454,50.62583079,163764500.0
2012-11-16,49.3713138,50.50442592,163764500.0
2012-11-19,50.50442592,49.16897235,163764500.0
2012-11-20,49.3713138,48.68335287,163764500.0
2012-11-21,48.92616261,49.24990893,163764500.0
2012-11-22,49.16897235,48.68335287,163764500.0
2012-11-23,48.561948,49.16897235,163764500.0
2012-11-26,49.57365525,49.08803577,163764500.0
2012-11-27,48.68335287,47.3478993,163764500.0
2012-11-28,47.22649443,42.61310937,163764500.0
2012-11-29,42.61310937,41.6823387,163764500.0
2012-11-30,40.58969487,41.43952896,163764500.0
2012-12-03,41.03484606,40.38735342,163764500.0
2012-12-04,39.57798762,41.31812409,163764500.0
2012-12-05,41.31812409,42.4917045,163764500.0
2012-12-06,42.85591911,41.96561673,163764500.0
2012-12-07,41.6823387,42.53217279,163764500.0
2012-12-10,42.4917045,44.02949952,163764500.0
2012-12-11,43.38200688,43.74622149,163764500.0
2012-12-12,43.78668978,43.3010703,163764500.0
2012-12-13,43.13919714,42.69404595,163764500.0
2012-12-14,42.8963874,44.31277755,163764500.0
2012-12-17,44.83886532,46.90274811,163764500.0
2012-12-18,46.90274811,46.09338231,163764500.0
2012-12-19,46.09338231,46.45759692,163764500.0
2012-12-20,46.33619205,48.27866997,163764500.0
2012-12-21,48.03586023,47.83351878,163764500.0
2012-12-24,47.7525822,47.95492365,163764500.0
2012-12-25,47.3478993,49.24990893,163764500.0
2012-12-26,49.24990893,51.3947283,163764500.0
2012-12-27,52.608777,51.07098198,163764500.0
2012-12-28,52.16362581,53.45861109,163764500.0
2012-12-31,54.26797689,53.70142083,163764500.0
2013-01-04,54.59172321,51.19238685,163764500.0
2013-01-07,50.9900454,52.32549897,163764500.0
2013-01-08,52.77065016,57.54590838,163764500.0
2013-01-09,60.702435,58.51714734,163764500.0
2013-01-10,56.29139139,60.25728381,163764500.0
2013-01-11,59.0837034,61.75461054,163764500.0
2013-01-14,60.54056184,66.40846389,163764500.0
2013-01-15,68.796093,65.76097125,163764500.0
2013-01-16,66.3679956,67.33923456,163764500.0
2013-01-17,67.37970285,60.94524474,163764500.0
2013-01-18,60.25728381,62.84725437,163764500.0
2013-01-21,62.52350805,60.54056184,163764500.0
2013-01-22,59.93353749,60.62149842,163764500.0
2013-01-23,59.81213262,61.5118008,163764500.0
2013-01-24,62.92819095,65.31582006,163764500.0
2013-01-25,64.3445811,64.22317623,163764500.0
2013-01-28,63.73755675,64.38504939,163764500.0
2013-01-29,64.54692255,63.33287385,163764500.0
2013-01-30,62.92819095,63.77802504,163764500.0
2013-01-31,63.21146898,61.1071179,163764500.0
2013-02-01,59.85260091,60.01447407,163764500.0
2013-02-04,60.25728381,60.09541065,163764500.0
2013-02-05,59.73119604,58.39574247,163764500.0
2013-02-06,58.71948879,58.84089366,163764500.0
2013-02-07,58.80042537,60.90477645,163764500.0
2013-02-08,60.94524474,60.94524474,163764500.0
2013-02-18,62.40210318,61.75461054,163764500.0
2013-02-19,61.9164837,59.40744972,163764500.0
2013-02-20,59.40744972,60.21681552,163764500.0
2013-02-21,59.52885459,57.78871812,163764500.0
2013-02-22,57.38403522,57.78871812,163764500.0
2013-02-25,57.4649718,58.15293273,163764500.0
2013-02-26,58.11246444,57.38403522,163764500.0
2013-02-27,57.4649718,57.99105957,163764500.0
2013-02-28,58.43621076,58.75995708,163764500.0
2013-03-01,58.71948879,64.62785913,163764500.0
2013-03-04,66.28705902,63.9398982,163764500.0
2013-03-05,64.26364452,66.97501995,163764500.0
2013-03-06,67.05595653,68.83656129,163764500.0
2013-03-07,68.796093,66.08471757,163764500.0
2013-03-08,66.32752731,64.58739084,163764500.0
2013-03-11,64.30411281,64.66832742,163764500.0
2013-03-12,64.95160545,61.39039593,163764500.0
2013-03-13,61.22852277,60.2977521,163764500.0
2013-03-14,59.4883863,59.81213262,163764500.0
2013-03-15,59.69072775,60.54056184,163764500.0
2013-03-18,61.30945935,61.39039593,163764500.0
2013-03-19,59.8930692,59.73119604,163764500.0
2013-03-20,58.59808392,61.71414225,163764500.0
2013-03-21,61.5118008,63.5352153,163764500.0
2013-03-22,63.85896162,64.26364452,163764500.0
2013-03-25,64.66832742,64.78973229,163764500.0
2013-03-26,64.54692255,63.89942991,163764500.0
2013-03-27,63.45427872,66.73221021,163764500.0
2013-03-28,66.3679956,65.47769322,163764500.0
2013-03-29,65.27535177,65.88237612,163764500.0
2013-04-01,64.62785913,65.31582006,163764500.0
2013-04-02,64.83020058,61.95695199,163764500.0
2013-04-03,61.1071179,62.07835686,163764500.0
2013-04-08,64.749264,68.27000523,163764500.0
2013-04-09,70.49576118,68.796093,163764500.0
2013-04-10,68.3914101,66.3679956,163764500.0
2013-04-11,66.57033705,63.5352153,163764500.0
2013-04-12,62.64491292,63.89942991,163764500.0
2013-04-15,62.7258495,62.68538121,163764500.0
2013-04-16,61.43086422,63.1305324,163764500.0
2013-04-17,62.7258495,64.99207374,163764500.0
2013-04-18,64.14223965,63.85896162,163764500.0
2013-04-19,63.7371644,65.40163812,163764500.0
2013-04-22,66.3759642,67.7968564,163764500.0
2013-04-23,67.3908872,64.58969972,163764500.0
2013-04-24,64.1431336,66.29477036,163764500.0
2013-04-25,66.13238268,65.7670104,163764500.0
2013-04-26,65.19865352,62.925226,163764500.0
2013-05-02,62.7222414,63.29059828,163764500.0
2013-05-03,63.69656748,67.91864716,163764500.0
2013-05-06,67.91864716,71.4505792,163764500.0
2013-05-07,70.55744696,73.11505292,163764500.0
2013-05-08,72.8714714,75.5102712,163764500.0
2013-05-09,75.34788352,76.03803116,163764500.0
2013-05-10,75.104302,74.089379,163764500.0
2013-05-13,74.25176668,76.7281788,163764500.0
2013-05-14,76.84996956,72.99326216,163764500.0
2013-05-15,73.03385908,74.57654204,163764500.0
2013-05-16,74.33296052,72.2625176,163764500.0
2013-05-17,72.4655022,74.37355744,163764500.0
2013-05-20,74.53594512,78.7580248,163764500.0
2013-05-21,80.3819016,82.8177168,163764500.0
2013-05-22,81.72159996,78.3520556,163764500.0
2013-05-23,77.86489256,80.5848862,163764500.0
2013-05-24,81.47801844,85.13174124,163764500.0
2013-05-27,85.21293508,84.92875664,163764500.0
2013-05-28,84.27920592,79.5699632,163764500.0
2013-05-29,79.61056012,79.5699632,163764500.0
2013-05-30,78.9610094,80.54428928,163764500.0
2013-05-31,80.7878708,77.41832644,163764500.0
2013-06-03,77.25593876,78.06787716,163764500.0
2013-06-04,78.149071,74.61713896,163764500.0
2013-06-05,74.00818516,74.4953482,163764500.0
2013-06-06,73.56161904,72.95266524,163764500.0
2013-06-07,72.74968064,71.6535638,163764500.0
2013-06-13,69.4207332,70.029687,163764500.0
2013-06-14,69.8267024,72.42490528,163764500.0
2013-06-17,73.074456,71.81595148,163764500.0
2013-06-18,72.22192068,70.39505928,163764500.0
2013-06-19,69.78610548,68.48700404,163764500.0
2013-06-20,67.83745332,65.92939808,163764500.0
2013-06-21,64.06193976,64.87387816,163764500.0
2013-06-24,64.87387816,64.10253668,163764500.0
2013-06-25,62.96582292,68.4058102,163764500.0
2013-06-26,67.43148412,70.2326716,163764500.0
2013-06-27,70.029687,66.984918,163764500.0
2013-06-28,65.969995,63.29059828,163764500.0
2013-07-01,62.925226,65.19865352,164257348.0
2013-07-02,64.63029664,68.32461636,164257348.0
2013-07-03,68.12163176,68.32461636,164257348.0
2013-07-04,67.83745332,69.29894244,164257348.0
2013-07-05,69.38013628,67.3908872,164257348.0
2013-07-08,65.92939808,63.1282106,164257348.0
2013-07-09,62.925226,64.5491028,164257348.0
2013-07-10,63.85895516,65.03626584,164257348.0
2013-07-11,65.1580566,65.5640258,164257348.0
2013-07-12,65.27984736,65.80760732,164257348.0
2013-07-15,63.3311952,68.73058556,164257348.0
2013-07-16,68.44640712,70.8416254,164257348.0
2013-07-17,70.6386408,67.3908872,164257348.0
2013-07-18,63.3311952,60.65179848,164257348.0
2013-07-19,58.70314632,60.53000772,164257348.0
2013-07-22,58.37837096,58.94672784,164257348.0
2013-07-23,58.6625494,59.83986008,164257348.0
2013-07-24,58.82493708,59.35269704,164257348.0
2013-07-25,58.90613092,56.6327034,164257348.0
2013-07-26,55.29300504,51.67987916,164257348.0
2013-07-29,50.66495616,50.98973152,164257348.0
2013-07-30,50.98973152,49.81242084,164257348.0
2013-07-31,50.1371962,50.74615,164257348.0
2013-08-01,50.50256848,52.41062372,164257348.0
2013-08-02,52.5730114,56.38912188,164257348.0
2013-08-05,55.33360196,55.86136192,164257348.0
2013-08-06,55.820765,55.94255576,164257348.0
2013-08-07,56.0237496,53.91270976,164257348.0
2013-08-08,54.03450052,54.07509744,164257348.0
2013-08-09,54.11569436,55.04942352,164257348.0
2013-08-12,55.2118112,54.44046972,164257348.0
2013-08-13,54.48106664,55.2118112,164257348.0
2013-08-14,55.6177804,55.17121428,164257348.0
2013-08-15,55.37419888,55.90195884,164257348.0
2013-08-16,55.17121428,53.06017444,164257348.0
2013-08-19,53.1819652,54.68405124,164257348.0
2013-08-20,54.6028574,55.04942352,164257348.0
2013-08-21,55.09002044,55.25240812,164257348.0
2013-08-22,54.88703584,56.14554036,164257348.0
2013-08-23,56.06434652,55.09002044,164257348.0
2013-08-26,55.29300504,55.78016808,164257348.0
2013-08-27,55.98315268,58.0535956,164257348.0
2013-08-28,58.50016172,58.37837096,164257348.0
2013-08-29,58.37837096,55.90195884,164257348.0
2013-08-30,55.69897424,53.14136828,164257348.0
2013-09-02,52.9789806,53.62853132,164257348.0
2013-09-03,53.95330668,54.1968882,164257348.0
2013-09-04,54.23748512,54.72464816,164257348.0
2013-09-05,55.25240812,54.1968882,164257348.0
2013-09-06,53.66912824,54.805842,164257348.0
2013-09-09,54.3998728,54.07509744,164257348.0
2013-09-10,54.07509744,53.30375596,164257348.0
2013-09-11,53.50674056,51.23331304,164257348.0
2013-09-12,50.90853768,51.51749148,164257348.0
2013-09-13,51.3551038,51.72047608,164257348.0
2013-09-16,51.72047608,51.03032844,164257348.0
2013-09-17,51.27390996,49.89361468,164257348.0
2013-09-18,49.56883932,49.48764548,164257348.0
2013-09-23,49.89361468,51.3551038,164257348.0
2013-09-24,51.5580884,52.1670422,164257348.0
2013-09-25,52.32942988,55.0088266,164257348.0
2013-09-26,54.1968882,54.52166356,164257348.0
2013-09-27,54.27808204,53.790919,164257348.0
2013-09-30,54.1968882,54.76524508,164257348.0
2013-10-08,54.88703584,55.4147958,164257348.0
2013-10-09,55.820765,58.4595648,164257348.0
2013-10-10,59.59627856,58.4595648,164257348.0
2013-10-11,58.6625494,57.16046336,164257348.0
2013-10-14,56.835688,57.20106028,164257348.0
2013-10-15,57.4446418,57.0386726,164257348.0
2013-10-16,56.55150956,54.1968882,164257348.0
2013-10-17,54.27808204,57.11986644,164257348.0
2013-10-18,58.54075864,59.02792168,164257348.0
2013-10-21,58.6625494,61.26075228,164257348.0
2013-10-22,60.85478308,60.0834416,164257348.0
2013-10-23,59.83986008,58.62195248,164257348.0
2013-10-24,58.50016172,58.6625494,164257348.0
2013-10-25,59.14971244,59.75866624,164257348.0
2013-10-28,60.40821696,60.81418616,164257348.0
2013-10-29,60.81418616,59.2715032,164257348.0
2013-10-30,58.865534,63.69656748,164257348.0
2013-10-31,63.29059828,64.02134284,164257348.0
2013-11-01,63.3311952,61.95089992,164257348.0
2013-11-04,61.38254304,65.19865352,164257348.0
2013-11-05,64.63029664,64.99566892,164257348.0
2013-11-06,64.5491028,65.52342888,164257348.0
2013-11-07,65.72641348,63.81835824,164257348.0
2013-11-08,63.5341798,62.80343524,164257348.0
2013-11-11,62.5192568,62.55985372,164257348.0
2013-11-12,62.96582292,63.08761368,164257348.0
2013-11-13,63.81835824,62.39746604,164257348.0
2013-11-14,62.3162722,66.13238268,164257348.0
2013-11-15,65.969995,66.70073956,164257348.0
2013-11-18,66.90372416,72.91206832,164257348.0
2013-11-19,71.8565484,70.6386408,164257348.0
2013-11-20,70.88222232,72.8714714,164257348.0
2013-11-21,72.83087448,72.059533,164257348.0
2013-11-22,72.059533,73.2774406,164257348.0
2013-11-25,75.46967428,74.37355744,164257348.0
2013-11-26,73.60221596,72.91206832,164257348.0
2013-11-27,73.35863444,77.86489256,164257348.0
2013-11-28,77.86489256,77.9460864,164257348.0
2013-11-29,77.49952028,80.13832008,164257348.0
2013-12-02,75.3072866,73.39923136,164257348.0
2013-12-03,72.70908372,74.6983328,164257348.0
2013-12-04,74.4953482,73.8863944,164257348.0
2013-12-05,73.4804252,69.74550856,164257348.0
2013-12-06,68.93357016,68.12163176,164257348.0
2013-12-09,67.87805024,70.07028392,164257348.0
2013-12-10,69.8267024,69.014764,164257348.0
2013-12-11,69.33953936,70.19207468,164257348.0
2013-12-12,70.19207468,70.19207468,164257348.0
2013-12-13,70.19207468,70.19207468,164257348.0
2013-12-16,70.19207468,70.19207468,164257348.0
2013-12-17,70.19207468,70.19207468,164257348.0
2013-12-18,70.19207468,70.19207468,164257348.0
2013-12-19,70.19207468,70.19207468,164257348.0
2013-12-20,70.19207468,70.19207468,164257348.0
2013-12-23,70.19207468,70.19207468,164257348.0
2013-12-24,70.19207468,70.19207468,164257348.0
2013-12-25,77.21534184,77.21534184,164257348.0
2013-12-26,84.92875664,84.92875664,164257348.0
2013-12-27,83.99502748,84.96935356,164257348.0
2013-12-30,85.37532276,86.30905192,164257348.0
2013-12-31,84.52278744,80.30070776,164257348.0
2014-01-02,80.7878708,83.79204288,164257348.0
2014-01-03,83.38607368,85.82188888,164257348.0
2014-01-06,84.76636896,84.238609,164257348.0
2014-01-07,83.30487984,89.27262708,164257348.0
2014-01-08,90.1251624,92.72336528,164257348.0
2014-01-09,91.7490392,89.27262708,164257348.0
2014-01-10,88.05471948,88.0953164,164257348.0
2014-01-13,87.8923318,89.55680552,164257348.0
2014-01-14,88.9072548,95.72753736,164257348.0
2014-01-15,96.13350656,96.2147004,164257348.0
2014-01-16,93.90067596,91.99262072,164257348.0
2014-01-17,91.9520238,90.16575932,164257348.0
2014-01-20,89.55680552,86.0654704,164257348.0
2014-01-21,86.14666424,88.82606096,164257348.0
2014-01-22,89.39441784,91.09948848,164257348.0
2014-01-23,90.36874392,96.0117158,164257348.0
2014-01-24,95.402762,94.83440512,164257348.0
2014-01-27,95.8087312,95.24037432,164257348.0
2014-01-28,90.7341162,93.08873756,164257348.0
2014-01-29,92.1550084,94.5908236,164257348.0
2014-01-30,95.402762,98.447531,164257348.0
2014-02-07,98.32574024,108.31258256,164257348.0
2014-02-10,111.56033616,110.46421932,164257348.0
2014-02-11,111.19496388,106.28273656,164257348.0
2014-02-12,105.551992,107.3788534,164257348.0
2014-02-13,106.1609458,103.19737064,164257348.0
2014-02-14,103.1161768,103.7251306,164257348.0
2014-02-17,103.7251306,105.1460228,164257348.0
2014-02-18,104.21229364,102.58841684,164257348.0
2014-02-19,102.58841684,99.8684232,164257348.0
2014-02-20,100.2743924,96.8236542,164257348.0
2014-02-21,96.78305728,98.32574024,164257348.0
2014-02-24,97.8385772,94.46903284,164257348.0
2014-02-25,94.1848544,86.83681188,164257348.0
2014-02-26,85.98427656,87.52695952,164257348.0
2014-02-27,88.42009176,88.42009176,164257348.0
2014-02-28,89.02904556,92.80455912,164257348.0
2014-03-03,94.95619588,93.08873756,164257348.0
2014-03-04,91.42426384,92.19560532,164257348.0
2014-03-05,92.03321764,90.20635624,164257348.0
2014-03-06,91.30247308,89.35382092,164257348.0
2014-03-07,89.9221778,92.60157452,164257348.0
2014-03-10,92.47978376,90.1251624,164257348.0
2014-03-11,89.23203016,88.82606096,164257348.0
2014-03-12,90.1251624,87.0803934,164257348.0
2014-03-13,87.12099032,87.40516876,164257348.0
2014-03-14,86.30905192,87.20218416,164257348.0
2014-03-17,86.8774088,89.23203016,164257348.0
2014-03-18,89.313224,88.66367328,164257348.0
2014-03-19,88.42009176,87.32397492,164257348.0
2014-03-20,86.91800572,85.253532,164257348.0
2014-03-21,84.60398128,82.37115068,164257348.0
2014-03-24,79.163994,80.3819016,164257348.0
2014-03-25,80.7878708,83.223686,164257348.0
2014-03-26,83.223686,83.46726752,164257348.0
2014-03-27,83.14249216,79.5699632,164257348.0
2014-03-28,79.3669786,81.76219688,164257348.0
2014-03-31,81.27503384,80.70667696,164257348.0
2014-04-01,80.74727388,83.10189524,164257348.0
2014-04-02,83.223686,83.10189524,164257348.0
2014-04-03,83.95443056,82.8177168,164257348.0
2014-04-04,82.8177168,82.8177168,164257348.0
2014-04-08,81.23443692,83.50786444,164257348.0
2014-04-09,83.95443056,86.79621496,164257348.0
2014-04-10,86.4714396,87.24278108,164257348.0
2014-04-11,86.39024576,85.41591968,164257348.0
2014-04-14,85.4565166,88.13591332,164257348.0
2014-04-15,90.36874392,89.7191932,164257348.0
2014-04-16,89.80038704,88.54188252,164257348.0
2014-04-17,89.15083632,88.74486712,164257348.0
2014-04-18,88.58247944,89.23203016,164257348.0
2014-04-21,89.19143324,91.99262072,164257348.0
2014-04-22,91.7490392,90.85590696,164257348.0
2014-04-23,90.5311316,90.44993776,164257348.0
2014-04-24,90.77471312,90.49053468,164257348.0
2014-04-25,90.57172852,82.98010448,164257348.0
2014-04-28,81.23443692,79.20459092,164257348.0
2014-04-29,77.66190796,73.72400672,164257348.0
2014-04-30,74.2923636,76.20041884,164257348.0
2014-05-05,75.9162404,77.21534184,164257348.0
2014-05-06,77.21534184,79.3669786,164257348.0
2014-05-07,78.92041248,76.84996956,164257348.0
2014-05-08,76.3222096,76.5251942,164257348.0
2014-05-09,76.5251942,73.39923136,164257348.0
2014-05-12,74.2923636,72.4655022,164257348.0
2014-05-13,72.4655022,71.32878844,164257348.0
2014-05-14,71.57236996,69.05536092,164257348.0
2014-05-15,68.73058556,66.1729796,164257348.0
2014-05-16,66.41656112,65.52342888,164257348.0
2014-05-19,64.955072,66.61954572,164257348.0
2014-05-20,67.35029028,67.26909644,164257348.0
2014-05-21,67.30969336,68.56819788,164257348.0
2014-05-22,68.85237632,72.2625176,164257348.0
2014-05-23,71.40998228,73.72400672,164257348.0
2014-05-26,73.11505292,73.92699132,164257348.0
2014-05-27,73.2774406,72.14072684,165754999.0
2014-05-28,71.89714532,77.9460864,217969399.0
2014-05-29,77.9460864,79.32638168,217969399.0
2014-05-30,80.09772316,87.24278108,217969399.0
2014-06-03,89.313224,85.253532,217969399.0
2014-06-04,84.0356244,86.75561804,217969399.0
2014-06-05,86.8774088,84.92875664,217969399.0
2014-06-06,84.92875664,82.85831372,217969399.0
2014-06-09,82.12756916,79.93533548,217969399.0
2014-06-10,80.42249852,84.0356244,217969399.0
2014-06-11,83.8326398,84.07622132,217969399.0
2014-06-12,83.6296552,87.4863626,217969399.0
2014-06-13,86.6744242,91.18068232,217969399.0
2014-06-16,91.18068232,91.18068232,217969399.0
2014-06-17,90.65292236,88.62307636,217969399.0
2014-06-18,89.06964248,87.24278108,217969399.0
2014-06-19,86.79621496,81.03145232,217969399.0
2014-06-20,81.19384,83.67025212,217969399.0
2014-06-23,83.71084904,87.20218416,217969399.0
2014-06-24,86.43084268,86.8774088,217969399.0
2014-06-25,86.71502112,83.38607368,217969399.0
2014-06-26,83.58905828,88.58247944,217969399.0
2014-06-27,88.7042702,90.04396856,217969399.0
2014-06-30,90.28755008,91.83023304,217969399.0
2014-07-01,92.68276836,91.5460546,217969399.0
2014-07-02,93.372916,94.83440512,217969399.0
2014-07-03,93.7788852,93.372916,217969399.0
2014-07-04,92.64217144,92.64217144,217969399.0
2014-07-07,93.12933448,95.84932812,217969399.0
2014-07-08,97.39201108,95.88992504,217969399.0
2014-07-09,96.29589424,98.40693408,217969399.0
2014-07-10,97.0266388,94.63142052,217969399.0
2014-07-11,93.372916,94.83440512,217969399.0
2014-07-14,95.402762,93.73828828,217969399.0
2014-07-15,94.5908236,95.07798664,217969399.0
2014-07-16,93.7788852,88.74486712,217969399.0
2014-07-17,88.298301,88.98844864,217969399.0
2014-07-18,88.9072548,88.62307636,217969399.0
2014-07-21,88.62307636,89.84098396,217969399.0
2014-07-22,89.35382092,90.08456548,217969399.0
2014-07-23,90.08456548,91.66784536,217969399.0
2014-07-24,90.7341162,89.9221778,217969399.0
2014-07-25,89.313224,87.36457184,217969399.0
2014-07-28,87.0803934,87.97352564,217969399.0
2014-07-29,88.46068868,91.58665152,217969399.0
2014-07-30,91.70844228,95.68694044,217969399.0
2014-07-31,95.64634352,96.25529732,217969399.0
2014-08-01,95.402762,94.22545132,217969399.0
2014-08-04,94.63142052,94.9967928,217969399.0
2014-08-05,95.03738972,96.2147004,217969399.0
2014-08-06,95.8087312,96.58007268,217969399.0
2014-08-07,96.6206696,91.83023304,217969399.0
2014-08-08,92.1550084,93.1699314,217969399.0
2014-08-11,93.33231908,98.32574024,217969399.0
2014-08-12,98.56932176,99.0564848,217969399.0
2014-08-13,98.6505156,96.78305728,217969399.0
2014-08-14,97.27022032,97.51380184,217969399.0
2014-08-15,99.0564848,104.82124744,217969399.0
2014-08-18,104.9430382,104.78065052,217969399.0
2014-08-19,104.78065052,105.91736428,217969399.0
2014-08-20,106.20154272,103.64393676,217969399.0
2014-08-21,103.56274292,101.8982692,217969399.0
2014-08-22,101.57349384,103.7251306,217969399.0
2014-08-25,102.87259528,100.92394312,217969399.0
2014-08-26,100.84274928,96.86425112,217969399.0
2014-08-27,96.86425112,99.62484168,217969399.0
2014-08-28,99.38126016,99.462454,217969399.0
2014-08-29,99.42185708,102.46662608,217969399.0
2014-09-01,104.78065052,107.46004724,217969399.0
2014-09-02,108.7997456,108.71855176,217969399.0
2014-09-03,109.4086994,108.63735792,217969399.0
2014-09-04,107.581838,110.54541316,217969399.0
2014-09-05,110.4236224,110.18004088,217969399.0
2014-09-09,109.611684,109.8146686,217969399.0
2014-09-10,109.04332712,108.55616408,217969399.0
2014-09-11,108.7997456,111.35735156,217969399.0
2014-09-12,111.68212692,115.98540044,217969399.0
2014-09-15,115.4982374,118.25882796,217969399.0
2014-09-16,119.11136328,110.8295916,217969399.0
2014-09-17,110.4236224,111.51973924,217969399.0
2014-09-18,110.4236224,110.8295916,217969399.0
2014-09-19,111.8445146,110.87018852,217969399.0
2014-09-22,110.78899468,107.54124108,217969399.0
2014-09-23,107.46004724,110.99197928,217969399.0
2014-09-24,111.68212692,115.01107436,217969399.0
2014-09-25,115.701222,113.99615136,217969399.0
2014-09-26,114.0773452,112.69704992,217969399.0
2014-09-29,112.73764684,113.34660064,217969399.0
2014-09-30,113.59018216,114.8892836,217969399.0
2014-10-08,115.57943124,116.9191296,217969399.0
2014-10-09,117.1221142,113.4683914,217969399.0
2014-10-10,112.08809612,113.38719756,217969399.0
2014-10-13,112.0474992,114.84868668,217969399.0
2014-10-14,114.84868668,111.92570844,217969399.0
2014-10-15,114.44271748,113.18421296,217969399.0
2014-10-16,110.66720392,106.03915504,217969399.0
2014-10-17,105.79557352,106.03915504,217969399.0
2014-10-20,107.01348112,107.41945032,217969399.0
2014-10-21,107.581838,104.537069,217969399.0
2014-10-22,104.537069,102.79140144,217969399.0
2014-10-23,103.1161768,100.0714078,217969399.0
2014-10-24,99.90902012,100.96454004,217969399.0
2014-10-27,102.62901376,103.9281152,217969399.0
2014-10-28,104.29348748,107.01348112,217969399.0
2014-10-29,108.06900104,106.93228728,217969399.0
2014-10-30,106.93228728,105.3490074,217969399.0
2014-10-31,104.98363512,103.84692136,217969399.0
2014-11-03,103.522146,106.12034888,217969399.0
2014-11-04,106.07975196,103.03498296,217969399.0
2014-11-05,102.34483532,101.2893154,217969399.0
2014-11-06,101.2893154,102.62901376,217969399.0
2014-11-07,102.7102076,100.11200472,217969399.0
2014-11-10,99.78722936,98.00096488,217969399.0
2014-11-11,98.0415618,95.402762,217969399.0
2014-11-12,95.402762,95.6057466,217969399.0
2014-11-13,95.64634352,91.30247308,217969399.0
2014-11-14,91.26187616,91.62724844,217969399.0
2014-11-17,91.9520238,94.87500204,217969399.0
2014-11-18,94.87500204,96.0117158,217969399.0
2014-11-19,95.402762,95.56514968,217969399.0
2014-11-20,94.9967928,93.33231908,217969399.0
2014-11-21,93.29172216,95.15918048,217969399.0
2014-11-24,96.8236542,96.29589424,217969399.0
2014-11-25,96.98604188,99.462454,217969399.0
2014-11-26,98.69111252,99.462454,217969399.0
2014-11-27,99.0564848,100.0714078,217969399.0
2014-11-28,100.55857084,99.99021396,217969399.0
2014-12-01,100.0714078,97.14842956,217969399.0
2014-12-02,96.6206696,97.59499568,217969399.0
2014-12-03,97.39201108,98.56932176,217969399.0
2014-12-04,97.79798028,100.55857084,217969399.0
2014-12-05,101.45170308,104.7400536,217969399.0
2014-12-08,105.9579612,106.7698996,217969399.0
2014-12-09,106.7698996,96.09290964,217969399.0
2014-12-10,96.09290964,101.32991232,217969399.0
2014-12-11,101.41110616,105.83617044,217969399.0
2014-12-12,105.551992,105.18661972,217969399.0
2014-12-15,103.40035524,108.3937764,217969399.0
2014-12-16,108.3937764,107.62243492,217969399.0
2014-12-17,107.54124108,113.10301912,217969399.0
2014-12-18,112.4534684,114.2803298,217969399.0
2014-12-19,114.0773452,110.0176532,217969399.0
2014-12-22,108.3937764,102.1012538,217969399.0
2014-12-23,102.22304456,92.52038068,217969399.0
2014-12-24,92.68276836,96.2147004,217969399.0
2014-12-25,96.25529732,95.52455276,217969399.0
2014-12-26,94.91559896,94.71261436,217969399.0
2014-12-29,96.2147004,96.33649116,217969399.0
2014-12-30,96.417685,87.60815336,217969399.0
2014-12-31,88.9072548,89.27262708,217969399.0
2015-01-05,90.1251624,87.24278108,217969399.0
2015-01-06,87.0803934,91.58665152,217969399.0
2015-01-07,91.58665152,91.78963612,217969399.0
2015-01-08,91.34307,92.1550084,217969399.0
2015-01-09,92.1550084,94.5908236,217969399.0
2015-01-12,94.06306364,96.90484804,217969399.0
2015-01-13,96.90484804,97.96036796,217969399.0
2015-01-14,98.20394948,95.97111888,217969399.0
2015-01-15,95.97111888,94.91559896,217969399.0
2015-01-16,94.91559896,96.8236542,217969399.0
2015-01-19,94.75321128,93.21052832,217969399.0
2015-01-20,94.22545132,98.447531,217969399.0
2015-01-21,98.77230636,101.53289692,217969399.0
2015-01-22,101.8982692,105.47079816,217969399.0
2015-01-23,105.51139508,102.62901376,217969399.0
2015-01-26,103.27856448,108.31258256,217969399.0
2015-01-27,113.671376,110.74839776,217969399.0
2015-01-28,109.611684,112.98122836,217969399.0
2015-01-29,112.0474992,113.22480988,217969399.0
2015-01-30,111.2355608,111.47914232,217969399.0
2015-02-02,111.47914232,113.2654068,217969399.0
2015-02-03,112.53466224,117.08151728,217969399.0
2015-02-04,117.28450188,124.18597828,217969399.0
2015-02-05,123.0086676,123.4146368,217969399.0
2015-02-06,122.27792304,117.24390496,217969399.0
2015-02-09,116.43196656,110.87018852,217969399.0
2015-02-10,110.8295916,113.59018216,217969399.0
2015-02-11,114.0773452,117.731068,217969399.0
2015-02-12,118.01524644,117.5280834,217969399.0
2015-02-13,118.38061872,119.51733248,217969399.0
2015-02-16,119.51733248,131.45282696,217969399.0
2015-02-17,132.3459592,130.96566392,217969399.0
2015-02-25,131.08745468,127.880298,217969399.0
2015-02-26,126.98716576,125.6474674,217969399.0
2015-02-27,125.36328896,131.85879616,217969399.0
2015-03-02,131.77760232,132.1429746,217969399.0
2015-03-03,132.18357152,133.07670376,217969399.0
2015-03-04,133.07670376,134.49759596,217969399.0
2015-03-05,134.984759,141.96742924,217969399.0
2015-03-06,141.6832508,133.1578976,217969399.0
2015-03-09,133.1578976,136.77102348,217969399.0
2015-03-10,136.89281424,146.39249352,217969399.0
2015-03-11,146.39249352,146.39249352,217969399.0
2015-03-12,146.39249352,146.39249352,217969399.0
2015-03-13,146.39249352,146.39249352,217969399.0
2015-03-16,146.39249352,146.39249352,217969399.0
2015-03-17,146.39249352,146.39249352,217969399.0
2015-03-18,146.39249352,146.39249352,217969399.0
2015-03-19,146.39249352,146.39249352,217969399.0
2015-03-20,146.39249352,146.39249352,217969399.0
2015-03-23,146.39249352,146.39249352,217969399.0
2015-03-24,146.39249352,146.39249352,219319399.0
2015-03-25,146.39249352,146.39249352,219319399.0
2015-03-26,146.39249352,146.39249352,219319399.0
2015-03-27,146.39249352,146.39249352,219319399.0
2015-03-30,146.39249352,146.39249352,219319399.0
2015-03-31,146.39249352,146.39249352,219319399.0
2015-04-01,146.39249352,146.39249352,219319399.0
2015-04-02,146.39249352000002,146.39249352000002,219319399.0
2015-04-03,146.39249352000002,146.39249352000002,219319399.0
2015-04-07,146.39249352000002,146.39249352000002,219319399.0
2015-04-08,146.39249352000002,146.39249352000002,219319399.0
2015-04-09,146.39249352000002,146.39249352000002,219319399.0
2015-04-10,146.39249352000002,146.39249352000002,219319399.0
2015-04-13,146.39249352000002,146.39249352000002,219319399.0
2015-04-14,146.39249352000002,146.39249352000002,219319399.0
2015-04-15,146.39249352000002,146.39249352000002,219319399.0
2015-04-16,146.39249352000002,146.39249352000002,219319399.0
2015-04-17,146.39249352000002,146.39249352000002,219319399.0
2015-04-20,146.39249352000002,146.39249352000002,219319399.0
2015-04-21,146.39249352000002,146.39249352000002,219319399.0
2015-04-22,146.39249352000002,146.39249352000002,219319399.0
2015-04-23,146.39249352000002,146.39249352000002,219319399.0
2015-04-24,146.39249352000002,146.39249352000002,219319399.0
2015-04-27,146.39249352000002,146.39249352000002,219319399.0
2015-04-28,146.39249352000002,146.39249352000002,219319399.0
2015-04-29,146.39249352000002,146.39249352000002,219319399.0
2015-04-30,146.39249352000002,146.39249352000002,219319399.0
2015-05-04,146.39249352000002,146.39249352000002,219319399.0
2015-05-05,146.39249352000002,146.39249352000002,219319399.0
2015-05-06,146.39249352000002,146.39249352000002,219319399.0
2015-05-07,146.39249352000002,146.39249352000002,219319399.0
2015-05-08,146.39249352000002,146.39249352000002,219319399.0
2015-05-11,146.39249352000002,146.39249352000002,219319399.0
2015-05-12,146.39249352000002,146.39249352000002,219319399.0
2015-05-13,146.39249352000002,146.39249352000002,219319399.0
2015-05-14,146.39249352000002,146.39249352000002,219319399.0
2015-05-15,146.39249352000002,146.39249352000002,219319399.0
2015-05-18,146.39249352000002,146.39249352000002,219319399.0
2015-05-19,146.39249352000002,146.39249352000002,219319399.0
2015-05-20,146.39249352000002,146.39249352000002,219319399.0
2015-05-21,146.39249352000002,146.39249352000002,219319399.0
2015-05-22,146.39249352000002,146.39249352000002,219319399.0
2015-05-25,146.39249352000002,146.39249352000002,219319399.0
2015-05-26,146.39249352000002,146.39249352000002,219319399.0
2015-05-27,146.39249352000002,146.39249352000002,219319399.0
2015-05-28,146.39249352000002,146.39249352000002,219319399.0
2015-05-29,146.39249352000002,146.39249352000002,219319399.0
2015-06-01,146.39249352000002,146.39249352000002,219319399.0
2015-06-02,146.39249352000002,146.39249352000002,219319399.0
2015-06-03,146.39249352000002,146.39249352000002,219319399.0
2015-06-04,146.39249352000002,146.39249352000002,219319399.0
2015-06-05,146.39249352000002,146.39249352000002,219319399.0
2015-06-08,146.39249352000002,146.39249352000002,219319399.0
2015-06-09,146.39249352000002,146.39249352000002,219319399.0
2015-06-10,146.39249352000002,146.39249352000002,219319399.0
2015-06-11,161.02768169,161.02768169,219319399.0
2015-06-12,177.12638453,177.12638453,219319399.0
2015-06-15,194.85121897000002,194.85121897000002,219319399.0
2015-06-16,214.32414488,214.32414488,219319399.0
2015-06-17,215.46243700000002,235.74842871,219319399.0
2015-06-18,228.14626348,223.593095,219319399.0
2015-06-19,227.65842400000002,218.63339362000002,219319399.0
2015-06-23,214.6493712,225.70706608000003,219319399.0
2015-06-24,226.23555885000002,227.53646413,219319399.0
2015-06-25,230.34154114,227.61777071000003,219319399.0
2015-06-26,224.4061608,204.85192831,219319399.0
2015-06-29,223.593095,206.9252461,219319399.0
2015-06-30,195.135792,226.03229240000002,220201990.0
2015-07-01,226.72339833000004,232.9433517,220201990.0
2015-07-02,229.6910885,209.64901653,220201990.0
2015-07-03,188.67191889,188.67191889,220201990.0
2015-07-06,206.9252461,169.80879233000002,220201990.0
2015-07-07,152.81571711,152.81571711,220201990.0
2015-07-08,137.53008007,137.53008007,220201990.0
2015-07-09,134.60304319,151.27089209000002,220201990.0
2015-07-10,164.6458245,166.39391597,220201990.0
2015-07-13,183.02111158000002,183.02111158000002,220201990.0
2015-07-14,195.135792,201.31509208000003,220201990.0
2015-07-15,194.93252555,181.19171353000002,220201990.0
2015-07-16,169.44291272,192.85920776,220201990.0
2015-07-17,197.12780321000002,212.12886722000002,220201990.0
2015-07-20,215.46243700000002,216.27550280000003,220201990.0
2015-07-21,211.397108,213.83630540000001,220201990.0
2015-07-22,210.9905751,217.98294098,220201990.0
2015-07-23,220.70671141,239.77310442,220201990.0
2015-07-24,243.06602091000002,262.25437379000005,220201990.0
2015-07-27,264.24638500000003,267.09211530000005,220201990.0
2015-07-28,243.91974000000002,284.57303,220201990.0
2015-07-29,285.3860958,272.58030945,220201990.0
2015-07-30,268.311714,250.22099995,220201990.0
2015-07-31,243.91974000000002,225.2192266,220201990.0
2015-08-03,209.77097640000002,202.69730394,220201990.0
2015-08-04,207.37243229,222.98329565,220201990.0
2015-08-05,234.9760162,239.77310442,220201990.0
2015-08-06,228.06495690000003,224.73138712000002,220201990.0
2015-08-07,231.72375300000002,235.46385568000002,220201990.0
2015-08-10,235.74842871,251.2373322,220201990.0
2015-08-11,245.9524045,246.44024398,220201990.0
2015-08-12,240.83008996,235.17928265,220201990.0
2015-08-13,231.92701945,245.22064528,220201990.0
2015-08-14,243.96039329,236.52084122000002,220201990.0
2015-08-17,231.72375300000002,231.15460694,220201990.0
2015-08-18,231.11395365,208.02288493,220201990.0
2015-08-19,198.34740191,212.57605341000001,220201990.0
2015-08-20,215.46243700000002,211.55972116,220201990.0
2015-08-21,203.30710329000001,196.03016438,220201990.0
2015-08-24,182.939805,176.4352786,220201990.0
2015-08-25,158.79175074000003,158.79175074000003,220201990.0
2015-08-26,158.9543639,159.3608968,220201990.0
2015-08-27,162.61316,172.77648250000001,220201990.0
2015-08-28,178.87447600000002,190.05413075,220201990.0
2015-08-31,190.25739719999999,175.62221280000003,220201990.0
2015-09-01,175.13437332,158.05999152,220201990.0
2015-09-02,142.286515,142.24586171,220201990.0
2015-09-07,146.351844,139.72535772999998,220201990.0
2015-09-08,137.40812019999998,147.53078941,220201990.0
2015-09-09,150.41717300000002,153.30355659,220201990.0
2015-09-10,149.48214733000003,152.28722434000002,220201990.0
2015-09-11,155.29556780000001,156.71843295,220201990.0
2015-09-14,160.78376194999998,141.06691630000003,220201990.0
2015-09-15,128.0578635,126.96022467,220201990.0
2015-09-16,126.10650558,138.70902548,220201990.0
2015-09-17,135.3754557,134.96892280000003,220201990.0
2015-09-18,137.8146531,145.70139136000003,220201990.0
2015-09-21,144.31917950000002,160.25526918000003,220201990.0
2015-09-22,170.743818,172.61386934,220201990.0
2015-09-23,167.20698177000003,177.12638453,220201990.0
2015-09-24,179.52492863999998,172.57321605,220201990.0
2015-09-25,170.78489043000002,158.5104885,440403980.0
2015-09-28,156.96602733,170.78489043000002,440403980.0
2015-09-29,165.17605776,172.97965104000002,440403980.0
2015-09-30,174.7679745,176.3937231,440403980.0
2015-10-08,185.74177755000002,193.95180797999998,440403980.0
2015-10-09,194.2769577,198.91034120999998,440403980.0
2015-10-12,201.43025154,206.38878477,440403980.0
2015-10-13,205.98234762,203.218575,440403980.0
2015-10-14,205.57591047,206.06363505000002,440403980.0
2015-10-15,204.68174874,214.43624033999998,440403980.0
2015-10-16,215.4116895,218.58189927,440403980.0
2015-10-19,219.71992329,214.84267749,440403980.0
2015-10-20,214.84267749,228.17381601,440403980.0
2015-10-21,229.88085204,205.90106018999998,440403980.0
2015-10-22,208.17710823,220.85794731000001,440403980.0
2015-10-23,227.52351657,219.39477356999998,440403980.0
2015-10-26,220.85794731000001,219.55734843000002,440403980.0
2015-10-27,217.8503124,241.50495453000002,440403980.0
2015-10-28,251.99103300000002,231.10016349,440403980.0
2015-10-29,231.42531320999998,232.48204980000003,440403980.0
2015-10-30,233.13234924,235.65225956999998,440403980.0
2015-11-02,227.604804,226.87321713,440403980.0
2015-11-03,227.52351657,219.15091128,440403980.0
2015-11-04,221.9146839,236.62770873,440403980.0
2015-11-05,237.44058303,251.17815869999998,440403980.0
2015-11-06,252.80390730000002,262.31453661,440403980.0
2015-11-09,260.119776,277.59657345,440403980.0
2015-11-10,278.73459747,273.85735166999996,440403980.0
2015-11-11,278.65331004,300.763491,440403980.0
2015-11-12,299.9506167,293.44762230000003,440403980.0
2015-11-13,284.506005,275.48310027,440403980.0
2015-11-16,270.6871419,289.54582566,440403980.0
2015-11-17,296.21139492,280.36034607,440403980.0
2015-11-18,282.96154383000004,263.20869834,440403980.0
2015-11-19,266.46019554000003,273.1257648,440403980.0
2015-11-20,278.65331004,275.40181284000005,440403980.0
2015-11-23,276.377262,268.248519,440403980.0
2015-11-24,277.43399859000004,278.57202261000003,440403980.0
2015-11-25,284.42471757000004,283.61184327,440403980.0
2015-11-26,284.506005,281.90480724,440403980.0
2015-11-27,283.6931307,254.91738048,440403980.0
2015-11-30,254.83609305000002,248.82082323,440403980.0
2015-12-01,246.54477519,239.96049336,440403980.0
2015-12-02,239.7979185,236.22127157999998,440403980.0
2015-12-03,238.98504419999998,244.83773916,440403980.0
2015-12-04,245.48803859999998,251.50330842000002,440403980.0
2015-12-07,264.1841475,254.83609305000002,440403980.0
2015-12-08,249.14597295,241.83010425,440403980.0
2015-12-09,241.74881682,242.96812827,440403980.0
2015-12-10,243.45585284999999,246.95121233999998,440403980.0
2015-12-11,244.6751643,237.19672074,440403980.0
2015-12-14,232.40076237,243.78100257,440403980.0
2015-12-15,244.6751643,246.05705061,440403980.0
2015-12-16,247.52022435,248.57696094,440403980.0
2015-12-17,249.5524101,254.75480562,440403980.0
2015-12-18,254.4296559,247.60151178,440403980.0
2015-12-21,245.65061346,243.61842771,440403980.0
2015-12-22,244.6751643,251.99103300000002,440403980.0
2015-12-23,251.99103300000002,241.74881682,440403980.0
2015-12-24,239.63534364,238.1721699,440403980.0
2015-12-25,238.49731962,239.31019392000002,440403980.0
2015-12-28,239.7979185,234.1077984,440403980.0
2015-12-29,231.75046293000003,235.57097214,440403980.0
2015-12-30,235.40839728,240.6107928,440403980.0
2015-12-31,242.15525397,239.87920593,440403980.0
2016-01-04,243.78100257,223.78429479000002,440403980.0
2016-01-05,210.61573113,228.25510344,440403980.0
2016-01-06,225.97905540000002,227.27965428000002,440403980.0
2016-01-07,219.47606100000002,204.51917388,440403980.0
2016-01-08,207.36423393,194.03309541000002,440403980.0
2016-01-11,186.96108900000002,174.60539964,440403980.0
2016-01-12,171.19132757999998,172.73578875,440403980.0
2016-01-13,173.79252534,171.11004015,440403980.0
2016-01-14,162.00584799,181.92126833999998,440403980.0
2016-01-15,182.97800493000003,184.11602895,440403980.0
2016-01-18,178.42590884999998,193.78923312,440403980.0
2016-01-19,192.24477195,200.53608981000002,440403980.0
2016-01-20,199.07291607,194.35824513,440403980.0
2016-01-21,188.34297531,175.01183679000002,440403980.0
2016-01-22,180.29551974,178.66977114,440403980.0
2016-01-25,182.32770549,186.47336442000002,440403980.0
2016-01-26,182.49028035,171.59776473,440403980.0
2016-01-27,173.95510019999998,167.04566865,440403980.0
2016-01-28,162.49357257,150.3817455,440403980.0
2016-01-29,150.3817455,161.92456056,440403980.0
2016-02-01,162.57486,159.3233628,440403980.0
2016-02-02,159.3233628,165.98893206000002,440403980.0
2016-02-03,162.57486,168.42755495999998,440403980.0
2016-02-04,169.48429155000002,172.00420188,440403980.0
2016-02-05,171.51647730000002,171.92291444999998,440403980.0
2016-02-15,162.57486,172.81707618000002,440403980.0
2016-02-16,176.55629796,181.2709689,440403980.0
2016-02-17,178.832346,185.09147811,440403980.0
2016-02-18,186.55465185,183.14057979,440403980.0
2016-02-19,183.46572951000002,181.10839404,440403980.0
2016-02-22,184.60375353,186.96108900000002,440403980.0
2016-02-23,185.3353404,182.73414264000002,440403980.0
2016-02-24,181.67740605,179.6452203,440403980.0
2016-02-25,179.32007058,161.68069827,440403980.0
2016-02-26,161.59941084,156.55959018000001,440403980.0
2016-02-29,154.44611700000002,140.87111618999998,440403980.0
2016-03-01,141.03369105000002,144.20390082,440403980.0
2016-03-02,142.2530025,150.62560779,440403980.0
2016-03-03,152.0074941,149.81273349,440403980.0
2016-03-04,150.3817455,141.19626591000002,440403980.0
2016-03-07,143.0658768,145.74836199,440403980.0
2016-03-08,145.5044997,150.21917064000002,440403980.0
2016-03-09,146.56123629,150.54432036,440403980.0
2016-03-10,149.73144606000002,145.91093684999998,440403980.0
2016-03-11,141.44012819999998,142.90330193999998,440403980.0
2016-03-14,146.317374,157.20988962,440403980.0
2016-03-15,156.0718656,157.94147648999999,440403980.0
2016-03-16,162.49357257,155.09641643999998,440403980.0
2016-03-17,157.29117705000002,167.04566865,440403980.0
2016-03-18,169.40300412,176.3937231,440403980.0
2016-03-21,181.2709689,179.72650773,440403980.0
2016-03-22,176.31243567,183.87216666,440403980.0
2016-03-23,184.44117867,185.17276554,440403980.0
2016-03-24,182.49028035,180.05165745,440403980.0
2016-03-25,178.91363343,176.96273511,440403980.0
2016-03-28,182.8967175,178.42590884999998,440403980.0
2016-03-29,177.28788483,172.08548931,440403980.0
2016-03-30,174.60539964,180.37680717,440403980.0
2016-03-31,182.8967175,180.86453175,440403980.0
2016-04-01,178.832346,177.28788483,440403980.0
2016-04-05,177.61303455,182.49028035,440403980.0
2016-04-06,181.75869348,186.22950213000001,440403980.0
2016-04-07,185.3353404,177.28788483,440403980.0
2016-04-08,174.36153735,171.76033959,440403980.0
2016-04-11,174.03638763,176.31243567,440403980.0
2016-04-12,175.5808488,178.832346,440403980.0
2016-04-13,182.49028035,179.6452203,440403980.0
2016-04-14,182.0838432,183.54701694,440403980.0
2016-04-15,184.92890325,181.43354376,440403980.0
2016-04-18,179.23878315000002,175.98728595,440403980.0
2016-04-19,177.45045968999997,176.06857338,440403980.0
2016-04-20,175.5808488,163.55030916,440403980.0
2016-04-21,163.55030916,158.75435079000002,440403980.0
2016-04-22,159.16078793999998,160.46138682,440403980.0
2016-04-25,160.46138682,160.1362371,440403980.0
2016-04-26,161.59941084,165.0134829,440403980.0
2016-04-27,165.8263572,162.33099771,440403980.0
2016-04-28,163.55030916,161.35554855,440403980.0
2016-04-29,159.40465023,159.72979995,440403980.0
2016-05-03,160.29881196,175.74342366000002,440403980.0
2016-05-04,180.45809459999998,178.26333399,440403980.0
2016-05-05,178.26333399,179.23878315000002,440403980.0
2016-05-06,178.10075913,166.6392315,440403980.0
2016-05-09,165.58249491,160.38009939,440403980.0
2016-05-10,160.94911140000002,158.18533878,440403980.0
2016-05-11,160.78653654000001,153.30809298,440403980.0
2016-05-12,152.8203684,154.44611700000002,440403980.0
2016-05-13,153.63324269999998,155.09641643999998,440403980.0
2016-05-16,156.31572789,162.49357257,440403980.0
2016-05-17,162.57486,161.03039883,440403980.0
2016-05-18,160.46138682,155.09641643999998,440403980.0
2016-05-19,155.50285359,159.24207537,440403980.0
2016-05-20,158.42920106999998,167.77725552,440403980.0
2016-05-23,168.10240524,170.05330356000002,440403980.0
2016-05-24,170.13459099,164.11932117,440403980.0
2016-05-25,166.23279435,163.79417145,440403980.0
2016-05-26,163.71288402000002,164.85090804,440403980.0
2016-05-27,166.2362136,174.22207092000002,440403980.0
2016-05-30,171.125514,173.81462922,440403980.0
2016-05-31,173.81462922,173.81462922,440403980.0
2016-06-01,173.81462922,173.81462922,440403980.0
2016-06-02,173.81462922,173.81462922,440403980.0
2016-06-03,173.81462922,173.81462922,440403980.0
2016-06-06,173.81462922,173.81462922,440403980.0
2016-06-07,191.09015730000002,182.20792824,440403980.0
2016-06-08,184.40811342,200.46131640000004,440403980.0
2016-06-13,203.15043162,209.09908044000002,440403980.0
2016-06-14,211.78819566,202.66150158000002,440403980.0
2016-06-15,199.32047964000003,217.24791444000002,440403980.0
2016-06-16,214.64028756000002,211.54373064000004,440403980.0
2016-06-17,218.79619290000002,211.54373064000004,440403980.0
2016-06-20,208.20270870000002,213.0920091,440403980.0
2016-06-21,215.04772926000004,203.80233834000003,440403980.0
2016-06-22,203.80233834000003,209.0175921,440403980.0
2016-06-23,207.63229032,218.47023954000002,440403980.0
2016-06-24,216.75898440000003,211.62521898,440403980.0
2016-06-27,212.27712570000003,232.81218738,440403980.0
2016-06-28,231.18242058000004,233.54558244000003,440403980.0
2016-06-29,233.62707078000003,230.85646722,440403980.0
2016-06-30,230.2045605,227.59693362000002,440403980.0
2016-07-01,227.84139864000002,229.47116544000002,440403980.0
2016-07-04,229.3896771,241.12399806000002,440403980.0
2016-07-05,239.9831613,237.04958106,440403980.0
2016-07-06,234.84939588000003,233.4640941,440403980.0
2016-07-07,232.89367572,230.04158382000003,440403980.0
2016-07-08,229.3896771,229.63414212,440403980.0
2016-07-11,230.69349054,231.8343273,440403980.0
2016-07-12,230.44902552000002,227.75991030000003,440403980.0
2016-07-13,229.14521208000002,228.16735200000002,440403980.0
2016-07-14,228.24884034000004,228.98223540000004,440403980.0
2016-07-15,228.16735200000002,220.34447136000003,440403980.0
2016-07-18,218.55172788000002,213.0920091,440403980.0
2016-07-19,213.17349744000003,217.89982116000002,440403980.0
2016-07-20,218.30726286,219.04065792,440403980.0
2016-07-21,219.52958796000004,215.1292176,440403980.0
2016-07-22,217.41089112000003,216.75898440000003,440403980.0
2016-07-25,216.75898440000003,214.47731088000003,440403980.0
2016-07-26,215.1292176,218.47023954000002,440403980.0
2016-07-27,219.04065792,207.55080198000002,440403980.0
2016-07-28,208.44717372,207.79526700000002,440403980.0
2016-07-29,207.3878253,199.72792134000002,440403980.0
2016-08-01,198.42410790000002,191.90504070000003,440403980.0
2016-08-02,191.25313398,193.86076086,440403980.0
2016-08-03,193.77927252000003,194.43117924,440403980.0
2016-08-04,193.94224920000002,195.40903932000003,440403980.0
2016-08-05,195.57201600000002,195.40903932000003,440403980.0
2016-08-08,195.57201600000002,208.36568538000003,440403980.0
2016-08-09,206.00252352000004,206.16550020000003,440403980.0
2016-08-10,206.57294190000002,204.53573340000003,440403980.0
2016-08-11,205.3506168,198.17964288000002,440403980.0
2016-08-12,197.20178280000002,198.99452628000003,440403980.0
2016-08-15,199.2389913,206.57294190000002,440403980.0
2016-08-16,208.12122036000002,208.12122036000002,440403980.0
2016-08-17,208.12122036000002,206.81740692000002,440403980.0
2016-08-18,205.26912846000002,204.45424506,440403980.0
2016-08-19,204.04680336,204.45424506,440403980.0
2016-08-22,203.31340830000002,195.57201600000002,440403980.0
2016-08-23,195.57201600000002,195.40903932000003,440403980.0
2016-08-24,195.57201600000002,197.85368952000002,440403980.0
2016-08-25,196.06094604,193.53480750000003,440403980.0
2016-08-26,194.02373754,195.24606264000002,440403980.0
2016-08-29,197.03880612,195.9794577,440403980.0
2016-08-30,196.46838774000003,200.62429308000003,440403980.0
2016-08-31,201.84661818,199.32047964000003,440403980.0
2016-09-01,199.48345632000002,196.87582944000002,440403980.0
2016-09-02,195.16457430000003,192.55694742,440403980.0
2016-09-05,193.94224920000002,193.20885414000003,440403980.0
2016-09-06,193.04587746000004,196.63136442,440403980.0
2016-09-07,197.85368952000002,196.46838774000003,440403980.0
2016-09-08,195.57201600000002,196.87582944000002,440403980.0
2016-09-09,197.52773616000002,196.95731778000004,440403980.0
2016-09-12,192.31248240000002,188.23806540000004,440403980.0
2016-09-13,190.11229722000002,188.15657706000002,440403980.0
2016-09-14,187.26020532,184.57109010000002,440403980.0
2016-09-19,185.14150848,186.28234524,440403980.0
2016-09-20,186.6082986,184.08216006,440403980.0
2016-09-21,184.40811342,185.79341520000003,440403980.0
2016-09-22,186.44532192,187.26020532,440403980.0
2016-09-23,187.42318200000003,184.73406678000003,440403980.0
2016-09-26,183.59323002000002,178.05202290000003,440403980.0
2016-09-27,178.13351124000002,180.4966731,440403980.0
2016-09-28,179.43732468000002,178.62244128000003,440403980.0
2016-09-29,179.27434800000003,178.70392962000003,440403980.0
2016-09-30,178.70392962000003,180.57816144000003,440403980.0
2016-10-10,181.71899820000002,187.74913536000003,440403980.0
2016-10-11,187.17871698000002,187.50467034000002,440403980.0
2016-10-12,186.85276362000002,188.15657706000002,440403980.0
2016-10-13,188.6455071,186.77127528000003,440403980.0
2016-10-14,187.0157403,185.30448516,440403980.0
2016-10-17,187.09722864000003,185.22299682000002,440403980.0
2016-10-18,184.40811342,186.6082986,440403980.0
2016-10-19,187.42318200000003,185.3859735,440403980.0
2016-10-20,186.6082986,190.51973892,440403980.0
2016-10-21,188.6455071,187.42318200000003,440403980.0
2016-10-24,186.93425196000004,187.34169366,440403980.0
2016-10-25,187.50467034000002,187.50467034000002,440403980.0
2016-10-26,188.23806540000004,194.83862094000003,440403980.0
2016-10-27,195.16457430000003,197.36475948,440403980.0
2016-10-28,195.08308596000003,195.40903932000003,440403980.0
2016-10-31,194.7571326,191.497599,440403980.0
2016-11-01,191.497599,195.40903932000003,440403980.0
2016-11-02,202.74298992,196.22392272000002,440403980.0
2016-11-03,193.1273658,193.94224920000002,440403980.0
2016-11-04,193.53480750000003,194.10522588000003,549095180.0
2016-11-07,194.26820256000002,187.83062370000002,549095180.0
2016-11-08,188.88997212,188.07508872,549095180.0
2016-11-09,187.42318200000003,183.75620670000004,549095180.0
2016-11-10,186.68978694000003,185.30448516,549095180.0
2016-11-11,185.63043852000004,187.26020532,549095180.0
2016-11-14,188.23806540000004,189.29741382000003,549095180.0
2016-11-15,188.88997212,188.6455071,549095180.0
2016-11-16,188.6455071,188.15657706000002,549095180.0
2016-11-17,187.58615868,184.89704346000002,549095180.0
2016-11-18,183.83769504,184.32662508,549095180.0
2016-11-21,184.16364840000003,182.77834662,549095180.0
2016-11-22,182.69685828000004,184.65257844,549095180.0
2016-11-23,185.46746184000003,183.26727666,549095180.0
2016-11-24,183.26727666,181.80048654,549095180.0
2016-11-25,181.80048654,182.04495156000002,549095180.0
2016-11-28,182.37090492000002,184.57109010000002,549095180.0
2016-11-29,184.57109010000002,182.04495156000002,549095180.0
2016-11-30,182.5338816,180.98560314000002,549095180.0
2016-12-01,181.63750986000002,181.39304484000004,549095180.0
2016-12-02,181.39304484000004,176.82969780000002,549095180.0
2016-12-05,173.73314088,173.48867586,549095180.0
2016-12-06,173.48867586,174.3850476,549095180.0
2016-12-07,174.3850476,175.77034938000003,549095180.0
2016-12-08,175.36290768,170.47360728000004,549095180.0
2016-12-09,170.47360728000004,168.92532882000003,549095180.0
2016-12-12,169.00681716,156.29463612,549095180.0
2016-12-13,155.31677604,154.99082268,549095180.0
2016-12-14,155.64272940000004,156.8650545,549095180.0
2016-12-15,156.78356616,161.59137822,549095180.0
2016-12-16,160.61351814000002,161.26542486,549095180.0
2016-12-19,161.26542486,157.51696122,549095180.0
2016-12-20,157.51696122,156.78356616,549095180.0
2016-12-21,157.27249620000003,158.00589126000003,549095180.0
2016-12-22,158.00589126000003,156.0501711,549095180.0
2016-12-23,157.27249620000003,158.16886794,549095180.0
2016-12-26,156.45761280000002,155.47975272,549095180.0
2016-12-27,154.82784600000002,153.19807920000002,549095180.0
2016-12-28,152.95361418000002,152.05724244,549095180.0
2016-12-29,152.05724244,151.73128908,549095180.0
2016-12-30,151.24235904,151.07938236,549095180.0
2017-01-03,151.73128908,152.95361418000002,549095180.0
2017-01-04,153.19807920000002,156.0501711,549095180.0
2017-01-05,155.96868276,156.0501711,549095180.0
2017-01-06,156.0501711,155.96868276,549095180.0
2017-01-09,155.96868276,159.30970470000003,549095180.0
2017-01-10,156.62058948,162.08030826,549095180.0
2017-01-11,160.61351814000002,162.32477328000002,549095180.0
2017-01-12,161.42840154,164.1990051,549095180.0
2017-01-13,162.81370332000003,156.29463612,549095180.0
2017-01-16,155.64272940000004,143.41947840000003,549095180.0
2017-01-17,141.21929322,145.86412860000002,549095180.0
2017-01-18,144.56031516,142.1971533,549095180.0
2017-01-19,142.1971533,141.05631654,549095180.0
2017-01-20,141.62673492000002,143.90840844000002,549095180.0
2017-01-23,148.71622050000002,154.0129626,549095180.0
2017-01-24,155.64272940000004,151.32384738000002,549095180.0
2017-01-25,138.85613136,144.6418035,549095180.0
2017-01-26,144.31585014,145.21222188000002,549095180.0
2017-02-03,145.61966358000004,147.24943038,549095180.0
2017-02-06,147.24943038,153.03510252000004,549095180.0
2017-02-07,153.44254422,152.22021912000002,549095180.0
2017-02-08,151.64980074000002,156.21314778000004,549095180.0
2017-02-09,156.13165944000002,155.15379936000002,549095180.0
2017-02-10,153.93147426000002,152.3831958,549095180.0
2017-02-13,152.30170746000002,152.87212584000002,549095180.0
2017-02-14,153.44254422,157.19100786,549095180.0
2017-02-15,155.31677604,153.52403256000002,549095180.0
2017-02-16,152.3831958,147.33091872,549095180.0
2017-02-17,145.21222188000002,148.14580212,549095180.0
2017-02-20,146.19008196000001,147.08645370000002,549095180.0
2017-02-21,147.08645370000002,148.14580212,549095180.0
2017-02-22,147.4938954,148.55324382,549095180.0
2017-02-23,148.14580212,149.53110390000003,549095180.0
2017-02-24,149.77556892,153.93147426000002,549095180.0
2017-02-27,153.19807920000002,148.87919718,549095180.0
2017-02-28,147.9013371,150.18301062,549095180.0
2017-03-01,150.34598730000002,148.63473216,549095180.0
2017-03-02,148.63473216,146.02710528000003,549095180.0
2017-03-03,146.02710528000003,147.57538374,549095180.0
2017-03-06,147.9013371,152.3831958,549095180.0
2017-03-07,152.62766082000002,152.95361418000002,549095180.0
2017-03-08,153.60552090000002,154.25742762000002,549095180.0
2017-03-09,153.84998592,157.67993790000003,549095180.0
2017-03-10,158.0873796,156.62058948,549095180.0
2017-03-13,156.37612446000003,156.62058948,549095180.0
2017-03-14,156.94654284000003,154.66486932,549095180.0
2017-03-15,153.60552090000002,157.27249620000003,549095180.0
2017-03-16,157.67993790000003,157.67993790000003,549095180.0
2017-03-17,158.00589126000003,154.66486932,549095180.0
2017-03-20,154.33891596000004,156.29463612,549095180.0
2017-03-21,156.0501711,154.58338098000002,549095180.0
2017-03-22,153.84998592,152.95361418000002,549095180.0
2017-03-23,152.05724244,150.10152228000004,549095180.0
2017-03-24,150.10152228000004,148.87919718,549095180.0
2017-03-27,148.71622050000002,148.87919718,549095180.0
2017-03-28,148.87919718,151.32384738000002,549095180.0
2017-03-29,152.05724244,148.14580212,549095180.0
2017-03-30,147.81984876,143.8269201,549095180.0
2017-03-31,143.90840844000002,146.92347702000004,549095180.0
2017-04-05,146.59752366,149.61259224,549095180.0
2017-04-06,148.71622050000002,148.87919718,549095180.0
2017-04-07,147.98282544000003,149.53110390000003,549095180.0
2017-04-10,149.44961556,146.19008196,549095180.0
2017-04-11,146.19008196,154.74635766,549095180.0
2017-04-12,154.74635766,152.22021912,549095180.0
2017-04-13,151.48682406,150.50896398,549095180.0
2017-04-14,151.1608707,148.7162205,549095180.0
2017-04-17,148.22729046,145.78264026,549095180.0
2017-04-18,145.8641286,144.72329184,549095180.0
2017-04-19,144.31585014,140.07845646,549095180.0
2017-04-20,139.42654974,139.01910804,549095180.0
2017-04-21,139.3450614,138.61166634,549095180.0
2017-04-24,138.530178,126.7143687,549095180.0
2017-04-25,127.1218104,127.20329874,549095180.0
2017-04-26,127.20329874,121.0101849,549095180.0
2017-04-27,119.86934814,119.21744142,549095180.0
2017-04-28,118.9729764,120.11381316,549095180.0
2017-05-02,120.27678984,119.21744142,549095180.0
2017-05-03,118.9729764,121.90655664,549095180.0
2017-05-04,121.33613826,120.35827818,549095180.0
2017-05-05,119.7878598,117.42469794,549095180.0
2017-05-08,117.26172126,114.57260604,549095180.0
2017-05-09,114.16516434,115.46897778,549095180.0
2017-05-10,115.3060011,111.31307244,549095180.0
2017-05-11,108.3794922,108.3794922,549095180.0
2017-05-12,108.21651552,105.69037698,549095180.0
2017-05-15,105.77186532,105.934842,549095180.0
2017-05-16,105.69037698,108.54246888,549095180.0
2017-05-17,108.54246888,111.6390258,549095180.0
2017-05-18,110.74265406,112.12795584,549095180.0
2017-05-19,112.12795584,110.49818904,549095180.0
2017-05-22,110.4167007,106.66823706,549095180.0
2017-05-23,106.83121374,101.12702994,549095180.0
2017-05-24,101.37149496,103.4901918,549095180.0
2017-05-25,103.8976335,106.3422837,549095180.0
2017-05-26,107.5646088,105.5274003,549095180.0
2017-05-31,106.7497254,104.54954022,549095180.0
2017-06-01,103.65316848,101.0455416,549095180.0
2017-06-02,101.0455416,103.73465682,549095180.0
2017-06-05,103.4901918,106.17930702,549095180.0
2017-06-06,105.36442362,106.66823706,549095180.0
2017-06-07,107.07567876,109.1943756,549095180.0
2017-06-08,109.1943756,108.05353884,549095180.0
2017-06-09,108.05353884,108.7869339,549095180.0
2017-06-12,107.64609714,104.46805188,549095180.0
2017-06-13,104.46805188,107.40163212,549095180.0
2017-06-14,107.32014378,110.66116572,549095180.0
2017-06-15,110.98711908,117.3432096,549095180.0
2017-06-16,115.55046612,115.46897778,549095180.0
2017-06-19,115.38748944,117.7506513,549095180.0
2017-06-20,117.91362798,116.9357679,549095180.0
2017-06-21,118.158093,117.01725624,549095180.0
2017-06-22,117.3432096,112.61688588,549095180.0
2017-06-23,112.69837422,115.38748944,549095180.0
2017-06-26,114.8985594,115.14302442,549095180.0
2017-06-27,115.55046612,114.73558272,549095180.0
2017-06-28,114.73558272,112.61688588,549095180.0
2017-06-29,112.61688588,114.00218766,549095180.0
2017-06-30,112.94283924,114.083676,549095180.0
2017-07-03,114.083676,114.81707106,549095180.0
2017-07-04,115.55046612,115.55046612,549095180.0
2017-07-05,115.55046612,117.42469794,549095180.0
2017-07-06,117.42469794,116.36534952,549095180.0
2017-07-07,116.44683786,115.95790782,549095180.0
2017-07-10,116.03939616,116.03939616,549095180.0
2017-07-11,115.22451276,110.009259,549095180.0
2017-07-12,109.27586394,108.54246888,549095180.0
2017-07-13,108.54246888,106.99419042,549095180.0
2017-07-14,107.07567876,107.48312046,549095180.0
2017-07-17,105.85335366,96.80814792,549095180.0
2017-07-18,96.9711246,97.3785663,549095180.0
2017-07-19,97.3785663,96.9711246,549095180.0
2017-07-20,96.9711246,96.9711246,549095180.0
2017-07-21,96.9711246,98.11196136,549095180.0
2017-07-24,98.11196136,99.08982144,549095180.0
2017-07-25,98.92684476,98.35642638,549095180.0
2017-07-26,98.35642638,97.70451966,549095180.0
2017-07-27,97.86749634,101.77893666,549095180.0
2017-07-28,101.4529833,99.98619318,549095180.0
2017-07-31,99.90470484,99.8232165,549095180.0
2017-08-01,99.25279812,100.39363488,549095180.0
2017-08-02,100.2306582,97.70451966,549095180.0
2017-08-03,96.9711246,98.1934497,549095180.0
2017-08-04,98.51940306,101.860425,549095180.0
2017-08-07,102.02340168,100.80107658,549095180.0
2017-08-08,100.47512322,101.77893666,549095180.0
2017-08-09,101.4529833,100.6380999,549095180.0
2017-08-10,100.6380999,99.66023982,549095180.0
2017-08-11,98.84535642,99.08982144,549095180.0
2017-08-14,99.4157748,101.77893666,549095180.0
2017-08-15,102.2678667,101.53447164,549460805.0
2017-08-16,101.53447164,105.69037698,549460805.0
2017-08-17,104.87549358,110.66116572,549460805.0
2017-08-18,109.68330564,107.9720505,549460805.0
2017-08-21,108.13502718,109.03139892,549460805.0
2017-08-22,108.7869339,111.47604912,549460805.0
2017-08-23,112.29093252,114.16516434,549460805.0
2017-08-24,113.02432758,110.4167007,549460805.0
2017-08-25,110.33521236,110.74265406,549460805.0
2017-08-28,110.25372402,113.10581592,549460805.0
2017-08-29,111.96497916,108.54246888,549460805.0
2017-08-30,108.46098054,109.03139892,549460805.0
2017-08-31,110.009259,109.68330564,549460805.0
2017-09-01,110.009259,110.009259,549460805.0
2017-09-04,110.25372402,111.55753746,549460805.0
2017-09-05,110.49818904,115.95790782,549460805.0
2017-09-06,114.4911177,120.11381316,549460805.0
2017-09-07,120.6027432,121.0101849,549460805.0
2017-09-08,120.35827818,121.4176266,549460805.0
2017-09-11,120.76571988,122.06953332,549460805.0
2017-09-12,122.15102166,118.32106968,549460805.0
2017-09-13,118.158093,118.9729764,549460805.0
2017-09-14,119.21744142,121.17316158,549460805.0
2017-09-15,120.76571988,128.67008886,549460805.0
2017-09-18,130.13687898,131.52218076,549460805.0
2017-09-19,129.5664606,126.79585704,549460805.0
2017-09-20,126.79585704,132.4185525,549460805.0
2017-09-21,131.1962274,125.65502028,549460805.0
2017-09-22,124.6771602,123.0473934,549460805.0
2017-09-25,122.23251,118.72851138,549460805.0
2017-09-26,119.13595308,120.84720822,549460805.0
2017-09-27,120.35827818,123.53632344,549460805.0
2017-09-28,123.0473934,121.8250683,549460805.0
2017-09-29,120.6027432,124.18823016,549460805.0
2017-10-09,126.306927,126.14395032,549460805.0
2017-10-10,125.41055526,125.81799696,549460805.0
2017-10-11,125.16609024,119.95083648,549460805.0
2017-10-12,119.86934814,117.7506513,549460805.0
2017-10-13,117.42469794,117.7506513,549460805.0
2017-10-16,116.36534952,112.61688588,549460805.0
2017-10-17,112.29093252,112.8613509,549460805.0
2017-10-18,112.53539754,113.59474596,549460805.0
2017-10-19,112.61688588,113.51325762,549460805.0
2017-10-20,112.8613509,112.53539754,549460805.0
2017-10-23,113.2687926,114.65409438,549460805.0
2017-10-24,114.083676,112.77986256,549460805.0
2017-10-25,113.02432758,112.94283924,549460805.0
2017-10-26,113.02432758,113.2687926,549460805.0
2017-10-27,112.61688588,111.72051414,549460805.0
2017-10-30,111.47604912000001,109.19437560000001,549460805.0
2017-10-31,109.19437560000001,108.94991058000001,549460805.0
2017-11-01,109.03139892000002,111.15009576000001,549460805.0
2017-11-02,110.25372402,108.86842224,549460805.0
2017-11-03,108.86842224,109.11288726000002,549460805.0
2017-11-06,108.94991058000001,113.51325762,549460805.0
2017-11-07,113.43176928000001,120.11381316,549460805.0
2017-11-08,118.97297640000001,118.48404636000001,549460805.0
2017-11-09,118.64702304000002,121.17316158,549460805.0
2017-11-10,121.17316158,121.41762660000002,549460805.0
2017-11-13,122.06953332000002,122.55846336,549460805.0
2017-11-14,122.06953332000002,123.45483510000001,549460805.0
2017-11-15,121.49911494000001,119.62488312,549460805.0
2017-11-16,119.38041810000001,123.94376514000002,549460805.0
2017-11-17,122.15102166000001,121.33613826000001,549460805.0
2017-11-20,118.89148806000001,128.26264716,549460805.0
2017-11-21,126.87734538000001,127.04032206000001,549460805.0
2017-11-22,127.04032206000001,129.48497226,549460805.0
2017-11-23,128.18115882,121.41762660000002,549460805.0
2017-11-24,119.95083648000002,123.0473934,549460805.0
2017-11-27,121.82506830000001,125.32906692000002,549460805.0
2017-11-28,124.67716020000002,130.05539064,549460805.0
2017-11-29,128.67008886,128.99604222000002,549460805.0
2017-11-30,128.50711218,131.27771574000002,549460805.0
2017-12-01,129.56646060000003,136.73743452000002,549460805.0
2017-12-04,136.49296950000002,136.49296950000002,549460805.0
2017-12-05,135.18915606000002,125.32906692000002,549460805.0
2017-12-06,125.49204360000002,132.33706416,549460805.0
2017-12-07,131.19622740000003,132.09259914000003,549460805.0
2017-12-08,130.95176238000002,132.82599420000003,549460805.0
2017-12-11,132.90748254,135.27064440000004,549460805.0
2017-12-12,134.78171436,133.07045922,549460805.0
2017-12-13,133.07045922,133.55938926000002,549460805.0
2017-12-14,132.58152918000002,129.97390230000002,549460805.0
2017-12-15,130.05539064,128.34413550000002,549460805.0
2017-12-18,128.34413550000002,124.51418352,549460805.0
2017-12-19,124.67716020000002,127.9366938,549460805.0
2017-12-20,128.09967048000001,129.40348392,549460805.0
2017-12-21,132.82599420000003,129.97390230000002,549460805.0
2017-12-22,126.87734538000001,122.47697502000001,549460805.0
2017-12-25,118.97297640000001,110.25372402,549460805.0
2017-12-26,107.23865544000002,110.49818904000001,549460805.0
2017-12-27,109.60181730000001,108.94991058000001,549460805.0
2017-12-28,108.94991058000001,108.13502718000001,549460805.0
2017-12-29,108.21651552,109.35735228000001,549460805.0
2018-01-02,109.03139892000002,108.37949220000002,549460805.0
2018-01-03,108.94991058000001,111.6390258,549460805.0
2018-01-04,110.82414240000001,111.55753746,549460805.0
2018-01-05,110.82414240000001,109.35735228000001,549460805.0
2018-01-08,109.43884062000001,108.21651552,549460805.0
2018-01-09,107.80907382000001,110.17223568000001,549460805.0
2018-01-10,110.09074734000001,108.21651552,549460805.0
2018-01-11,108.62395722000001,109.43884062000001,549460805.0
2018-01-12,109.52032896,108.46098054000001,549460805.0
2018-01-15,108.78693390000001,109.19437560000001,549460805.0
2018-01-16,108.37949220000002,111.47604912000001,549460805.0
2018-01-17,111.55753746,114.00218766000002,549460805.0
2018-01-18,113.92069932000001,113.35028094000002,549460805.0
2018-01-19,112.8613509,114.00218766000002,549460805.0
2018-01-22,113.92069932000001,114.32814102,549460805.0
2018-01-23,114.24665268000001,113.26879260000001,549460805.0
2018-01-24,112.94283924000001,112.94283924000001,549460805.0
2018-01-25,112.45390920000001,112.20944418,549460805.0
2018-01-26,111.80200248000001,109.92777066000001,549460805.0
2018-01-29,109.27586394000001,105.85335366000001,549460805.0
2018-01-30,103.4901918,103.4901918,549460805.0
2018-01-31,102.6753084,102.51233172,549460805.0
2018-02-01,101.20851828,103.4901918,549460805.0
2018-02-02,103.4901918,105.934842,549460805.0
2018-02-05,104.38656354000001,104.71251690000001,549460805.0
2018-02-06,104.14209852,101.860425,549460805.0
2018-02-07,103.16423844,103.4901918,549460805.0
2018-02-08,102.83828508,103.81614516,549460805.0
2018-02-09,101.0455416,93.46712598000002,549460805.0
2018-02-12,89.63717400000002,102.83828508,549460805.0
2018-02-13,105.36442362000001,106.01633034000001,549460805.0
2018-02-14,105.69037698000001,106.58674872000002,549460805.0
2018-02-22,107.32014378000001,109.19437560000001,549460805.0
2018-02-23,107.97205050000001,110.09074734000001,549460805.0
2018-02-26,109.76479398000002,116.44683786,549460805.0
2018-02-27,114.65409438000002,116.9357679,549460805.0
2018-02-28,115.95790782000002,116.9357679,549460805.0
2018-03-01,115.55046612000001,111.6390258,549460805.0
2018-03-02,112.37242086,110.00925900000001,549460805.0
2018-03-05,110.82414240000001,110.41670070000002,549460805.0
2018-03-06,112.0464675,111.47604912000001,549460805.0
2018-03-07,111.39456078,111.88349082000002,549460805.0
2018-03-08,111.23158410000002,110.33521236,549460805.0
2018-03-09,110.41670070000002,113.26879260000001,549460805.0
2018-03-12,114.40962936000001,115.71344280000001,549460805.0
2018-03-13,115.87641948000001,114.49111770000002,549460805.0
2018-03-14,113.10581592000001,111.39456078,549460805.0
2018-03-15,110.00925900000001,112.77986256000001,549460805.0
2018-03-16,112.61688588000001,112.53539754000002,549460805.0
2018-03-19,112.45390920000001,115.87641948000001,549460805.0
2018-03-20,114.65409438000002,118.72851138000001,549460805.0
2018-03-21,118.89148806000001,116.52832620000002,549460805.0
2018-03-22,116.44683786,117.18023292000002,549460805.0
2018-03-23,113.6762343,118.15809300000001,549460805.0
2018-03-26,120.11381316,126.22543866000001,549460805.0
2018-03-27,125.98097364000002,132.50004084000003,549460805.0
2018-03-28,130.381344,127.85520546000001,549460805.0
2018-03-29,128.26264716,128.67008886,549460805.0
2018-03-30,129.1590189,141.54524658000003,549460805.0
2018-04-02,146.679012,155.72421774,549460805.0
2018-04-03,154.82784600000002,145.86412860000002,549460805.0
2018-04-04,141.7897116,146.43454698,549460805.0
2018-04-09,148.06431378000002,161.10244818,549460805.0
2018-04-10,164.44347012,148.47175548,549460805.0
2018-04-11,142.60459500000002,142.76757168,549460805.0
2018-04-12,143.8269201,142.76757168,549460805.0
2018-04-13,142.84906002000002,135.75957444000002,549460805.0
2018-04-16,137.22636456,139.67101476000002,549460805.0
2018-04-17,141.21929322,141.3822699,549460805.0
2018-04-18,144.39733848,150.18301062,549460805.0
2018-04-19,148.22729046000003,153.84998592,549460805.0
2018-04-20,153.19807920000002,154.0129626,549460805.0
2018-04-23,154.82784600000002,141.54524658000003,549460805.0
2018-04-24,141.05631654,146.35305864000003,549460805.0
2018-04-25,143.50096674,149.85705726000003,549460805.0
2018-04-26,149.85705726000003,149.61259224,549460805.0
2018-04-27,152.7906375,149.1236622,549460805.0
2018-05-02,143.0120367,134.70022602000003,549460805.0
2018-05-03,135.02617938,138.61166634000003,549460805.0
2018-05-04,136.49296950000002,136.57445784000004,549460805.0
2018-05-07,136.73743452000002,138.69315468000002,549460805.0
2018-05-08,139.67101476000002,139.34506140000002,549460805.0
2018-05-09,139.42654974,140.07845646,549460805.0
2018-05-10,139.99696812000002,136.00403946000003,549460805.0
2018-05-11,135.75957444000002,131.19622740000003,549460805.0
2018-05-14,129.64794894000002,131.84813412,549460805.0
2018-05-15,132.25557582000002,134.61873768,549460805.0
2018-05-16,134.70022602000003,132.09259914000003,549460805.0
2018-05-17,132.17408748,132.17408748,549460805.0
2018-05-18,133.39641258000003,134.0483193,549460805.0
2018-05-21,135.84106278000002,138.530178,549460805.0
2018-05-22,138.36720132000002,137.55231792,549460805.0
2018-05-23,137.47082958000001,140.1599448,549460805.0
2018-05-24,140.32292148,140.24143314000003,549460805.0
2018-05-25,140.32292148,132.4185525,549460805.0
2018-05-28,130.95176238000002,125.08460190000001,549460805.0
2018-05-29,125.00311356000002,125.16609024,549460805.0
2018-05-30,123.94376514000002,122.63995170000001,549460805.0
2018-05-31,124.67716020000002,123.53632344000002,549460805.0
2018-06-01,122.06953332000002,117.09874458,549460805.0
2018-06-04,118.40255802,117.34320960000001,549460805.0
2018-06-05,116.52832620000002,120.60274320000002,549460805.0
2018-06-06,120.11381316,119.29892976000002,549460805.0
2018-06-07,119.54339478000001,118.07660466000002,549460805.0
2018-06-08,115.71344280000001,116.69130288000001,549460805.0
2018-06-11,116.69130288000001,114.40962936000001,549460805.0
2018-06-12,114.98004774,116.9357679,549460805.0
2018-06-13,116.44683786,116.60981454000002,549460805.0
2018-06-14,116.69130288000001,117.91362798000002,549460805.0
2018-06-15,117.83213964000002,112.69837422,549460805.0
2018-06-19,110.41670070000002,101.94191334000001,549460805.0
2018-06-20,101.860425,106.42377204000002,549460805.0
2018-06-21,105.77186532000002,103.24572678000001,549460805.0
2018-06-22,103.4901918,106.34228370000001,549460805.0
2018-06-25,107.5646088,106.26079536,549460805.0
2018-06-26,103.89763350000001,111.15009576000001,549460805.0
2018-06-27,110.98711908,108.46098054000001,549460805.0
2018-06-28,108.78693390000001,107.32014378000001,549460805.0
2018-06-29,107.72758548000002,115.14302442000002,549460805.0
2018-07-02,114.08367600000001,113.75772264000001,549460805.0
2018-07-03,112.69837422,118.07660466000002,549460805.0
2018-07-04,116.28386118,113.92069932000001,549460805.0
2018-07-05,113.83921098000002,108.37949220000002,549460805.0
2018-07-06,108.37949220000002,109.60181730000001,549460805.0
2018-07-09,110.09074734000001,112.29093252000001,549460805.0
2018-07-10,112.37242086,115.14302442000002,549460805.0
2018-07-11,113.43176928000001,111.72051414000002,549460805.0
2018-07-12,111.88349082000002,115.22451276000001,549460805.0
2018-07-13,113.59474596000001,112.20944418,549460805.0
2018-07-16,111.96497916000001,114.00218766000002,549460805.0
2018-07-17,113.83921098000002,115.14302442000002,549460805.0
2018-07-18,115.38748944000001,112.37242086,549460805.0
2018-07-19,111.80200248000001,109.03139892000002,549460805.0
2018-07-20,108.37949220000002,110.25372402,549460805.0
2018-07-23,110.41670070000002,113.59474596000001,549460805.0
2018-07-24,112.94283924000001,114.98004774,549460805.0
2018-07-25,116.77279122000002,115.06153608000001,549460805.0
2018-07-26,115.46897778000002,112.45390920000001,549460805.0
2018-07-27,112.37242086,111.96497916000001,549460805.0
2018-07-30,111.39456078,110.17223568000001,549460805.0
2018-07-31,110.17223568000001,109.19437560000001,549460805.0
2018-08-01,109.19437560000001,107.5646088,549460805.0
2018-08-02,107.5646088,103.81614516,549460805.0
2018-08-03,103.81614516,103.73465682000001,549460805.0
2018-08-06,104.30507520000002,104.38656354000001,549460805.0
2018-08-07,104.30507520000002,107.15716710000001,549460805.0
2018-08-08,107.32014378000001,104.54954022000001,549460805.0
2018-08-09,104.54954022000001,107.97205050000001,549460805.0
2018-08-10,108.05353884000002,108.13502718000001,549460805.0
2018-08-13,106.66823706000001,110.25372402,549460805.0
2018-08-14,110.00925900000001,108.37949220000002,549460805.0
2018-08-15,108.86842224,106.66823706000001,549460805.0
2018-08-16,104.54954022000001,104.95698192000002,549460805.0
2018-08-17,106.17930702000001,103.40870346000001,549460805.0
2018-08-20,103.24572678000001,104.06061018000001,549460805.0
2018-08-21,104.06061018000001,104.30507520000002,549460805.0
2018-08-22,104.38656354000001,102.51233172,549460805.0
2018-08-23,102.51233172,104.30507520000002,549460805.0
2018-08-24,104.22358686,103.08275010000001,549640804.0
2018-08-27,103.89763350000001,106.34228370000001,549460805.0
2018-08-28,106.83121374000001,111.72051414000002,549640804.0
2018-08-29,110.82414240000001,109.35735228000001,549640804.0
2018-08-30,108.94991058000001,106.99419042000002,549640804.0
2018-08-31,107.23865544000002,107.23865544000002,549640804.0
2018-09-03,107.89056216000002,107.5646088,549640804.0
2018-09-04,107.23865544000002,111.06860742000002,549640804.0
2018-09-05,110.98711908,112.61688588000001,549640804.0
2018-09-06,110.82414240000001,113.02432758,549640804.0
2018-09-07,113.02432758,110.57967738,549640804.0
2018-09-10,110.82414240000001,110.33521236,549640804.0
2018-09-11,109.76479398000002,112.0464675,549640804.0
2018-09-12,112.0464675,112.94283924000001,549640804.0
2018-09-13,113.83921098000002,114.32814102,549640804.0
2018-09-14,113.83921098000002,110.98711908,549640804.0
2018-09-17,112.29093252000001,110.00925900000001,549640804.0
2018-09-18,109.43884062000001,110.82414240000001,549640804.0
2018-09-19,110.00925900000001,111.80200248000001,549640804.0
2018-09-20,112.12795584000001,109.27586394000001,549640804.0
2018-09-21,109.84628232000001,109.68330564000001,549640804.0
2018-09-25,108.94991058000001,108.37949220000002,549640804.0
2018-09-26,108.37949220000002,107.89056216000002,549640804.0
2018-09-27,107.72758548000002,104.54954022000001,549640804.0
2018-09-28,104.46805188000002,105.28293528,549640804.0
2018-10-08,103.89763350000001,100.80107658,549640804.0
2018-10-09,101.77893666000001,102.26786670000001,549640804.0
2018-10-10,101.77893666000001,101.69744832,549640804.0
2018-10-11,97.78600800000001,91.51140582000001,549640804.0
2018-10-12,89.96312736,86.94805878000001,549640804.0
2018-10-15,86.29615206000001,85.562757,549640804.0
2018-10-16,85.562757,81.48834000000001,549640804.0
2018-10-17,82.38471174,83.44406016,549640804.0
2018-10-18,82.79215344,81.65131668000001,549640804.0
2018-10-19,80.75494494000002,83.68852518,549640804.0
2018-10-22,84.3404319,87.84443052,549640804.0
2018-10-23,87.84443052,85.07382696,549640804.0
2018-10-24,84.66638526000001,84.25894356,549640804.0
2018-10-25,81.48834000000001,82.54768842000001,549640804.0
2018-10-26,83.52554850000001,83.44406016,549640804.0
2018-10-29,82.95513012,80.42899158,549640804.0
2018-10-30,80.42899158,81.16238664000001,549640804.0
2018-10-31,81.48834000000001,82.54768842000001,549640804.0
2018-11-01,84.42192024,83.52554850000001,549640804.0
2018-11-02,85.562757,85.88871036,549640804.0
2018-11-05,86.05168704000002,86.86657044,549640804.0
2018-11-06,86.86657044,85.80722202,549640804.0
2018-11-07,86.05168704000002,85.64424534000001,549640804.0
2018-11-08,86.45912874,84.3404319,549640804.0
2018-11-09,83.36257182000001,83.77001352,549640804.0
2018-11-12,83.52554850000001,86.45912874,549640804.0
2018-11-13,85.562757,87.92591886,549640804.0
2018-11-14,88.00740720000002,88.49633724,549640804.0
2018-11-15,88.49633724,90.28908072000002,549640804.0
2018-11-16,90.37056906000001,89.63717400000002,549640804.0
2018-11-19,90.28908072000002,91.18545246000001,549640804.0
2018-11-20,90.53354574000001,98.27493804000001,549640804.0
2018-11-21,94.52647440000001,94.03754436,549640804.0
2018-11-22,94.68945108,92.4892659,549640804.0
2018-11-23,92.16331254,86.62210542000001,549640804.0
2018-11-26,86.78508210000001,88.17038388000002,549640804.0
2018-11-27,88.65931392000002,89.39270898000001,549640804.0
2018-11-28,89.39270898000001,91.02247578000001,549640804.0
2018-11-29,91.02247578000001,87.84443052,549640804.0
2018-11-30,88.08889554000001,88.57782558,549640804.0
2018-12-03,90.61503408,92.4892659,549640804.0
2018-12-04,91.67438250000001,92.08182420000001,549640804.0
2018-12-05,90.37056906000001,90.04461570000001,549640804.0
2018-12-06,89.63717400000002,89.22973230000001,549640804.0
2018-12-07,89.63717400000002,89.39270898000001,549640804.0
2018-12-10,88.33336056,88.25187222000001,549640804.0
2018-12-11,87.51847716,88.33336056,549640804.0
2018-12-12,88.74080226000001,87.59996550000001,549640804.0
2018-12-13,87.92591886,87.68145384,549640804.0
2018-12-14,87.59996550000001,83.44406016,549640804.0
2018-12-17,83.52554850000001,83.68852518,549640804.0
2018-12-18,83.36257182000001,83.36257182000001,549640804.0
2018-12-19,83.60703684,82.22173506,549640804.0
2018-12-20,81.65131668000001,82.71066510000001,549640804.0
2018-12-21,81.89578170000001,82.30322340000001,549640804.0
2018-12-24,82.14024672000001,83.44406016,549640804.0
2018-12-25,82.79215344,81.48834000000001,549640804.0
2018-12-26,80.83643328000001,80.18452656000001,549640804.0
2018-12-27,81.65131668000001,79.0436898,549640804.0
2018-12-28,80.99940996000001,80.67345660000001,549640804.0
2019-01-02,79.94006154000002,82.22173506,549640804.0
2019-01-03,81.48834000000001,82.87364178000001,549640804.0
2019-01-04,81.32536332000001,85.64424534000001,549640804.0
2019-01-07,86.21466372,87.84443052,549640804.0
2019-01-08,87.59996550000001,84.99233862000001,549640804.0
2019-01-09,85.48126866000001,84.58489692000002,549640804.0
2019-01-10,84.58489692000002,83.77001352,549640804.0
2019-01-11,84.50340858,86.05168704000002,549640804.0
2019-01-14,85.562757,83.77001352,549640804.0
2019-01-15,84.01447854000001,84.99233862000001,549640804.0
2019-01-16,84.99233862000001,83.93299020000002,549640804.0
2019-01-17,83.85150186,81.56982834,549640804.0
2019-01-18,81.65131668000001,82.14024672000001,549640804.0
2019-01-21,81.97727004000001,82.54768842000001,549640804.0
2019-01-22,82.22173506,81.24387498000002,549640804.0
2019-01-23,80.91792162,81.81429336000001,549640804.0
2019-01-24,81.81429336000001,84.17745522000001,549640804.0
2019-01-25,84.58489692000002,82.54768842000001,549640804.0
2019-01-28,83.44406016,81.65131668000001,549640804.0
2019-01-29,81.48834000000001,79.12517814000002,549640804.0
2019-01-30,79.61410818,78.31029474,549640804.0
2019-01-31,78.88071312000001,72.11718090000001,549640804.0
2019-02-01,72.36164592000002,73.82843604000001,549640804.0
2019-02-11,74.07290106,75.94713288000001,549640804.0
2019-02-12,76.27308624,76.51755126000002,549640804.0
2019-02-13,76.59903960000001,80.83643328000001,549640804.0
2019-02-14,79.85857320000001,80.42899158,549640804.0
2019-02-15,80.51047992000001,81.16238664000001,549640804.0
2019-02-18,82.30322340000001,84.09596688,549640804.0
2019-02-19,84.42192024,87.84443052,549640804.0
2019-02-20,86.05168704000002,88.17038388000002,549640804.0
2019-02-21,87.02954712,86.21466372,549640804.0
2019-02-22,85.562757,88.17038388000002,549640804.0
2019-02-25,88.82229060000002,92.16331254,549640804.0
2019-02-26,92.73373092000001,95.99326452000001,549640804.0
2019-02-27,94.52647440000001,94.03754436,549640804.0
2019-02-28,94.11903270000002,92.08182420000001,549640804.0
2019-03-01,92.08182420000001,91.91884752,549640804.0
2019-03-04,92.73373092000001,92.89670760000001,549640804.0
2019-03-05,93.14117262,98.03047302,549640804.0
2019-03-06,97.94898468000001,97.21558962,549640804.0
2019-03-07,96.88963626000002,100.23065820000002,549640804.0
2019-03-08,100.23065820000002,110.25372402,549640804.0
2019-03-11,115.63195446,113.59474596000001,549640804.0
2019-03-12,111.06860742000002,118.07660466000002,549640804.0
2019-03-13,115.55046612000001,108.13502718000001,549640804.0
2019-03-14,106.34228370000001,100.88256492000002,549640804.0
2019-03-15,103.08275010000001,101.37149496,549640804.0
2019-03-18,101.4529833,104.06061018000001,549640804.0
2019-03-19,103.57168014000001,105.60888864000002,549640804.0
2019-03-20,106.01633034000001,103.57168014000001,549640804.0
2019-03-21,103.73465682000001,104.63102856,549640804.0
2019-03-22,104.30507520000002,103.89763350000001,549640804.0
2019-03-25,104.95698192000002,107.40163212,549640804.0
2019-03-26,106.34228370000001,100.6380999,549640804.0
2019-03-27,101.0455416,100.6380999,549640804.0
2019-03-28,100.23065820000002,99.41577480000001,549640804.0
2019-03-29,99.41577480000001,102.91977342000001,549640804.0
2019-04-01,103.24572678000001,107.89056216000002,549640804.0
2019-04-02,112.45390920000001,107.40163212,549640804.0
2019-04-03,105.20144694000001,107.5646088,549640804.0
2019-04-04,107.72758548000002,108.21651552,549640804.0
2019-04-08,107.48312046000001,104.30507520000002,549640804.0
2019-04-09,103.57168014000001,103.89763350000001,549640804.0
2019-04-10,102.91977342000001,100.55661156000001,549640804.0
2019-04-11,100.55661156000001,98.27493804000001,549640804.0
2019-04-12,98.27493804000001,98.76386808000001,549640804.0
2019-04-15,99.74172816000001,99.82321650000002,549640804.0
2019-04-16,99.66023982000002,102.34935504000002,549640804.0
2019-04-17,102.59382006000001,101.37149496,549640804.0
2019-04-18,101.37149496,99.17130978000002,549640804.0
2019-04-19,98.27493804000001,99.41577480000001,549640804.0
2019-04-22,100.31214654000001,98.27493804000001,549640804.0
2019-04-23,98.51940306,95.91177618,549640804.0
2019-04-24,95.91177618,98.19344970000002,549640804.0
2019-04-25,98.11196136000001,94.36349772000001,549640804.0
2019-04-26,92.97819594,91.59289416000001,549640804.0
2019-04-29,91.59289416000001,85.80722202,549640804.0
2019-04-30,85.80722202,86.54061708,549640804.0
2019-05-06,83.1181068,80.59196826000002,549640804.0
2019-05-07,81.40685166000002,81.73280502,549640804.0
2019-05-08,80.02154988000001,83.44406016,549640804.0
2019-05-09,83.03661846,83.93299020000002,549640804.0
2019-05-10,85.39978032,89.39270898000001,549640804.0
2019-05-13,87.68145384,88.41484890000001,549640804.0
2019-05-14,85.562757,85.31829198000001,549640804.0
2019-05-15,85.88871036,86.86657044,549640804.0
2019-05-16,86.94805878000001,88.98526728,549640804.0
2019-05-17,88.74035382,89.23018098,549640804.0
2019-05-20,91.0262139,95.18974476,549640804.0
2019-05-21,95.43465834,95.02646904000001,549640804.0
2019-05-22,94.53664188,94.61827974,549640804.0
2019-05-23,96.3326748,98.61853488,549640804.0
2019-05-24,93.55698756000001,88.74035382,549640804.0
2019-05-27,87.7606995,93.96517686,549640804.0
2019-05-28,94.69991759999999,93.0671604,549640804.0
2019-05-29,92.2507818,95.02646904000001,549640804.0
2019-05-30,94.53664188,93.883539,549640804.0
2019-05-31,94.12845258,94.2917283,549640804.0
2019-06-03,94.86319332,96.65922624,549640804.0
2019-06-04,96.00612336,92.82224681999999,549640804.0
2019-06-05,93.72026328,93.80190114,549640804.0
2019-06-06,93.883539,86.53613159999999,549640804.0
2019-06-10,87.18923448,86.20958016,549640804.0
2019-06-11,86.1279423,88.49544024,549640804.0
2019-06-12,87.59742378,89.14854312,549640804.0
2019-06-13,89.31181884,88.1688888,549640804.0
2019-06-14,88.1688888,84.25027152,549640804.0
2019-06-17,84.25027152,83.84208222,549640804.0
2019-06-18,84.33190938,83.10734148,549640804.0
2019-06-19,84.9033744,84.4951851,549640804.0
2019-06-20,84.33190938,85.63811514,549640804.0
2019-06-21,86.53613159999999,87.3525102,549640804.0
2019-06-24,87.18923448,86.69940731999999,549640804.0
2019-06-25,86.78104518,87.27087234,549640804.0
2019-06-26,86.86268304000001,86.20958016,549640804.0
2019-06-27,86.1279423,86.61776945999999,549640804.0
2019-06-28,86.53613159999999,83.6788065,549640804.0
2019-07-01,85.719753,86.29121802,549640804.0
2019-07-02,87.10759662,86.69940731999999,549640804.0
2019-07-03,86.53613159999999,85.88302872,549640804.0
2019-07-04,86.1279423,86.20958016,549640804.0
2019-07-05,86.1279423,87.51578592,549640804.0
2019-07-08,86.86268304000001,82.69915218000001,549640804.0
2019-07-09,82.4542386,81.96441143999999,549640804.0
2019-07-10,82.12768716000001,81.47458428,549640804.0
2019-07-11,81.80113571999999,80.65820568000001,549640804.0
2019-07-12,80.73984354000001,80.65820568000001,549640804.0
2019-07-15,79.5969135,81.31130856,549640804.0
2019-07-16,80.57656782,81.39294642,549640804.0
2019-07-17,81.63786,81.88277357999999,549640804.0
2019-07-18,80.90311926,79.76018922,549640804.0
2019-07-19,80.0051028,79.5969135,549640804.0
2019-07-22,79.76018922,76.08648552,549640804.0
2019-07-23,75.75993408,76.49467482,549640804.0
2019-07-24,76.41303696,78.20906988,549640804.0
2019-07-25,78.12743202,78.20906988,549640804.0
2019-07-26,77.31105342000001,78.04579416,549640804.0
2019-07-29,78.7805349,78.04579416,549640804.0
2019-07-30,78.45398345999999,78.7805349,549640804.0
2019-07-31,78.3723456,77.63760486,549640804.0
2019-08-01,77.47432914,76.3313991,549640804.0
2019-08-02,74.61700404,74.61700404,549640804.0
2019-08-05,74.2904526,75.10683119999999,549640804.0
2019-08-06,73.96390116,71.51476536,549640804.0
2019-08-07,71.92295466,70.45347318,549640804.0
2019-08-08,70.37183531999999,71.4331275,549640804.0
2019-08-09,71.51476536,70.86166247999999,549640804.0
2019-08-12,70.86166247999999,72.24950609999999,550699535.0
2019-08-13,71.0249382,71.10657606000001,550699535.0
2019-08-14,71.8413168,71.0249382,550699535.0
2019-08-15,69.71873244,70.78002462,550699535.0
2019-08-16,70.86166247999999,71.35148964,550699535.0
2019-08-19,71.8413168,73.474074,550699535.0
2019-08-20,74.04553902,73.80062543999999,550699535.0
2019-08-21,73.39243614,72.90260898,550699535.0
2019-08-22,73.22916042,76.00484766000001,550699535.0
2019-08-23,75.18846906,75.59665835999999,550699535.0
2019-08-26,73.474074,74.6986419,550699535.0
2019-08-27,74.94355548,76.00484766000001,550699535.0
2019-08-28,75.59665835999999,77.9641563,550699535.0
2019-08-29,77.63760486,76.7395884,550699535.0
2019-08-30,77.22941556,76.24976124,550699535.0
2019-09-02,76.24976124,80.33165423999999,550699535.0
2019-09-03,81.55622214,80.41329209999999,550699535.0
2019-09-04,79.5969135,80.49492996,550699535.0
2019-09-05,81.47458428,80.90311926,550699535.0
2019-09-06,80.8214814,82.37260074,550699535.0
2019-09-09,83.10734148,85.14828797999999,550699535.0
2019-09-10,85.14828797999999,83.6788065,550699535.0
2019-09-11,83.6788065,82.37260074,550699535.0
2019-09-12,83.27061719999999,85.719753,550699535.0
2019-09-16,85.80139086,86.04630443999999,550699535.0
2019-09-17,85.719753,81.88277357999999,550699535.0
2019-09-18,81.80113571999999,80.41329209999999,550699535.0
2019-09-19,80.90311926,83.18897933999999,550699535.0
2019-09-20,83.43389292,84.41354724,550699535.0
2019-09-23,83.92372008,82.78079004,550699535.0
2019-09-24,83.18897933999999,86.29121802,550699535.0
2019-09-25,84.9033744,82.37260074,550699535.0
2019-09-26,82.61751432,76.90286412,550699535.0
2019-09-27,76.82122626,76.90286412,550699535.0
2019-09-30,76.57631268,74.6986419,550699535.0
2019-10-08,74.6986419,73.474074,550699535.0
2019-10-09,72.90260898,74.37209046,550699535.0
2019-10-10,74.45372832,75.75993408,550699535.0
2019-10-11,75.75993408,74.86191762,550699535.0
2019-10-14,75.67829622,76.16812338,550699535.0
2019-10-15,75.92320980000001,73.71898757999999,550699535.0
2019-10-16,74.12717688000001,72.82097112,550699535.0
2019-10-17,72.57605754000001,73.14752256000001,550699535.0
2019-10-18,73.14752256000001,71.92295466,550699535.0
2019-10-21,71.92295466,72.24950609999999,550699535.0
2019-10-22,72.33114395999999,73.31079828,550699535.0
2019-10-23,73.14752256000001,72.82097112,550699535.0
2019-10-24,73.14752256000001,72.57605754000001,550699535.0
2019-10-25,72.33114395999999,72.98424684,550699535.0
2019-10-28,74.12717688000001,75.5150205,550699535.0
2019-10-29,75.92320980000001,73.474074,550699535.0
2019-10-30,73.39243614,72.41278181999999,550699535.0
2019-10-31,72.49441968000001,71.67804108,550699535.0
2019-11-01,71.67804108,72.41278181999999,550699535.0
2019-11-04,73.0658847,72.00459252,550699535.0
2019-11-05,72.57605754000001,71.8413168,550699535.0
2019-11-06,71.75967893999999,71.92295466,550699535.0
2019-11-07,71.35148964,71.92295466,550699535.0
2019-11-08,72.33114395999999,71.4331275,550699535.0
2019-11-11,70.86166247999999,68.41252668000001,550699535.0
2019-11-12,68.5758024,68.73907812,550699535.0
2019-11-13,67.51451021999999,67.75942380000001,550699535.0
2019-11-14,68.08597524,69.63709458,550699535.0
2019-11-15,69.47381886,68.49416454,550699535.0
2019-11-18,68.49416454,68.90235383999999,550699535.0
2019-11-19,68.82071598,70.37183531999999,550699535.0
2019-11-20,70.53511104,69.55545672,550699535.0
2019-11-21,69.47381886,70.12692174,550699535.0
2019-11-22,70.12692174,69.06562956,550699535.0
2019-11-25,69.06562956,68.08597524,550699535.0
2019-11-26,68.49416454,68.08597524,550699535.0
2019-11-27,68.08597524,68.24925096,550699535.0
2019-11-28,68.00433738,67.26959664,550699535.0
2019-11-29,67.26959664,67.75942380000001,550699535.0
2019-12-02,67.75942380000001,68.08597524,550699535.0
2019-12-03,67.59614807999999,68.5758024,550699535.0
2019-12-04,67.92269952000001,69.63709458,550699535.0
2019-12-05,69.31054314000001,70.29019746,550699535.0
2019-12-06,70.6167489,70.45347318,550699535.0
2019-12-09,70.78002462,70.86166247999999,550699535.0
2019-12-10,70.6167489,71.8413168,550699535.0
2019-12-11,71.67804108,71.4331275,550699535.0
2019-12-12,71.18821392000001,72.41278181999999,550699535.0
2019-12-13,73.22916042,73.0658847,550699535.0
2019-12-16,73.39243614,74.53536618000001,550699535.0
2019-12-17,74.45372832,74.61700404,550699535.0
2019-12-18,74.86191762,76.00484766000001,550699535.0
2019-12-19,75.67829622,75.59665835999999,550699535.0
2019-12-20,75.43338264,72.90260898,550699535.0
2019-12-23,72.90260898,71.75967893999999,550699535.0
2019-12-24,71.26985178000001,73.14752256000001,550699535.0
2019-12-25,73.22916042,74.61700404,550699535.0
2019-12-26,74.61700404,74.6986419,550699535.0
2019-12-27,74.45372832,76.24976124,550699535.0
2019-12-30,76.00484766000001,76.00484766000001,550699535.0
2019-12-31,74.61700404,74.37209046,550699535.0
2020-01-02,74.94355548,75.75993408,550699535.0
2020-01-03,76.08648552,77.22941556,550699535.0
2020-01-06,77.80088058,77.555967,550699535.0
2020-01-07,78.12743202,79.10708634,550699535.0
2020-01-08,79.1887242,81.06639498,550699535.0
2020-01-09,79.35199992000001,80.16837852,550699535.0
2020-01-10,80.41329209999999,78.3723456,550699535.0
2020-01-13,77.555967,79.02544848,550699535.0
2020-01-14,79.10708634,77.80088058,550699535.0
2020-01-15,77.88251844,78.04579416,550699535.0
2020-01-16,78.04579416,83.18897933999999,550699535.0
2020-01-17,81.63786,83.92372008,550699535.0
2020-01-20,84.74009868,89.801646,550699535.0
2020-01-21,89.96492171999999,92.82224681999999,550699535.0
2020-01-22,89.88328385999999,95.43465834,550699535.0
2020-01-23,92.6589711,90.37311102,550699535.0
2020-02-03,81.31130856,81.31130856,550699535.0
2020-02-04,73.14752256000001,80.8214814,550699535.0
2020-02-05,80.57656782,87.7606995,550699535.0
2020-02-06,86.1279423,89.23018098,550699535.0
2020-02-07,88.74035382,91.59767892,550699535.0
2020-02-10,91.35276533999999,90.29147316000001,550699535.0
2020-02-11,89.39345669999999,86.61776945999999,550699535.0
2020-02-12,86.1279423,93.63862542000001,550699535.0
2020-02-13,92.57733324,89.96492171999999,550699535.0
2020-02-14,90.20983530000001,93.883539,550699535.0
2020-02-17,96.98577768000001,98.04706986,550699535.0
2020-02-18,97.1490534,100.8227571,550699535.0
2020-02-19,99.35327562,104.33318507999999,550699535.0
2020-02-20,103.35353076,112.66024680000001,550699535.0
2020-02-21,110.86421388,109.39473240000001,550699535.0
2020-02-24,108.41507808,110.86421388,550699535.0
2020-02-25,106.70068302,108.98654309999999,550699535.0
2020-02-26,106.129218,98.29198344,550699535.0
2020-02-27,100.0063785,100.0063785,550699535.0
2020-02-28,94.2917283,90.6180246,550699535.0
2020-03-02,92.41405752,93.63862542000001,550699535.0
2020-03-03,95.59793406,95.76120978,550699535.0
2020-03-04,94.21009043999999,96.82250196,550699535.0
2020-03-05,97.96543199999999,98.29198344,550699535.0
2020-03-06,96.08776121999999,96.41431266000001,550699535.0
2020-03-09,93.883539,90.29147316000001,550699535.0
2020-03-10,88.49544024,96.98577768000001,550699535.0
2020-03-11,97.1490534,97.63888056,550699535.0
2020-03-12,94.61827974,96.00612336,550699535.0
2020-03-13,90.6180246,98.7818106,550699535.0
2020-03-16,99.5981892,92.41405752,550699535.0
2020-03-17,93.883539,92.2507818,550699535.0
2020-03-18,93.0671604,89.47509456,550699535.0
2020-03-19,89.55673242,90.94457604,550699535.0
2020-03-20,92.08750608,90.53638674,550699535.0
2020-03-23,87.3525102,81.47458428,550699535.0
2020-03-24,83.10734148,82.20932502000001,550699535.0
2020-03-25,84.08699580000001,83.51553078,550699535.0
2020-03-26,82.69915218000001,81.47458428,550699535.0
2020-03-27,83.27061719999999,80.33165423999999,550699535.0
2020-03-30,79.02544848,76.57631268,550699535.0
2020-03-31,77.63760486,75.43338264,550699535.0
2020-04-01,75.18846906,76.3313991,550699535.0
2020-04-02,75.59665835999999,79.35199992000001,550699535.0
2020-04-03,79.02544848,77.80088058,550699535.0
2020-04-07,79.67855136,82.0460493,550699535.0
2020-04-08,82.0460493,83.27061719999999,550699535.0
2020-04-09,83.76044436,84.00535794,550699535.0
2020-04-10,85.14828797999999,84.16863366,550699535.0
2020-04-13,83.10734148,85.22992583999999,550699535.0
2020-04-14,85.96466658,86.37285588,550699535.0
2020-04-15,86.37285588,85.96466658,550699535.0
2020-04-16,85.14828797999999,85.55647728000001,550699535.0
2020-04-17,86.37285588,84.9033744,550699535.0
2020-04-20,85.14828797999999,88.74035382,550699535.0
2020-04-21,89.801646,88.41380238,550699535.0
2020-04-22,86.78104518,89.31181884,550699535.0
2020-04-23,89.39345669999999,87.27087234,550699535.0
2020-04-24,86.69940731999999,84.33190938,550699535.0
2020-04-27,84.82173654,83.27061719999999,550699535.0
2020-04-28,83.59716864,80.33165423999999,550699535.0
2020-04-29,80.0051028,82.53587646,550699535.0
2020-04-30,83.43389292,86.20958016,550699535.0
2020-05-06,85.55647728000001,89.63837028,550699535.0
2020-05-07,90.04655958,88.90362954000001,550699535.0
2020-05-08,90.04655958,92.2507818,550699535.0
2020-05-11,92.74060895999999,91.8425925,550699535.0
2020-05-12,91.59767892,91.18948962,550699535.0
2020-05-13,90.6180246,91.35276533999999,550699535.0
2020-05-14,90.6180246,92.6589711,550699535.0
2020-05-15,92.98552254,91.18948962,550699535.0
2020-05-18,92.2507818,89.47509456,550699535.0
2020-05-19,89.801646,91.0262139,550699535.0
2020-05-20,90.94457604,86.78104518,550699535.0
2020-05-21,86.78104518,84.25027152,550699535.0
2020-05-22,84.25027152,84.41354724,550699535.0
2020-05-25,84.25027152,82.0460493,550699535.0
2020-05-26,82.53587646,84.33190938,550699535.0
2020-05-27,84.41354724,85.80139086,550699535.0
2020-05-28,84.9033744,84.82173654,550699535.0
2020-05-29,84.33190938,86.61776945999999,550699535.0
2020-06-01,87.3525102,90.6180246,550699535.0
2020-06-02,90.29147316000001,91.18948962,550699535.0
2020-06-03,91.10785176,91.18948962,550699535.0
2020-06-04,91.27112748,91.76095464000001,550699535.0
2020-06-05,92.33241966,91.59767892,550699535.0
2020-06-08,92.74060895999999,95.9244855,550699535.0
2020-06-09,95.5162962,96.41431266000001,550699535.0
2020-06-10,96.3326748,94.94483118000001,550699535.0
2020-06-11,94.61827974,97.1490534,550699535.0
2020-06-12,95.59793406,97.63888056,550699535.0
2020-06-15,98.04706986,92.41405752,550699535.0
2020-06-16,92.90388468,92.74060895999999,550699535.0
2020-06-17,92.49569538,91.8425925,550699535.0
2020-06-18,91.0262139,91.27112748,550699535.0
2020-06-19,91.10785176,93.39371184,550699535.0
2020-06-22,94.04681472,93.23043612,550699535.0
2020-06-23,95.02646904000001,89.96492171999999,550699535.0
2020-06-24,90.29147316000001,89.96492171999999,550699535.0
2020-06-29,89.63837028,88.82199168000001,550699535.0
2020-06-30,88.82199168000001,90.20983530000001,550699535.0
2020-07-01,90.45474888,89.63837028,550699535.0
2020-07-02,89.23018098,91.35276533999999,550699535.0
2020-07-03,91.18948962,92.00586822,550699535.0
2020-07-06,91.8425925,95.35302048,550699535.0
2020-07-07,97.1490534,96.49595052000001,550699535.0
2020-07-08,95.9244855,105.55775298,550699535.0
2020-07-09,107.51706161999999,113.4766254,550699535.0
2020-07-10,111.0274896,117.88506984,550699535.0
2020-07-13,118.374897,119.35455132,550699535.0
2020-07-14,118.78308630000001,114.293004,550699535.0
2020-07-15,115.27265831999999,108.1701645,550699535.0
2020-07-16,109.31309454000001,101.72077356000001,550699535.0
2020-07-17,101.47585998,102.94534146,550699535.0
2020-07-20,103.76172006,110.12947314,550699535.0
2020-07-21,109.88455956000001,106.70068302,550699535.0
2020-07-22,106.9455966,106.45576944,550699535.0
2020-07-23,105.39447726,109.39473240000001,550699535.0
2020-07-24,110.211111,110.6193003,550699535.0
2020-07-27,113.4766254,119.68110276,550699535.0
2020-07-28,117.1503291,113.96645256000001,550699535.0
2020-07-29,112.57860894,122.0486007,550699535.0
2020-07-30,126.13049369999999,119.92601633999999,550699535.0
2020-07-31,117.64015626,116.00739906000001,550699535.0
2020-08-03,116.82377766,124.33446078,550699535.0
2020-08-04,124.9059258,118.78308630000001,550699535.0
2020-08-05,122.94661716,125.64066654,550699535.0
2020-08-06,125.06920152000001,138.21289698,550699535.0
2020-08-07,139.60074060000002,148.49926734000002,550699535.0
2020-08-10,144.58065006,139.11091344,550699535.0
2020-08-11,134.702469,133.31462538,550699535.0
2020-08-12,131.51859246,127.11014802,550699535.0
2020-08-13,127.19178588,127.3550616,550699535.0
2020-08-14,126.29376942,130.620576,550699535.0
2020-08-17,131.51859246,134.94738258,550699535.0
2020-08-18,134.62083113999998,132.09005747999998,550699535.0
2020-08-19,130.04911098,124.4977365,550699535.0
2020-08-20,122.53842786,116.98705338,550699535.0
2020-08-21,117.9667077,117.5585184,550699535.0
2020-08-24,117.80343198,122.0486007,550699535.0
2020-08-25,124.9059258,119.92601633999999,550797012.0
2020-08-26,119.1912756,116.57886407999999,550797012.0
2020-08-27,117.5585184,121.2322221,550797012.0
2020-08-28,120.33420564000001,130.37566242,550797012.0
2020-08-31,132.49824678000002,134.2942797,550797012.0
2020-09-01,134.13100398,136.17195048,550797012.0
2020-09-02,134.2942797,139.11091344,550797012.0
2020-09-03,138.37617269999998,131.27367887999998,550797012.0
2020-09-04,128.25307806,132.17169534,550797012.0
2020-09-07,132.2533332,132.90643608000002,550797012.0
2020-09-08,132.33497106000002,128.49799164,550797012.0
2020-09-09,126.538683,130.37566242,550797012.0
2020-09-10,128.49799164,115.1093826,550797012.0
2020-09-11,113.80317683999999,118.21162128,550797012.0
2020-09-14,120.57911922,124.57937436,550797012.0
2020-09-15,126.13049369999999,129.96747312,550797012.0
2020-09-16,128.41635378,126.94687230000001,550797012.0
2020-09-17,125.64066654,130.53893814,550797012.0
2020-09-18,130.86548958,133.72281468,550797012.0
2020-09-21,132.2533332,133.64117682,550797012.0
2020-09-22,129.88583526,130.70221386,550797012.0
2020-09-23,131.27367887999998,129.3960081,550797012.0
2020-09-24,128.49799164,122.53842786,550797012.0
2020-09-25,124.4977365,122.8649793,550797012.0
2020-09-28,122.45679,119.68110276,550797012.0
2020-09-29,121.2322221,129.88583526,550797012.0
2020-09-30,129.15109452000002,130.86548958,550797012.0
2020-10-09,133.23298752,133.31462538,550797012.0
2020-10-12,134.78410686,137.23324266,550797012.0
2020-10-13,136.41686406,135.27393402,550797012.0
2020-10-14,136.09031262000002,134.2942797,550797012.0
2020-10-15,133.31462538,151.51986816,550797012.0
2020-10-16,147.92780232,147.60125087999998,550797012.0
2020-10-19,150.13202454,154.45883112,550797012.0
2020-10-20,152.6627982,150.86676528,550797012.0
2020-10-21,150.78512741999998,144.25409862,550797012.0
2020-10-22,143.6826336,142.62134142,550797012.0
2020-10-23,143.11116858,139.68237846,550797012.0
2020-10-26,140.17220562,141.47841137999998,550797012.0
2020-10-27,141.2334978,146.37668298,550797012.0
2020-10-28,144.09082289999998,145.31539080000002,550797012.0
2020-10-29,142.0498764,140.09056776,550797012.0
2020-10-30,140.4171192,132.2533332,550797012.0
2020-11-02,132.2533332,136.49850192,550797012.0
2020-11-03,135.9270369,138.62108628000001,550797012.0
2020-11-04,139.60074060000002,137.39651837999997,550797012.0
2020-11-05,138.94763772,138.62108628000001,550797012.0
2020-11-06,139.02927558000002,133.15134966,550797012.0
2020-11-09,134.78410686,138.86599986000002,550797012.0
2020-11-10,139.60074060000002,135.76376118,550797012.0
2020-11-11,135.51884760000002,132.90643608000002,550797012.0
2020-11-12,132.2533332,125.39575296,550797012.0
2020-11-13,125.7223044,128.1714402,550797012.0
2020-11-16,128.41635378,125.7223044,550797012.0
2020-11-17,125.23247724,123.68135790000001,550797012.0
2020-11-18,123.27316859999999,123.19153074,550797012.0
2020-11-19,123.19153074,130.2123867,550797012.0
2020-11-20,129.8041974,128.33471592,550797012.0
2020-11-23,128.74290521999998,127.43669946,550797012.0
2020-11-24,127.43669946,128.90618093999998,550797012.0
2020-11-25,129.06945666000001,126.538683,550797012.0
2020-11-26,125.39575296,130.37566242,550797012.0
2020-11-27,130.29402456,132.98807394,550797012.0
2020-11-30,132.98807394,132.41660892,550797012.0
2020-12-01,132.33497106000002,134.37591756,550797012.0
2020-12-02,134.37591756,133.31462538,550797012.0
2020-12-03,133.23298752,131.35531674,550797012.0
2020-12-04,131.35531674,129.31437024,550797012.0
2020-12-07,129.8041974,128.1714402,550797012.0
2020-12-08,129.23273238,126.94687230000001,550797012.0
2020-12-09,127.27342374,125.47739082,550797012.0
2020-12-10,125.47739082,126.62032085999999,550797012.0
2020-12-11,127.27342374,123.02825502,550797012.0
2020-12-14,124.00790934,127.68161304,550797012.0
2020-12-15,127.7632509,130.86548958,550797012.0
2020-12-16,129.88583526,128.5796295,550797012.0
2020-12-17,128.5796295,126.70195872,550797012.0
2020-12-18,127.27342374,130.29402456,550797012.0
2020-12-21,129.15109452000002,133.0697118,550797012.0
2020-12-22,132.2533332,131.35531674,550797012.0
2020-12-23,130.94712744,135.68212332000002,550797012.0
2020-12-24,135.84539904000002,140.58039492,550797012.0
2020-12-25,140.4171192,140.33548134,550797012.0
2020-12-28,140.8253085,140.25384348,550797012.0
2020-12-29,138.29453484,126.62032085999999,550797012.0
2020-12-30,126.62032085999999,128.49799164,550797012.0
2020-12-31,128.1714402,131.60023032,550797012.0
2021-01-04,132.90643608000002,134.45755541999998,550797012.0
2021-01-05,133.72281468,137.80470767999998,550797012.0
2021-01-06,136.98832908,138.21289698,550797012.0
2021-01-07,138.29453484,142.13151426,550797012.0
2021-01-08,144.33573648,148.66254306000002,550797012.0
2021-01-11,148.9890945,157.07124263999998,550797012.0
2021-01-12,153.56081465999998,156.00995046,550797012.0
2021-01-13,155.111934,152.49952248,550797012.0
2021-01-14,151.84641960000002,159.84692987999998,550797012.0
2021-01-15,157.64270765999999,153.23426322,550797012.0
2021-01-18,151.030041,151.60150602,550797012.0
2021-01-19,148.74418092,159.6020163,550797012.0
2021-01-20,157.5610698,166.54123439999998,550797012.0
2021-01-21,165.3166665,164.5002879,550797012.0
2021-01-22,163.27572,176.09286402,550797012.0
2021-01-25,176.17450187999998,167.357613,550797012.0
2021-01-26,168.01071588,145.88685582,550797012.0
2021-01-27,146.45832084,147.84616445999998,550797012.0
2021-01-28,144.49901219999998,137.96798339999998,550797012.0
2021-01-29,140.0089299,132.6615225,550797012.0
2021-02-01,132.98807394,136.3352262,550797012.0
2021-02-02,136.90669122,135.84539904000002,550797012.0
2021-02-03,135.76376118,128.82454307999998,550797012.0
2021-02-04,127.7632509,126.13049369999999,550797012.0
2021-02-05,126.78359658,125.06920152000001,550797012.0
2021-02-08,126.21213156,122.45679,550797012.0
2021-02-09,122.78334143999999,126.45704514,550797012.0
2021-02-10,127.19178588,126.94687230000001,550797012.0
2021-02-18,128.1714402,129.8041974,550797012.0
2021-02-19,129.64092168000002,133.47790110000003,550797012.0
2021-02-22,134.2942797,131.68186817999998,550797012.0
2021-02-23,129.8041974,132.98807394,550797012.0
2021-02-24,133.64117682,134.86574472,550797012.0
2021-02-25,136.00867476,139.60074060000002,550797012.0
2021-02-26,136.3352262,133.47790110000003,550797012.0
2021-03-01,133.0697118,140.17220562,550797012.0
2021-03-02,140.4171192,138.37617269999998,550797012.0
2021-03-03,138.37617269999998,137.39651837999997,550797012.0
2021-03-04,136.00867476,132.33497106000002,550797012.0
2021-03-05,130.620576,132.33497106000002,550797012.0
2021-03-08,132.2533332,124.98756366,550797012.0
2021-03-09,124.4977365,116.90541552,550797012.0
2021-03-10,118.374897,116.66050193999999,550797012.0
2021-03-11,117.23196696,122.53842786,550797012.0
2021-03-12,123.10989288,122.70170358,550797012.0
2021-03-15,122.13023856000001,120.4158435,550797012.0
2021-03-16,120.98730852,119.5994649,550797012.0
2021-03-17,118.70144844,121.80368711999999,550797012.0
2021-03-18,121.6404114,122.94661716,550797012.0
2021-03-19,120.49748136,123.84463362,550797012.0
2021-03-22,124.00790934,128.5796295,550797012.0
2021-03-23,127.27342374,123.51808218000001,553671796.0
2021-03-24,123.76299576,121.55877354,553671796.0
2021-03-25,121.6404114,120.25256778,553671796.0
2021-03-26,120.4158435,121.6404114,553671796.0
2021-03-29,125.06920152000001,123.59972004000001,553671796.0
2021-03-30,122.45679,128.08980234,553671796.0
2021-03-31,127.68161304,125.64066654,553671796.0
2021-04-01,125.64066654,127.3550616,553671796.0
2021-04-02,127.3550616,129.96747312,553671796.0
2021-04-06,130.94712744,131.19204102,553671796.0
2021-04-07,130.2123867,129.3960081,553671796.0
2021-04-08,129.55928382,133.64117682,553671796.0
2021-04-09,133.15134966,136.25358834000002,553671796.0
2021-04-12,136.3352262,137.88634554,553671796.0
2021-04-13,134.702469,137.64143196,553671796.0
2021-04-14,135.51884760000002,140.8253085,553671796.0
2021-04-15,139.19255130000002,138.37617269999998,553671796.0
2021-04-16,138.21289698,137.5597941,553671796.0
2021-04-19,136.25358834000002,137.96798339999998,553671796.0
2021-04-20,137.23324266,132.90643608000002,553671796.0
2021-04-21,132.49824678000002,133.23298752,553671796.0
2021-04-22,133.96772826,135.35557187999999,553671796.0
2021-04-23,134.53919328,134.62083113999998,553671796.0
2021-04-26,134.702469,128.90618093999998,553671796.0
2021-04-27,128.74290521999998,126.70195872,553671796.0
2021-04-28,126.94687230000001,129.8041974,553671796.0
2021-04-29,129.06945666000001,127.27342374,553671796.0
2021-04-30,126.78359658,127.43669946,553671796.0
2021-05-06,127.43669946,129.3960081,553671796.0
2021-05-07,128.82454307999998,125.64066654,553671796.0
2021-05-10,125.55902868000001,124.9059258,553671796.0
2021-05-11,125.3141151,130.2123867,553671796.0
2021-05-12,128.9878188,133.8860904,553671796.0
2021-05-13,133.0697118,134.04936612,553671796.0
2021-05-14,133.72281468,135.35557187999999,553671796.0
2021-05-17,135.27393402,133.96772826,553671796.0
2021-05-18,132.6615225,133.47790110000003,553671796.0
2021-05-19,133.39626324,135.68212332000002,553671796.0
2021-05-20,135.84539904000002,133.96772826,553671796.0
2021-05-21,133.72281468,132.49824678000002,553671796.0
2021-05-24,131.92678176,139.68237846,553671796.0
2021-05-25,140.4171192,140.58039492,553671796.0
2021-05-26,141.6416871,140.25384348,553671796.0
2021-05-27,139.76401632,140.98858422,553671796.0
2021-05-28,140.4171192,141.56004924,553671796.0
2021-05-31,141.96823854000002,149.64219738,553671796.0
2021-06-01,148.09107804,148.49926734000002,553671796.0
2021-06-02,147.60125087999998,143.11116858,553671796.0
2021-06-03,142.866255,140.0089299,553671796.0
2021-06-04,140.58039492,147.51961302,553671796.0
2021-06-07,149.64219738,149.3972838,553671796.0
2021-06-08,149.47892166,154.7037447,553671796.0
2021-06-09,155.111934,152.49952248,553671796.0
2021-06-10,151.68314388,152.90771178,553671796.0
2021-06-11,153.4791768,150.6218517,553671796.0
2021-06-15,149.07073236000002,151.43823030000001,553671796.0
2021-06-16,150.6218517,146.948148,553671796.0
2021-06-17,148.49926734000002,155.43848544,553671796.0
2021-06-18,154.94865828,157.5610698,553671796.0
2021-06-21,155.84667474,157.88762124,553671796.0
2021-06-22,157.88762124,154.29555539999998,553671796.0
2021-06-23,153.64245252,153.23426322,553671796.0
2021-06-24,153.8873661,146.45832084,553671796.0
2021-06-25,145.96849368,146.86651013999997,553671796.0
2021-06-28,146.78487228,148.00944017999998,553671796.0
2021-06-29,148.1727159,142.4580657,553671796.0
2021-06-30,142.53970356000002,146.21340726,553671796.0
2021-07-01,147.02978586,141.2334978,553671796.0
2021-07-02,141.39677352,141.80496282000001,553671796.0
2021-07-05,140.98858422,146.45832084,553671796.0
2021-07-06,145.56030438,147.60125087999998,553671796.0
2021-07-07,145.31539080000002,158.70399984000002,553671796.0
2021-07-08,158.3774484,159.11218914,553671796.0
2021-07-09,159.11218914,162.78589284,553671796.0
2021-07-12,163.52063358,166.37795867999998,553671796.0
2021-07-13,165.47994222,172.09260887999997,553671796.0
2021-07-14,170.86804098,166.21468296,553671796.0
2021-07-15,166.94942369999998,166.29632082,553671796.0
2021-07-16,167.27597513999999,193.64500392,553671796.0
2021-07-19,191.4407817,184.5015636,553671796.0
2021-07-20,183.11371997999998,185.97104508,553671796.0
2021-07-21,187.68544014,190.2162138,553671796.0
2021-07-22,193.15517676,192.17552243999998,553671796.0
2021-07-23,189.39983519999998,195.52267469999998,553671796.0
2021-07-26,196.66560474,202.95171996,553671796.0
2021-07-27,201.97206563999998,192.50207387999998,553671796.0
2021-07-28,186.9506994,184.17501216,553671796.0
2021-07-29,189.48147306,220.99368702,553685296.0
2021-07-30,228.586008,221.48351418,553685296.0
2021-08-02,224.91230430000002,248.50564584,553685296.0
2021-08-03,242.54608206,231.8515224,553685296.0
2021-08-04,229.64730018,233.97410676,553685296.0
2021-08-05,234.7088475,249.8118516,553685296.0
2021-08-06,244.91358,252.09771168,553685296.0
2021-08-09,246.38306148,239.1989298,553685296.0
2021-08-10,236.83143186,244.66866642,553685296.0
2021-08-11,241.64806560000002,243.19918493999998,553685296.0
2021-08-12,239.1989298,251.77116024,553685296.0
2021-08-13,253.89374460000002,261.32278986,553685296.0
2021-08-16,252.50590098,236.50488041999998,553685296.0
2021-08-17,235.19867466,229.07583516,553685296.0
2021-08-18,232.667901,238.87237836,553685296.0
2021-08-19,241.40315202,245.07685572,553685296.0
2021-08-20,244.75030428,242.8726335,553685296.0
2021-08-23,246.46469934,253.73046888,553685296.0
2021-08-24,244.91358,269.81312729999996,553685296.0
2021-08-25,268.42528368,263.69028779999996,553685296.0
2021-08-26,260.91460056,263.85356352,553685296.0
2021-08-27,258.46546476,261.48606558,553685296.0
2021-08-30,262.79227133999996,265.07813142,553685296.0
2021-08-31,263.52701208,289.814403,553685296.0
2021-09-01,292.2635388,284.01811494,553685296.0
2021-09-02,279.36475692,278.22182688,553685296.0
2021-09-03,280.09949766,258.87365406,553685296.0
2021-09-06,257.89399974,263.93520137999997,554837296.0
2021-09-07,262.54735775999995,261.6493413,556177296.0
2021-09-08,261.40442772,240.17858412,556177296.0
2021-09-09,242.4644442,234.95376108000002,556177296.0
2021-09-10,237.23962115999998,234.13738247999999,556177296.0
2021-09-13,234.54557178000002,226.62669936,556177296.0
2021-09-14,230.05548948,229.56566232,556177296.0
2021-09-15,228.66764586000002,225.56540718,556177296.0
2021-09-16,225.64704504,219.27929196,556177296.0
2021-09-17,222.70808208,220.58549772,556177296.0
2021-09-22,210.46240308,212.34007386000002,556177296.0
2021-09-23,214.13610678,217.1567076,556177296.0
2021-09-24,218.95274052,214.21774463999998,556177296.0
2021-09-27,214.7075718,204.5028393,556177296.0
2021-09-28,204.82939074,212.17679814,556177296.0
2021-09-29,210.29912736,201.89042778,556177296.0
2021-09-30,201.80878991999998,204.42120144,556177296.0
2021-10-08,205.97232078,202.70680638,556177296.0
2021-10-11,204.82939074,209.07455946,556177296.0
2021-10-12,209.07455946,201.23732489999998,556177296.0
2021-10-13,204.74775287999998,214.7075718,557751296.0
2021-10-14,213.40136604,214.78920965999998,557751296.0
2021-10-15,215.9321397,219.68748126,557751296.0
2021-10-18,217.89144834,220.34058413999998,557751296.0
2021-10-19,219.36092982,216.58524258,557751296.0
2021-10-20,216.58524258,220.25894628,557751296.0
2021-10-21,220.99368702,215.11576110000001,557751296.0
2021-10-22,216.50360472,215.19739896,557751296.0
2021-10-25,216.01377756,219.27929196,557751296.0
2021-10-26,218.78946480000002,226.1368722,557751296.0
2021-10-27,226.5450615,222.0549792,557751296.0
2021-10-28,222.0549792,214.54429608,557751296.0
2021-10-29,208.176543,199.03310267999998,557751296.0
2021-11-01,199.03310267999998,209.23783518,557751296.0
2021-11-02,211.0338681,218.13636191999998,557751296.0
2021-11-03,217.48325904,215.11576110000001,557751296.0
2021-11-04,215.68722612000002,215.85050184000002,557751296.0
2021-11-05,215.68722612000002,212.50334958000002,557751296.0
2021-11-08,211.68697097999998,211.27878167999998,557751296.0
2021-11-09,212.74826316,228.1778187,557751296.0
2021-11-10,228.74928372,224.74902858000002,557751296.0
2021-11-11,225.48376932000002,228.25945656000002,557751296.0
2021-11-12,227.60635367999998,239.1989298,557751296.0
2021-11-15,239.68875696,235.1170368,557751296.0
2021-11-16,235.5252261,236.99470758,557751296.0
2021-11-17,234.3006582,240.09694626,557751296.0
2021-11-18,240.831687,247.28107794,557751296.0
2021-11-19,251.28133308,244.58702856,557751296.0
2021-11-22,244.66866642,240.831687,557751296.0
2021-11-23,240.831687,238.95401622,557751296.0
2021-11-24,240.01530839999998,232.74953886,557751296.0
2021-11-25,232.83117672,229.64730018,557751296.0
2021-11-26,229.32074874,230.13712734,557751296.0
2021-11-29,219.6058434,199.27801626,557751296.0
2021-11-30,195.93086399999999,191.68569528,557751296.0
2021-12-01,190.62440310000002,188.1752673,557751296.0
2021-12-02,188.50181874,182.78716854,557751296.0
2021-12-03,183.03208212,184.9097529,557751296.0
2021-12-06,186.1343208,176.90924262000001,557751296.0
2021-12-07,178.46036196,172.90898748,557751296.0
2021-12-08,173.15390106,175.1132097,557751296.0
2021-12-09,174.86829612000002,181.15441134000002,557751296.0
2021-12-10,181.31768706,182.62389282,557751296.0
2021-12-13,183.03208212,183.685185,557751296.0
2021-12-14,182.86880639999998,188.66509446,557751296.0
2021-12-15,188.5834566,183.52190928000002,557751296.0
2021-12-16,183.52190928000002,182.13406565999998,557751296.0
2021-12-17,181.72587636,179.76656771999998,557751296.0
2021-12-20,179.03182698,179.03182698,557751296.0
2021-12-21,178.3787241,179.68492986,557751296.0
2021-12-22,179.35837841999998,178.46036196,557751296.0
2021-12-23,179.35837841999998,179.52165413999998,557751296.0
2021-12-24,179.52165413999998,173.64372821999999,557751296.0
2021-12-27,173.72536608000001,171.0313167,557751296.0
2021-12-28,171.439506,175.9295883,557751296.0
2021-12-29,175.9295883,177.1541562,557751296.0
2021-12-30,175.76631258,177.72562122,557751296.0
2021-12-31,177.80725908000002,181.07277348,557751296.0
2022-01-04,181.88915208,180.99113562000002,557751296.0
2022-01-05,180.90949776,175.76631258,557751296.0
2022-01-06,174.7050204,174.94993398,557751296.0
2022-01-07,173.88864180000002,169.72511093999998,557751296.0
2022-01-10,169.8067488,164.5002879,557751296.0
2022-01-11,164.82683934000002,163.19408213999998,557751296.0
2022-01-12,163.92882287999998,167.03106156,557751296.0
2022-01-13,166.94942369999998,161.39804922,557751296.0
2022-01-14,160.82658419999999,161.80623852,557751296.0
2022-01-17,161.96951424,165.23502864,557751296.0
2022-01-18,165.3166665,164.17373646,557751296.0
2022-01-19,163.35735786,158.54072412000002,557751296.0
2022-01-20,158.3774484,153.31590108,557751296.0
2022-01-21,151.76478174,151.84641960000002,557751296.0
2022-01-24,151.11167886,152.33624676,557751296.0
2022-01-25,152.33624676,146.948148,557751296.0
2022-01-26,146.86651013999997,148.00944017999998,557751296.0
2022-01-27,148.1727159,141.6416871,557751296.0
2022-01-28,143.11116858,144.9072015,557751296.0
2022-02-07,148.49926734000002,146.05013154,557751296.0
2022-02-08,146.05013154,147.60125087999998,557751296.0
2022-02-09,147.7645266,150.21366239999998,557751296.0
2022-02-10,150.21366239999998,149.3972838,557751296.0
2022-02-11,149.3972838,144.9072015,557751296.0
2022-02-14,145.31539080000002,148.33599162000002,557751296.0
2022-02-15,148.5809052,149.72383524,557751296.0
2022-02-16,149.3972838,148.74418092,557751296.0
2022-02-17,148.41762948,150.54021384,557751296.0
2022-02-18,149.64219738,150.78512741999998,557751296.0
2022-02-21,151.35659244,154.05064182,557751296.0
2022-02-22,154.21391754,150.54021384,557751296.0
2022-02-23,150.29530026,155.9283126,557751296.0
2022-02-24,154.29555539999998,161.31641136000002,557751296.0
2022-02-25,157.47943193999998,158.62236198,557751296.0
2022-02-28,159.193827,157.47943193999998,557751296.0
2022-03-01,159.52037844,160.33675704,557751296.0
2022-03-02,158.45908626,156.7446912,557751296.0
2022-03-03,156.7446912,152.41788462000002,557751296.0
2022-03-04,152.41788462000002,148.33599162000002,557751296.0
2022-03-07,148.41762948,144.17246076,557751296.0
2022-03-08,143.6826336,138.70272414,557751296.0
2022-03-09,139.60074060000002,131.51859246,557751296.0
2022-03-10,134.04936612,136.17195048,557751296.0
2022-03-11,135.1106583,142.29478998,557751296.0
2022-03-14,141.72332495999999,138.784362,557751296.0
2022-03-15,137.96798339999998,130.620576,557751296.0
2022-03-16,133.0697118,134.94738258,557751296.0
2022-03-17,136.49850192,139.27418916,557751296.0
2022-03-18,138.37617269999998,138.70272414,557751296.0
2022-03-21,144.49901219999998,144.66228791999998,557751296.0
2022-03-22,142.866255,141.88660068,557751296.0
2022-03-23,141.72332495999999,144.00918504,557751296.0
2022-03-24,142.37642784000002,140.09056776,557751296.0
2022-03-25,140.4171192,138.21289698,557751296.0
2022-03-28,136.82505336000003,135.43720974,557751296.0
2022-03-29,135.43720974,134.21264184,557751296.0
2022-03-30,134.702469,136.7434155,557751296.0
2022-03-31,136.09031262000002,134.62083113999998,557751296.0
2022-04-01,134.62083113999998,132.90643608000002,557751296.0
2022-04-06,132.49824678000002,131.19204102,557751296.0
2022-04-07,131.19204102,130.37566242,557751296.0
2022-04-08,130.53893814,128.25307806,557751296.0
2022-04-11,127.84488876,122.13023856000001,557751296.0
2022-04-12,122.37515214,124.82428793999999,557751296.0
2022-04-13,123.51808218000001,121.96696284,557751296.0
2022-04-14,122.0486007,122.70170358,557751296.0
2022-04-15,122.45679,123.68135790000001,557751296.0
2022-04-18,122.45679,125.23247724,557751296.0
2022-04-19,132.17169534,132.90643608000002,557213296.0
2022-04-20,130.94712744,135.68212332000002,557213296.0
2022-04-21,132.90643608000002,128.5796295,557213296.0
2022-04-22,130.620576,123.76299576,557213296.0
2022-04-25,120.74239494,114.37464186,557213296.0
2022-04-26,116.00739906000001,110.04783528,557213296.0
2022-04-27,107.43542376,116.7421398,557213296.0
2022-04-28,115.1093826,119.27291346,557213296.0
2022-04-29,120.08929206,127.51833731999999,557495653.0
2022-05-05,126.538683,130.94712744,557495653.0
2022-05-06,127.68161304,130.29402456,557495653.0
2022-05-09,128.33471592,132.09005747999998,557495653.0
2022-05-10,129.3960081,135.1106583,557495653.0
2022-05-11,134.94738258,135.60048546,557495653.0
2022-05-12,134.53919328,138.04962126,557495653.0
2022-05-13,138.21289698,138.62108628000001,557495653.0
2022-05-16,139.43746488,137.64143196,557495653.0
2022-05-17,137.80470767999998,138.70272414,557495653.0
2022-05-18,138.784362,137.1516048,557495653.0
2022-05-19,135.02902043999998,137.1516048,557495653.0
2022-05-20,137.23324266,140.33548134,557495653.0
2022-05-23,140.58039492,139.11091344,557495653.0
2022-05-24,139.11091344,132.09005747999998,557495653.0
2022-05-25,131.84514389999998,133.96772826,557495653.0
2022-05-26,134.62083113999998,141.07022208,557495653.0
2022-05-27,142.78461714,139.76401632,557495653.0
2022-05-30,139.68237846,141.72332495999999,557495653.0
2022-05-31,141.07022208,146.78487228,557495653.0
2022-06-01,145.39702866,145.31539080000002,557495653.0
2022-06-02,145.23375294,149.47892166,557495653.0
2022-06-06,150.21366239999998,151.43823030000001,557495653.0
2022-06-07,150.70348956,150.54021384,557495653.0
2022-06-08,150.70348956,151.43823030000001,557495653.0
2022-06-09,151.84641960000002,148.74418092,557495653.0
2022-06-10,147.7645266,155.5201233,557495653.0
2022-06-13,154.7037447,159.76529202,557495653.0
2022-06-14,157.23451836,158.05089696,557495653.0
2022-06-15,158.29581054,153.96900396,557495653.0
2022-06-16,153.56081465999998,153.15262536,557495653.0
2022-06-17,152.58116034,162.78589284,557495653.0
2022-06-20,163.84718502,168.25562946,557495653.0
2022-06-21,166.54123439999998,164.41865004000002,557495653.0
2022-06-22,165.3166665,159.43874058,557495653.0
2022-06-23,159.03055128,167.84744016,557495653.0
2022-06-24,167.11269941999998,166.45959654,557495653.0
2022-06-27,168.17399160000002,169.23528378,557495653.0
2022-06-28,168.33726732,171.8476953,557495653.0
2022-06-29,171.0313167,166.54123439999998,557495653.0
2022-06-30,168.91338624999997,168.83158799999998,557495653.0
2022-07-01,168.504395,163.269307,557495653.0
2022-07-04,163.1057105,164.49628074999998,557495653.0
2022-07-05,163.76009649999997,161.633342,557495653.0
2022-07-06,161.46974549999996,162.77851749999996,557495653.0
2022-07-07,163.51470174999997,164.65987724999997,557495653.0
2022-07-08,165.886851,167.3592195,557495653.0
2022-07-11,165.7232545,164.74167549999999,557495653.0
2022-07-12,166.0504475,159.67018399999998,557495653.0
2022-07-13,160.73356124999998,167.44101775,557810653.0
2022-07-14,166.13224574999998,174.47566724999996,557810653.0
2022-07-15,174.63926375,172.26711449999996,557810653.0
2022-07-18,173.00329874999997,171.36733374999997,557810653.0
2022-07-19,171.449132,182.08290449999998,557810653.0
2022-07-20,182.41009749999998,186.09101875,557810653.0
2022-07-21,184.70044849999996,180.36514125,557810653.0
2022-07-22,180.52873774999998,181.26492199999998,557810653.0
2022-07-25,181.34672025,176.60242175,557810653.0
2022-07-26,176.52062349999997,179.54715874999997,557810653.0
2022-07-27,178.97457099999997,181.59211499999998,557810653.0
2022-07-28,184.04606249999998,195.33422099999999,557810653.0
2022-07-29,194.5162385,194.02544899999998,557810653.0
2022-08-01,193.45286124999998,195.661414,557810653.0
2022-08-02,193.45286124999998,196.31579999999997,557810653.0
2022-08-03,192.30768575,204.08663374999998,557810653.0
2022-08-04,203.02325649999997,198.68794924999997,557810653.0
2022-08-05,196.72479124999998,203.841239,557810653.0
2022-08-08,202.69606349999998,213.984222,557810653.0
2022-08-09,212.67544999999998,212.67544999999998,557810653.0
2022-08-10,211.69387099999997,216.76536249999998,557810653.0
2022-08-11,216.76536249999998,219.79189774999998,557810653.0
2022-08-12,217.01075724999998,207.9311515,557810653.0
2022-08-15,207.19496724999996,204.74101975,557810653.0
2022-08-16,204.74101975,208.50373924999997,557810653.0
2022-08-17,210.22150249999999,206.6223795,557810653.0
2022-08-18,205.23180924999997,211.03948499999998,557810653.0
2022-08-19,213.08444125,215.78378349999997,557810653.0
2022-08-22,213.657029,220.28268724999998,557810653.0
2022-08-23,216.02917824999997,216.60176599999997,557810653.0
2022-08-24,217.99233624999997,212.348257,557810653.0
2022-08-25,211.69387099999997,210.712292,557810653.0
2022-08-26,212.59365174999996,215.45659049999998,557810653.0
2022-08-29,215.45659049999998,219.21930999999998,557810653.0
2022-08-30,220.03729249999998,199.17873874999998,557810653.0
2022-08-31,200.16031774999996,199.17873874999998,557810653.0
2022-09-01,198.19715975,209.40352,557810653.0
2022-09-02,207.27676549999998,227.56273149999998,557810653.0
2022-09-05,227.39913499999997,214.06602024999998,557810653.0
2022-09-06,214.31141499999998,218.56492399999996,557810653.0
2022-09-07,217.66514324999997,217.58334499999998,557810653.0
2022-09-08,215.53838875,226.33575775,557810653.0
2022-09-09,224.12720499999998,223.71821375,557810653.0
2022-09-13,223.30922249999998,229.77128424999998,557810653.0
2022-09-14,224.94518749999997,239.58707424999997,557810653.0
2022-09-15,238.68729349999998,238.44189874999998,557810653.0
2022-09-16,236.15154775,237.62391624999998,557810653.0
2022-09-19,239.42347774999996,240.48685499999996,557810653.0
2022-09-20,240.48685499999996,235.82435474999997,557810653.0
2022-09-21,235.82435474999997,227.39913499999997,557810653.0
2022-09-22,224.94518749999997,236.88773199999997,557810653.0
2022-09-23,235.57896,230.83466149999998,557810653.0
2022-09-26,229.03509999999997,231.73444224999997,557810653.0
2022-09-27,229.11689825,239.42347774999996,557810653.0
2022-09-28,238.85088999999996,229.77128424999998,557810653.0
2022-09-29,230.58926674999998,231.57084574999996,557810653.0
2022-09-30,229.8530825,211.85746749999996,557810653.0
2022-10-10,210.13970425,200.16031774999996,557810653.0
2022-10-11,200.0785195,203.75944074999998,557810653.0
2022-10-12,205.3136075,204.495625,557810653.0
2022-10-13,204.74101975,212.10286225,557810653.0
2022-10-14,213.657029,212.75724825,557810653.0
2022-10-17,211.36667799999998,204.08663374999998,557810653.0
2022-10-18,204.495625,205.88619525,557810653.0
2022-10-19,203.35044949999997,204.65922149999997,557810653.0
2022-10-20,202.85966,203.92303724999996,557810653.0
2022-10-21,203.35044949999997,206.04979175,557810653.0
2022-10-24,206.04979175,217.50154675,557810653.0
2022-10-25,216.1109765,227.56273149999998,557810653.0
2022-10-26,219.30110824999997,247.35790799999995,557810653.0
2022-10-27,251.12062749999998,238.3601005,557810653.0
2022-10-28,238.76909175,239.6688725,557810653.0
2022-10-31,239.6688725,242.53181124999998,557810653.0
2022-11-01,242.61360949999997,243.18619725,557810653.0
2022-11-02,243.18619725,237.46031975,557810653.0
2022-11-03,235.57896,252.59299599999997,557810653.0
2022-11-04,253.16558374999997,246.29453074999998,557810653.0
2022-11-07,244.57676749999996,235.98795124999998,557810653.0
2022-11-08,237.13312674999997,238.44189874999998,557810653.0
2022-11-09,238.52369699999997,238.0329075,557810653.0
2022-11-10,237.05132849999998,225.92676649999999,557810653.0
2022-11-11,230.83466149999998,227.80812625,557810653.0
2022-11-14,227.72632799999997,218.81031875,557810653.0
2022-11-15,218.81031875,222.00045049999997,557810653.0
2022-11-16,222.49123999999998,219.62830125,557810653.0
2022-11-17,219.0557135,221.67325749999998,557810653.0
2022-11-18,221.67325749999998,217.7469415,557810653.0
2022-11-21,215.94737999999998,217.82873974999998,557810653.0
2022-11-22,217.7469415,216.4381695,557810653.0
2022-11-23,217.58334499999998,214.965801,557810653.0
2022-11-24,214.47501149999997,208.91273049999998,557810653.0
2022-11-25,207.84935324999998,205.3136075,557810653.0
2022-11-28,202.94145824999998,204.74101975,557810653.0
2022-11-29,203.67764249999996,206.29518649999997,557810653.0
2022-11-30,205.804397,206.13159,557810653.0
2022-12-01,206.78597599999998,212.348257,557810653.0
2022-12-02,211.77566925,214.8022045,557810653.0
2022-12-05,214.8022045,210.79409024999998,557810653.0
2022-12-06,208.66733575,210.30330074999998,557810653.0
2022-12-07,208.50373924999997,206.9495725,557810653.0
2022-12-08,206.9495725,206.45878299999995,557810653.0
2022-12-09,205.72259874999997,206.70417774999999,557810653.0
2022-12-12,205.477204,206.54058124999997,557810653.0
2022-12-13,208.50373924999997,204.57742324999998,557810653.0
2022-12-14,206.70417774999999,209.73071299999998,557810653.0
2022-12-15,209.73071299999998,207.52216024999998,557810653.0
2022-12-16,205.88619525,203.10505474999997,557810653.0
2022-12-19,202.04167749999996,202.77786174999997,557810653.0
2022-12-20,202.85966,202.61426525,557810653.0
2022-12-21,201.30549324999998,194.352642,557810653.0
2022-12-22,195.33422099999999,189.85373825,557810653.0
2022-12-23,190.09913299999997,182.49189574999997,557810653.0
2022-12-26,183.71886949999998,190.50812424999998,557810653.0
2022-12-27,190.5899225,192.79847525,557810653.0
2022-12-28,191.81689624999999,190.2627295,557810653.0
2022-12-29,190.01733474999997,197.62457199999997,557810653.0
2022-12-30,197.62457199999997,200.4057125,557810653.0
2023-01-03,201.223695,210.22150249999999,557810653.0
2023-01-04,209.81251124999997,209.73071299999998,557810653.0
2023-01-05,210.38509899999997,212.67544999999998,557810653.0
2023-01-06,212.59365174999996,212.26645874999997,557810653.0
2023-01-09,211.44847625,208.91273049999998,557810653.0
2023-01-10,209.48531824999998,206.9495725,557810653.0
2023-01-11,206.21338824999998,203.18685299999999,558142365.0
2023-01-12,204.168432,201.30549324999998,562400365.0
2023-01-13,200.0785195,204.33202849999998,562400365.0
2023-01-16,204.41382674999997,212.51185349999997,562400365.0
2023-01-17,213.57523074999997,218.56492399999996,562400365.0
2023-01-18,217.41974849999997,219.71009949999998,562400365.0
2023-01-19,221.0188715,221.42786274999997,562400365.0
2023-01-20,220.6916785,220.11909074999997,562400365.0
2023-01-30,222.40944174999998,226.417556,562400365.0
2023-01-31,228.8715035,231.08005624999998,562400365.0
2023-02-01,229.44409124999999,234.76097749999997,562400365.0
2023-02-02,234.92457399999998,232.96141599999999,562400365.0
2023-02-03,231.24365274999997,235.57896,562400365.0
2023-02-06,235.41536349999998,236.96953024999996,562400365.0
2023-02-07,236.23334599999998,233.942995,562400365.0
2023-02-08,232.71602124999998,232.71602124999998,562400365.0
2023-02-09,231.57084574999996,236.7241355,562400365.0
2023-02-10,236.39694249999997,237.13312674999997,562400365.0
2023-02-13,234.76097749999997,236.23334599999998,562400365.0
2023-02-14,236.23334599999998,233.77939849999996,562400365.0
2023-02-15,233.77939849999996,231.57084574999996,562400365.0
2023-02-16,232.30702999999997,231.325451,562400365.0
2023-02-17,231.57084574999996,231.97983699999997,562400365.0
2023-02-20,232.14343349999996,235.57896,562400365.0
2023-02-21,235.57896,238.85088999999996,562400365.0
2023-02-22,238.0329075,245.64014475,562400365.0
2023-02-23,245.23115349999998,238.93268824999998,562400365.0
2023-02-24,239.6688725,246.376329,562400365.0
2023-02-27,246.376329,243.18619725,562400365.0
2023-02-28,243.84058324999998,245.067557,562400365.0
2023-03-01,244.740364,243.758785,562400365.0
2023-03-02,243.758785,241.87742525,562400365.0
2023-03-03,241.14124099999998,243.92238149999997,562400365.0
2023-03-06,243.431592,248.50308349999997,562400365.0
2023-03-07,248.66667999999996,244.00417974999996,562400365.0
2023-03-08,245.067557,262.40878599999996,562400365.0
2023-03-09,263.30856674999995,258.31887349999994,562400365.0
2023-03-10,254.63795224999996,250.71163624999997,562400365.0
2023-03-13,248.25768875,259.464049,562400365.0
2023-03-14,259.30045249999995,258.15527699999996,562400365.0
2023-03-15,257.90988225,255.21053999999998,562400365.0
2023-03-16,253.57457499999998,248.25768875,562400365.0
2023-03-17,248.33948699999996,246.13093424999997,562400365.0
2023-03-20,246.86711849999998,242.12282,562400365.0
2023-03-21,243.02260074999998,244.65856574999998,562400365.0
2023-03-22,249.48466249999998,238.93268824999998,562400365.0
2023-03-23,240.24146025,242.20461824999998,562400365.0
2023-03-24,240.73224974999997,234.84277575,562400365.0
2023-03-27,235.16996874999998,233.45220549999996,562400365.0
2023-03-28,233.12501249999997,232.47062649999998,562400365.0
2023-03-29,232.79781949999997,232.55242474999997,562400365.0
2023-03-30,232.30702999999997,240.32325849999998,562400365.0
2023-03-31,240.40505674999997,240.40505674999997,562400365.0
2023-04-03,240.40505674999997,240.89584624999998,562400365.0
2023-04-04,242.53181124999998,234.02479325,562400365.0
2023-04-06,232.38882825,235.16996874999998,562400365.0
2023-04-07,234.59738099999998,238.19650399999998,562400365.0
2023-04-10,238.11470574999998,233.69760025,562400365.0
2023-04-11,233.12501249999997,229.77128424999998,562400365.0
2023-04-12,230.5074685,231.89803874999998,562400365.0
2023-04-13,232.71602124999998,229.77128424999998,562400365.0
2023-04-14,229.77128424999998,228.05352099999996,562400365.0
2023-04-17,226.58115249999997,228.21711749999997,562400365.0
2023-04-18,227.07194199999998,224.37259974999998,562400365.0
2023-04-19,223.55461724999998,195.49781749999997,562400365.0
2023-04-20,194.5162385,194.84343149999998,562400365.0
2023-04-21,193.698256,190.2627295,562400365.0
2023-04-24,190.426326,191.08071199999998,562400365.0
2023-04-25,187.31799249999997,179.13816749999998,562400365.0
2023-04-26,177.25680775,183.22807999999998,562400365.0
2023-04-27,183.71886949999998,190.2627295,562400365.0
2023-04-28,189.2811505,189.85373825,562400365.0
2023-05-04,188.9539575,186.58180824999997,562400365.0
2023-05-05,185.845624,184.04606249999998,562400365.0
2023-05-08,184.12786075,186.09101875,562400365.0
2023-05-09,185.518431,180.52873774999998,562400365.0
2023-05-10,181.83750974999998,179.38356224999998,562400365.0
2023-05-11,179.71075524999998,177.992992,562400365.0
2023-05-12,177.25680775,174.31207074999998,562400365.0
2023-05-15,175.2118515,179.05636925,562400365.0
2023-05-16,178.64737799999997,176.76601824999997,562400365.0
2023-05-17,176.8478165,181.26492199999998,562400365.0
2023-05-18,180.937729,184.53685199999998,562400365.0
2023-05-19,184.70044849999996,187.23619424999998,562400365.0
2023-05-22,186.58180824999997,187.9723785,562400365.0
2023-05-23,187.56338724999998,183.47347474999998,562400365.0
2023-05-24,183.63707125,184.45505375,562400365.0
2023-05-25,184.78224674999998,184.29145724999998,562400365.0
2023-05-26,184.04606249999998,184.864045,562400365.0
2023-05-29,186.50000999999997,183.22807999999998,562400365.0
2023-05-30,183.22807999999998,182.81908875,562400365.0
2023-05-31,183.22807999999998,181.59211499999998,562400365.0
2023-06-01,181.01952724999998,181.42851849999997,562400365.0
2023-06-02,181.42851849999997,178.56557974999998,562400365.0
2023-06-05,178.40198324999997,185.518431,562400365.0
2023-06-06,186.82720299999997,161.06075425,562400365.0
2023-06-07,160.56996474999997,160.56996474999997,562400365.0
2023-06-08,161.71514025,157.62522775,562400365.0
2023-06-09,157.70702599999998,156.64364874999998,562400365.0
2023-06-12,156.39825399999998,155.00768374999998,562400365.0
2023-06-13,154.59869249999997,156.2346575,562400365.0
2023-06-14,156.15285924999998,154.02610474999997,562400365.0
2023-06-15,153.86250824999996,155.416675,562400365.0
2023-06-16,155.90746449999997,160.73356124999998,562400365.0
2023-06-19,160.8153595,162.20592974999997,562400365.0
2023-06-20,162.36952625,166.13224574999998,562400365.0
2023-06-21,165.31426324999998,161.14255249999997,562400365.0
2023-06-26,160.24277174999997,155.743868,562400365.0
2023-06-27,156.07106099999996,156.31645575,562400365.0
2023-06-28,156.39825399999998,154.18970124999998,562400365.0
2023-06-29,154.762289,157.46163124999998,562400365.0
2023-06-30,156.88904349999999,158.60680674999998,562400365.0
2023-07-03,156.64364874999998,159.91557874999998,562400365.0
2023-07-04,159.8337805,164.905272,562400365.0
2023-07-05,164.08728949999997,171.04014074999998,562400365.0
2023-07-06,169.56777225,168.01360549999998,562400365.0
2023-07-07,167.3592195,168.01360549999998,562400365.0
2023-07-10,163.5965,162.36952625,562400365.0
2023-07-11,164.33268424999997,165.31426324999998,562400365.0
2023-07-12,165.39606149999997,155.17128024999997,562400365.0
2023-07-13,155.90746449999997,153.94430649999998,562400365.0
2023-07-14,154.68049075,164.82347374999998,562400365.0
2023-07-17,164.33268424999997,167.60461424999997,562400365.0
2023-07-18,167.60461424999997,170.3039565,562400365.0
2023-07-19,171.449132,166.70483349999998,562400365.0
2023-07-20,167.19562299999998,166.54123699999997,562400365.0
2023-07-21,166.54123699999997,169.56777225,562400365.0
2023-07-24,168.9951845,169.40417574999998,562400365.0
2023-07-25,170.9583425,170.05856174999997,562400365.0
2023-07-26,169.07698274999998,168.504395,562400365.0
2023-07-27,168.83158799999998,169.3223775,562400365.0
2023-07-28,167.6864125,168.17720199999997,562400365.0
2023-07-31,167.52281599999998,175.702641,562400365.0
2023-08-01,175.702641,174.55746549999998,562400365.0
2023-08-02,174.066676,172.02171975,562400365.0
2023-08-03,171.449132,172.18531625,562400365.0
2023-08-04,171.69452674999997,175.78443924999996,562400365.0
2023-08-07,175.78443924999996,172.757904,562400365.0
2023-08-08,171.85812325,173.98487774999998,562400365.0
2023-08-09,172.83970225,174.31207074999998,562400365.0
2023-08-10,173.49408825,171.36733374999997,562400365.0
2023-08-11,171.121939,168.58619324999998,562400365.0
2023-08-14,166.86842999999996,166.45943875,562400365.0
2023-08-15,165.47785975,163.76009649999997,562400365.0
2023-08-16,163.76009649999997,166.29584224999996,562400365.0
2023-08-17,164.82347374999998,173.00329874999997,562400365.0
2023-08-18,173.085097,171.20373725,562400365.0
2023-08-21,172.26711449999996,168.91338624999997,562400365.0
2023-08-22,169.40417574999998,176.029834,562400365.0
2023-08-23,175.13005324999997,168.504395,562400365.0
2023-08-24,169.24057925,171.36733374999997,562400365.0
2023-08-25,170.46755299999998,164.4144825,562400365.0
2023-08-28,172.10351799999998,164.4144825,562400365.0
2023-08-29,163.5965,174.31207074999998,562400365.0
2023-08-30,173.49408825,174.393869,562400365.0
2023-08-31,173.98487774999998,172.757904,562400365.0
2023-09-01,172.67610574999998,178.89277274999998,562400365.0
2023-09-04,179.87435174999996,186.6636065,562400365.0
2023-09-05,184.864045,183.71886949999998,562400365.0
2023-09-06,183.47347474999998,188.29957149999998,562400365.0
2023-09-07,188.62676449999998,182.65549224999998,562400365.0
2023-09-08,183.06448349999997,192.062291,562400365.0
2023-09-11,190.2627295,185.68202749999998,562400365.0
2023-09-12,184.78224674999998,180.52873774999998,562400365.0
2023-09-13,180.36514125,178.97457099999997,562400365.0
2023-09-14,178.32018499999998,175.375448,562400365.0
2023-09-15,176.52062349999997,175.702641,562400365.0
2023-09-18,174.31207074999998,175.86623749999998,562400365.0
2023-09-19,174.88465849999997,167.3592195,562400365.0
2023-09-20,167.0320265,167.52281599999998,562400365.0
2023-09-21,166.86842999999996,167.27742124999997,562400365.0
2023-09-22,166.0504475,172.51250925,562400365.0
2023-09-25,171.85812325,169.89496524999998,562400365.0
2023-09-26,169.56777225,168.504395,562400365.0
2023-09-27,168.09540375,169.15878099999998,562400365.0
2023-09-28,169.3223775,172.18531625,562400365.0
2023-10-09,172.18531625,170.46755299999998,562400365.0
2023-10-10,170.46755299999998,174.066676,562400365.0
2023-10-11,173.24869349999997,172.92150049999998,562400365.0
2023-10-12,173.65768475,168.83158799999998,562400365.0
2023-10-13,169.73136874999997,164.578079,562400365.0
2023-10-16,164.905272,164.33268424999997,562400365.0
2023-10-17,164.33268424999997,169.24057925,562400365.0
2023-10-18,168.01360549999998,164.08728949999997,562400365.0
2023-10-19,164.00549124999998,163.5965,562400365.0
2023-10-20,162.942114,159.91557874999998,562400365.0
2023-10-23,157.95242075,149.85439399999998,562400365.0
2023-10-24,149.77259574999997,150.09978875,562400365.0
2023-10-25,150.26338525,151.89935025,562400365.0
2023-10-26,149.6907975,148.218429,562400365.0
2023-10-27,146.90965699999998,148.79101674999998,562400365.0
2023-10-30,147.97303424999998,175.2118515,562400365.0
2023-10-31,173.085097,169.89496524999998,562400365.0
2023-11-01,170.14036,174.393869,562400365.0
2023-11-02,176.27522875,168.9951845,562400365.0
2023-11-03,170.9583425,174.14847424999996,562400365.0
2023-11-06,175.86623749999998,174.31207074999998,562400365.0
2023-11-07,173.24869349999997,185.68202749999998,562400365.0
2023-11-08,194.5162385,189.77193999999997,562400365.0
2023-11-09,186.90900125,188.9539575,562400365.0
2023-11-10,187.31799249999997,188.29957149999998,562400365.0
2023-11-13,193.53465949999998,206.70417774999999,562400365.0
2023-11-14,204.495625,203.92303724999996,562400365.0
2023-11-15,203.92303724999996,203.67764249999996,562400365.0
2023-11-16,203.18685299999999,199.26053699999997,562400365.0
2023-11-17,197.29737899999998,199.66952824999998,562400365.0
2023-11-20,202.04167749999996,201.06009849999998,562400365.0
2023-11-21,200.32391424999997,193.04387,562400365.0
2023-11-22,191.98049274999997,188.05417674999998,562400365.0
2023-11-23,188.13597499999997,187.15439599999996,562400365.0
2023-11-24,187.07259775,188.87215924999998,562400365.0
2023-11-27,186.50000999999997,194.02544899999998,562400365.0
2023-11-28,193.86185249999997,195.007028,562400365.0
2023-11-29,194.679835,198.93334399999998,562400365.0
2023-11-30,197.95176499999997,192.55308049999996,562400365.0
2023-12-01,193.78005425,195.661414,562400365.0
2023-12-04,194.92522974999997,204.495625,562400365.0
2023-12-05,203.841239,194.76163324999996,562400365.0
2023-12-06,192.22588749999997,189.6083435,562400365.0
2023-12-07,189.03575574999996,191.98049274999997,562400365.0
2023-12-08,191.98049274999997,200.0785195,562400365.0
2023-12-11,197.62457199999997,197.54277374999998,562400365.0
2023-12-12,195.74321224999997,191.57150149999998,562400365.0
2023-12-13,190.99891374999999,183.3916765,562400365.0
2023-12-14,184.78224674999998,179.87435174999996,562400365.0
2023-12-15,181.26492199999998,175.04825499999998,562400365.0
2023-12-18,175.78443924999996,171.85812325,562400365.0
2023-12-19,171.53093024999998,170.54935125,562400365.0
2023-12-20,171.53093024999998,167.6864125,562400365.0
2023-12-21,166.13224574999998,171.20373725,562400365.0
2023-12-22,171.20373725,172.43071099999997,562400365.0
2023-12-25,171.77632499999999,175.86623749999998,562400365.0
2023-12-26,174.96645675,169.9767635,562400365.0
2023-12-27,169.40417574999998,171.53093024999998,562400365.0
2023-12-28,171.53093024999998,174.721062,562400365.0
2023-12-29,174.23027249999998,186.74540474999998,562400365.0
2024-01-02,186.3364135,179.13816749999998,562400365.0
2024-01-03,179.87435174999996,176.68421999999998,562400365.0
2024-01-04,176.27522875,173.73948299999998,562400365.0
2024-01-05,174.23027249999998,165.232465,562400365.0
2024-01-08,164.33268424999997,157.05263999999997,562400365.0
2024-01-09,157.5434295,157.21623649999998,562400365.0
2024-01-10,157.05263999999997,157.5434295,562400365.0
2024-01-11,157.05263999999997,159.91557874999998,562400365.0
2024-01-12,158.68860499999997,158.77040325,562400365.0
2024-01-15,157.8706225,152.471938,562400365.0
2024-01-16,152.471938,150.0179905,562400365.0
2024-01-17,150.18158699999998,146.25527099999996,562400365.0
2024-01-18,145.51908674999999,144.37391124999996,562400365.0
2024-01-19,144.619306,144.70110425,562400365.0
2024-01-22,146.41886749999998,135.37610375,562400365.0
2024-01-23,134.39452475,134.06733175,562400365.0
2024-01-24,134.96711249999998,135.37610375,562400365.0
2024-01-25,135.9486915,139.30241974999998,562400365.0
2024-01-26,138.402639,134.72171774999998,562400365.0
2024-01-29,133.74013875,125.39671725,562400365.0
2024-01-30,125.23312075,122.61557674999999,562400365.0
2024-01-31,117.38048874999998,116.88969924999998,562400365.0
2024-02-01,116.56250624999998,115.82632199999999,562400365.0
2024-02-02,115.41733074999999,108.87347075,562400365.0
2024-02-05,108.87347075,95.70395249999999,562400365.0
2024-02-06,94.14978574999999,103.14759324999999,562400365.0
2024-02-07,103.88377749999998,112.47259374999999,562400365.0
2024-02-08,111.81820774999998,116.15351499999998,562400365.0
2024-02-19,119.42544499999998,118.77105899999998,562400365.0
2024-02-20,116.9714975,121.22500649999999,562400365.0
2024-02-21,119.42544499999998,122.77917324999999,562400365.0
2024-02-22,123.1881645,128.914042,562400365.0
2024-02-23,129.241235,132.10417374999997,562400365.0
2024-02-26,131.36798949999996,132.67676149999997,562400365.0
2024-02-27,132.67676149999997,140.8565865,562400365.0
2024-02-28,140.365797,127.19627874999999,562400365.0
2024-02-29,124.74233124999999,134.6399195,562400365.0
2024-03-01,134.39452475,137.50285824999997,562400365.0
2024-03-04,138.23904249999998,136.76667399999997,562400365.0
2024-03-05,136.76667399999997,134.803516,562400365.0
2024-03-06,133.821937,134.14912999999999,562400365.0
2024-03-07,133.65834049999998,131.04079649999997,562400365.0
2024-03-08,131.77698074999998,149.93619224999998,562400365.0
2024-03-11,149.77259574999997,147.15505174999998,562400365.0
2024-03-12,147.31864825,145.4372885,562400365.0
2024-03-13,145.600885,150.59057825,562400365.0
2024-03-14,149.60899924999998,145.11009549999997,562400365.0
2024-03-15,145.19189375,146.41886749999998,562400365.0
2024-03-18,146.33706924999998,149.03641149999999,562400365.0
2024-03-19,148.0548325,148.62742025,562400365.0
2024-03-20,148.0548325,149.44540274999997,562400365.0
2024-03-21,149.44540274999997,148.54562199999998,562400365.0
2024-03-22,147.4004465,149.03641149999999,562400365.0
2024-03-25,146.582464,141.347376,562400365.0
2024-03-26,137.74825299999998,136.35768275,563355940.0
2024-03-27,136.68487575,125.96930499999999,563355940.0
2024-03-28,126.37829624999998,133.65834049999998,563355940.0
2024-03-29,132.92215625,141.18377949999999,563355940.0
2024-04-01,140.44759525,140.038604,563355940.0
2024-04-02,139.2206215,142.41075325,563355940.0
2024-04-03,141.51097249999998,145.19189375,563355940.0
2024-04-08,144.619306,135.785095,563355940.0
2024-04-09,137.42105999999998,139.05702499999998,563355940.0
2024-04-10,138.97522674999996,132.185972,563355940.0
2024-04-11,130.95899825,128.01426125,563355940.0
2024-04-12,128.01426125,127.60526999999999,563355940.0
2024-04-15,126.05110324999998,126.78728749999999,563355940.0
2024-04-16,125.88750674999999,112.30899724999999,563355940.0
2024-04-17,115.33553249999999,119.83443625,563355940.0
2024-04-18,119.83443625,119.01645375,563355940.0
2024-04-19,117.54408524999998,118.68926074999999,563355940.0
2024-04-22,116.9714975,124.41513825,563355940.0
2024-04-23,123.26996274999999,122.61557674999999,563355940.0
2024-04-24,121.14320824999999,133.74013875,563355940.0
2024-04-25,132.26777025,132.26777025,563355940.0
2024-04-26,132.59496325,137.66645474999999,563355940.0
2024-04-29,137.17566524999998,136.84847225,563355940.0
2024-04-30,136.84847225,134.14912999999999,563355940.0
2024-05-06,135.70329675,135.29430549999998,563355940.0
2024-05-07,135.457902,138.402639,563355940.0
2024-05-08,137.83005125,133.167551,563355940.0
2024-05-09,132.02237549999998,135.29430549999998,563355940.0
2024-05-10,135.37610375,130.14101574999998,563355940.0
2024-05-13,127.60526999999999,125.39671725,563355940.0
2024-05-14,126.95088399999999,125.56031374999999,563355940.0
2024-05-15,125.56031374999999,123.92434875,563355940.0
2024-05-16,124.41513825,124.16974349999998,563355940.0
2024-05-17,124.82412949999998,126.54189274999999,563355940.0
2024-05-20,127.60526999999999,128.34145424999997,563355940.0
2024-05-21,127.60526999999999,124.33333999999998,563355940.0
2024-05-22,125.06952424999999,125.64211199999998,563355940.0
2024-05-23,125.31491899999999,124.74233124999999,563355940.0
2024-05-24,125.23312075,120.24342749999998,563355940.0
2024-05-27,121.30680474999998,121.38860299999999,563355940.0
2024-05-28,121.47040124999998,121.47040124999998,563355940.0
2024-05-29,122.5337785,120.16162924999999,563355940.0
2024-05-30,118.60746249999998,121.22500649999999,563355940.0
2024-05-31,121.22500649999999,124.25154174999999,563355940.0
2024-06-03,125.56031374999999,130.8772,563355940.0
2024-06-04,128.17785775,127.932463,563355940.0
2024-06-05,127.19627874999999,128.0960595,563355940.0
2024-06-06,126.37829624999998,121.38860299999999,563355940.0
2024-06-07,122.61557674999999,121.715796,563355940.0
2024-06-11,121.715796,125.64211199999998,563355940.0
2024-06-12,126.05110324999998,127.85066474999999,563355940.0
2024-06-13,127.76886649999999,130.7136035,563355940.0
2024-06-14,130.550007,129.4048315,563355940.0
2024-06-17,128.99584025,129.7320245,563355940.0
2024-06-18,129.7320245,132.02237549999998,563355940.0
2024-06-19,131.6951825,130.222814,563355940.0
2024-06-20,129.32303324999998,126.78728749999999,563355940.0
2024-06-21,125.23312075,125.31491899999999,563355940.0
2024-06-24,124.41513825,118.2802695,563355940.0
2024-06-25,118.19847124999998,115.98991849999999,563355940.0
2024-06-26,116.48070799999999,122.370182,563355940.0
2024-06-27,122.5337785,117.9530765,563355940.0
2024-06-28,117.9530765,120.81601524999998,563355940.0
2024-07-01,121.47040124999998,121.14320824999999,563355940.0
2024-07-02,121.14320824999999,120.57062049999999,563355940.0
2024-07-03,119.83443625,119.26184849999999,563355940.0
2024-07-04,119.34364674999999,115.74452375,563355940.0
2024-07-05,116.15351499999998,116.15351499999998,563355940.0
2024-07-08,116.15351499999998,108.95526899999999,563355940.0
2024-07-09,108.87347075,111.65461124999999,563355940.0
2024-07-10,111.40921649999999,112.06360249999999,563355940.0
2024-07-11,114.10855874999999,113.12697974999999,563355940.0
2024-07-12,112.881585,109.77325149999999,563355940.0
2024-07-15,111.08202349999999,109.93684799999998,563355940.0
2024-07-16,108.79167249999999,107.97368999999999,563355940.0
2024-07-17,108.05548825,105.84693549999999,563355940.0
2024-07-18,105.11075124999999,107.07390924999999,563355940.0
2024-07-19,106.09233024999999,111.00022524999999,563355940.0
2024-07-22,110.1004445,112.79978674999998,563355940.0
2024-07-23,112.63619024999998,110.26404099999999,563355940.0
2024-07-24,110.01864624999999,108.21908475,563355940.0
2024-07-25,107.23750574999998,107.8100935,563355940.0
2024-07-26,109.44605849999999,113.29057624999999,563355940.0
2024-07-29,113.61776925,113.78136574999999,563355940.0
2024-07-30,113.0451815,115.90812024999998,563355940.0
2024-07-31,115.49912899999998,120.24342749999998,563355940.0
2024-08-01,119.83443625,121.715796,563355940.0
2024-08-02,120.32522575,118.2802695,563355940.0
2024-08-05,116.88969924999998,113.0451815,563355940.0
2024-08-06,114.59934824999999,116.80790099999999,563355940.0
2024-08-07,117.6258835,119.01645375,563355940.0
2024-08-08,118.36206775,115.00833949999999,563355940.0
2024-08-09,116.07171674999998,114.10855874999999,563355940.0
2024-08-12,113.12697974999999,111.40921649999999,563355940.0
2024-08-13,111.40921649999999,112.881585,563355940.0
2024-08-14,112.881585,110.75483049999998,563355940.0
2024-08-15,110.42763749999999,111.00022524999999,563355940.0
2024-08-16,111.572813,109.36426024999999,563355940.0
2024-08-19,108.87347075,109.52785675,563355940.0
2024-08-20,109.85504974999999,107.07390924999999,563355940.0
2024-08-21,106.992111,106.41952324999998,563355940.0
2024-08-22,106.74671624999999,105.356146,562850215.0
2024-08-23,105.60154075,104.53816349999998,563355940.0
2024-08-26,103.88377749999998,104.53816349999998,563355940.0
2024-08-27,103.88377749999998,101.75702299999999,563355940.0
2024-08-28,102.084216,102.32961074999999,563355940.0
2024-08-29,102.00241774999999,105.27434774999999,562850215.0
2024-08-30,105.11075124999999,107.56469874999999,562850215.0
2024-09-02,107.40110225,104.45636524999999,562850215.0
2024-09-03,104.04737399999999,106.010532,562850215.0
2024-09-04,105.51974249999999,104.78355825,562850215.0
2024-09-05,105.43794425,106.50132149999999,562850215.0
2024-09-06,106.50132149999999,104.04737399999999,562850215.0
2024-09-09,103.80197924999999,102.2478125,562850215.0
2024-09-10,102.65680375,103.88377749999998,562850215.0
2024-09-11,103.39298799999999,103.88377749999998,562850215.0
2024-09-12,104.29276875,103.22939149999998,562850215.0
2024-09-13,103.065795,101.2662335,562850215.0
2024-09-18,100.69364575,98.64868949999999,562850215.0
2024-09-19,98.97588249999998,101.51162824999999,562850215.0
2024-09-20,102.2478125,101.34803174999999,562850215.0
2024-09-23,101.75702299999999,104.61996174999999,562850215.0
2024-09-24,105.11075124999999,107.40110225,562850215.0
2024-09-25,108.1372865,107.4829005,562850215.0
2024-09-26,109.44605849999999,119.01645375,562850215.0
2024-09-27,120.24342749999998,126.13290149999999,562850215.0
2024-09-30,131.36798949999996,143.96492,562850215.0
2024-10-08,172.59430749999999,170.22215824999998,562850215.0
2024-10-09,160.651763,146.41886749999998,562850215.0
2024-10-10,148.13663075,142.90154274999998,562850215.0
2024-10-11,143.14693749999998,133.41294574999998,562850215.0
2024-10-14,134.55812124999997,143.71952524999998,562850215.0
2024-10-15,140.8565865,141.02018299999997,562850215.0
2024-10-16,139.05702499999998,144.78290249999998,562850215.0
2024-10-17,148.7092185,141.91996375,562850215.0
2024-10-18,140.5293935,147.4004465,562850215.0
2024-10-21,148.30022724999998,151.73575375,562850215.0
2024-10-22,151.32676249999997,147.89123599999996,562850215.0
2024-10-23,147.23684999999998,150.50877999999997,562850215.0
2024-10-24,148.87281499999997,145.68268324999997,562850215.0
2024-10-25,146.09167449999998,146.41886749999998,562850215.0
2024-10-28,145.600885,145.51908674999999,562850215.0
2024-10-29,146.00987625,142.656148,562850215.0
2024-10-30,142.656148,141.02018299999997,562850215.0
2024-10-31,141.51097249999998,142.81974449999998,562850215.0
2024-11-01,142.32895499999998,134.72171774999998,562850215.0
2024-11-04,134.72171774999998,147.72763949999998,562850215.0
2024-11-05,147.15505174999998,162.942114,562850215.0
2024-11-06,162.77851749999996,166.54123699999997,562850215.0
2024-11-07,163.67829825,171.449132,562850215.0
2024-11-08,171.93992149999997,179.7925535,562850215.0
2024-11-11,186.50000999999997,188.62676449999998,562850215.0
2024-11-12,187.89058024999997,188.62676449999998,562850215.0
2024-11-13,188.54496625,187.56338724999998,562850215.0
2024-11-14,184.94584324999997,185.518431,562850215.0
2024-11-15,186.172817,192.96207174999998,562850215.0
2024-11-18,195.8250105,177.82939549999998,562850215.0
2024-11-19,179.95614999999998,183.96426424999996,562850215.0
2024-11-20,183.96426424999996,210.05790599999997,562850215.0
2024-11-21,208.01294975,207.27676549999998,562850215.0
2024-11-22,205.96799349999998,193.45286124999998,562850215.0
2024-11-25,193.04387,187.80878199999998,562850215.0
2024-11-26,191.24430849999996,184.864045,562850215.0
2024-11-27,183.30987825,195.25242275,562850215.0
2024-11-28,193.53465949999998,189.19935224999998,566043415.0
2024-11-29,189.2811505,192.88027349999996,566043415.0
2024-12-02,191.89869449999998,199.42413349999998,566043415.0
2024-12-03,199.34233525,194.92522974999997,566043415.0
2024-12-04,198.68794924999997,201.06009849999998,566043415.0
2024-12-05,200.16031774999996,218.64672224999998,566043415.0
2024-12-06,220.52808199999998,213.24803774999998,566043415.0
2024-12-09,212.021064,203.10505474999997,566043415.0
2024-12-10,211.03948499999998,204.168432,566043415.0
2024-12-11,204.08663374999998,206.86777424999997,566043415.0
2024-12-12,207.60395849999998,207.60395849999998,566043415.0
2024-12-13,205.55900224999996,196.39759825,566043415.0
2024-12-16,197.05198424999998,190.67172074999996,566043415.0
2024-12-17,192.14408924999998,183.06448349999997,566043415.0
2024-12-18,183.22807999999998,183.71886949999998,566043415.0
2024-12-19,181.67391325,185.0276415,566043415.0
2024-12-20,185.0276415,192.22588749999997,566043415.0
2024-12-23,191.81689624999999,185.35483449999998,566043415.0
2024-12-24,187.39979075,188.05417674999998,566043415.0
2024-12-25,186.50000999999997,185.10943974999998,566043415.0
2024-12-26,185.10943974999998,186.50000999999997,566043415.0
2024-12-27,187.15439599999996,187.39979075,566043415.0
2024-12-30,185.68202749999998,185.191238,566043415.0
2024-12-31,185.518431,177.1750095,566043415.0
2025-01-02,177.09321124999997,168.17720199999997,566043415.0
2025-01-03,161.14255249999997,142.983341,566043415.0
2025-01-06,144.45570949999998,134.06733175,566043415.0
2025-01-07,134.06733175,138.64803374999997,566043415.0
2025-01-08,137.99364775,136.2758845,566043415.0
2025-01-09,136.19408624999997,139.13882325,566043415.0
2025-01-10,138.48443724999998,135.37610375,566043415.0
2025-01-13,133.74013875,134.96711249999998,566043415.0
2025-01-14,137.01206875,144.53750775,566043415.0
2025-01-15,145.11009549999997,142.24715675,566043415.0
2025-01-16,143.47413049999997,142.32895499999998,566043415.0
2025-01-17,141.10198125,142.00176199999999,566043415.0
2025-01-20,143.55592875,140.93838474999998,566043415.0
2025-01-21,141.59277074999997,140.69298999999998,566043415.0
2025-01-22,139.8750075,138.81163024999998,566043415.0
2025-01-23,140.5293935,138.48443724999998,566043415.0
2025-01-24,138.402639,141.10198125,566043415.0
2025-01-27,142.57434974999998,136.84847225,566043415.0
2025-02-05,139.8750075,141.18377949999999,566043415.0
2025-02-06,141.51097249999998,149.20000799999997,566043415.0
2025-02-07,151.163166,151.163166,566043415.0
2025-02-10,151.32676249999997,155.66206975,566043415.0
2025-02-11,154.435096,152.55373625,566043415.0
2025-02-12,151.98114849999996,155.17128024999997,566043415.0
2025-02-13,155.2530785,152.06294674999998,566043415.0
2025-02-14,150.9995695,152.06294674999998,566043415.0
2025-02-17,152.39013974999997,153.37171874999999,566043415.0
2025-02-18,152.71733275,146.25527099999996,566043415.0
2025-02-19,146.25527099999996,152.22654325,566043415.0
2025-02-20,152.22654325,153.94430649999998,566043415.0
2025-02-21,153.94430649999998,157.46163124999998,566043415.0
2025-02-24,158.27961375,156.2346575,566043415.0
2025-02-25,153.78071,155.2530785,566043415.0
2025-02-26,155.82566624999998,155.743868,566043415.0
2025-02-27,155.82566624999998,153.86250824999996,566043415.0
2025-02-28,152.39013974999997,143.47413049999997,566043415.0
2025-03-03,143.47413049999997,144.78290249999998,566043415.0
2025-03-04,147.23684999999998,156.2346575,566043415.0
2025-03-05,154.435096,164.82347374999998,566043415.0
2025-03-06,164.82347374999998,165.886851,566043415.0
2025-03-07,165.232465,166.0504475,566043415.0
2025-03-10,167.19562299999998,172.43071099999997,566043415.0
2025-03-11,168.01360549999998,179.54715874999997,566043415.0
2025-03-12,181.67391325,176.92961474999998,566043415.0
2025-03-13,175.86623749999998,177.74759724999998,566043415.0
2025-03-14,177.91119375,173.49408825,566043415.0
2025-03-17,174.63926375,171.20373725,566043415.0
2025-03-18,170.87654425,169.56777225,566043415.0
2025-03-19,169.15878099999998,169.48597399999997,566043415.0
2025-03-20,168.34079849999998,167.93180725,566043415.0
2025-03-21,166.95022824999998,163.269307,566043415.0
2025-03-24,162.61492099999998,156.31645575,566043415.0
2025-03-25,155.416675,157.37983299999996,566043415.0
2025-03-26,156.64364874999998,155.00768374999998,566043415.0
2025-03-27,154.59869249999997,154.35329775,566043415.0
2025-03-28,154.18970124999998,151.89935025,566043415.0
2025-03-31,150.6723765,148.0548325,566043415.0
2025-04-01,148.95461325,149.20000799999997,566043415.0
2025-04-02,148.87281499999997,148.3820255,566043415.0
2025-04-03,147.15505174999998,147.31864825,566043415.0
2025-04-07,141.51097249999998,117.87127824999999,566043415.0
2025-04-08,119.99803275,125.15132249999999,566043415.0
2025-04-09,124.33333999999998,134.14912999999999,566043415.0
2025-04-10,136.19408624999997,135.04891075,566043415.0
2025-04-11,133.24934925,142.4925515,566043415.0
2025-04-14,142.90154274999998,141.18377949999999,566043415.0
2025-04-15,139.79320925,138.81163024999998,566043415.0
2025-04-16,137.50285824999997,135.37610375,566043415.0
2025-04-17,134.3127265,134.3127265,566043415.0
2025-04-18,133.494744,134.39452475,566043415.0
2025-04-21,135.37610375,136.52127925,566043415.0
2025-04-22,135.785095,134.803516,566043415.0
2025-04-23,134.803516,135.37610375,566043415.0
2025-04-24,134.96711249999998,131.94057725,566043415.0
2025-04-25,131.36798949999996,132.02237549999998,566043415.0
2025-04-28,132.185972,130.95899825,566043415.0
2025-04-29,129.65022624999997,131.77698074999998,566043415.0
2025-04-30,131.858779,133.3311475,566043415.0
2025-05-06,134.803516,138.64803374999997,566043415.0
2025-05-07,140.61119175,141.83816549999997,566043415.0
2025-05-08,142.08356025,147.97303424999998,566043415.0
2025-05-09,148.30022724999998,144.53750775,566043415.0
2025-05-12,144.53750775,150.6723765,566043415.0
2025-05-13,151.32676249999997,146.41886749999998,566043415.0
2025-05-14,146.41886749999998,144.946499,566043415.0
2025-05-15,144.946499,141.83816549999997,566043415.0
2025-05-16,141.51097249999998,140.8565865,566043415.0
2025-05-19,141.26557774999998,142.656148,566043415.0
2025-05-20,142.41075325,141.83816549999997,566043415.0
2025-05-21,141.75636724999998,140.8565865,566043415.0
2025-05-22,140.5293935,140.77478825,566043415.0
2025-05-23,139.95680574999997,137.17566524999998,566043415.0
2025-05-26,137.66645474999999,140.77478825,566043415.0
2025-05-27,140.44759525,143.14693749999998,566043415.0
2025-05-28,142.32895499999998,141.91996375,566043415.0
2025-05-29,142.08356025,144.619306,566043415.0
2025-05-30,143.96492,144.946499,566043415.0
2025-06-03,143.96492,148.87281499999997,566043415.0
2025-06-04,148.95461325,146.09167449999998,566043415.0
2025-06-05,146.25527099999996,147.15505174999998,566043415.0
2025-06-06,147.15505174999998,150.0179905,566043415.0
2025-06-09,150.18158699999998,166.0504475,566043415.0
2025-06-10,168.09540375,164.98707025,566043415.0
2025-06-11,166.0504475,165.39606149999997,566043415.0
2025-06-12,165.64145624999998,166.37764049999998,566043415.0
2025-06-13,166.54123699999997,166.37764049999998,566043415.0
2025-06-16,164.74167549999999,169.15878099999998,566043415.0
2025-06-17,169.3223775,174.066676,566043415.0
2025-06-18,172.343241,173.73840057,566043415.0
2025-06-19,173.24599131,171.60462711,566043415.0
2025-06-20,172.343241,168.15776229,566043415.0
2025-06-23,166.5984663,168.97844439,566043415.0
2025-06-24,167.74742124,168.73223975999997,566043415.0
2025-06-25,168.23983049999998,170.86601321999999,566043415.0
2025-06-26,170.45567216999999,174.55908266999998,566043415.0
2025-06-27,175.62596939999997,183.50451755999998,566043415.0
2025-06-30,184.6534725,185.72035922999999,566043415.0
2025-07-01,185.96656386,186.21276849,566043415.0
2025-07-02,186.62310953999997,181.20660768,566043415.0
2025-07-03,180.79626663,183.17624472,566043415.0
2025-07-04,183.58658577,183.34038114,566043415.0
2025-07-07,183.17624472,179.31903885,566043415.0
2025-07-08,178.49835675,182.10935799,566043415.0
2025-07-09,181.94522157,180.30385736999997,566043415.0
2025-07-10,180.30385736999997,180.550062,566043415.0
2025-07-11,181.20660768,180.87833483999998,566043415.0
2025-07-14,180.87833483999998,181.94522157,566043415.0
2025-07-15,181.3707441,183.09417650999998,566043415.0
2025-07-16,183.58658577,178.25215211999998,566043415.0
2025-07-17,177.10319717999997,182.93004008999998,566043415.0
2025-07-18,182.43763083,181.12453947,566043415.0
2025-07-21,181.12453947,179.72937989999997,566043415.0
2025-07-22,179.72937989999997,177.67767464999997,566043415.0
2025-07-23,175.79010582,176.20044686999998,566043415.0
2025-07-24,176.20044686999998,174.64115088,566043415.0
2025-07-25,174.72321909,171.85083174000002,566043415.0
2025-07-28,171.52255889999998,175.13356014,566043415.0
2025-07-29,174.39494625,176.77492433999998,566043415.0
2025-07-30,176.4466515,177.02112897,566043415.0
2025-07-31,175.70803761,176.52871971000002,566043415.0
